class,instances
Q13442814,4861842
Q4167836,4049094
Q5,3562978
Q16521,2213939
Q4167410,1219877
Q11266439,857910
Q7187,679372
Q13100073,588487
Q8502,474982
Q8054,450786
Q486972,408406
Q4022,387286
Q54050,293037
Q532,292180
Q79007,272070
Q13406463,260609
Q17329259,254104
Q3305213,224912
Q101352,218067
Q23397,213989
Q17633526,210542
Q482994,200588
Q11424,198056
Q355304,174781
Q11173,156724
Q4830453,132223
Q47521,120146
Q5084,119325
Q23442,118303
Q41176,108419
Q16970,105363
Q3863,102686
Q571,92226
Q985488,89890
Q2225692,84522
Q3947,82244
Q134556,81049
Q55488,80887
Q427087,72108
Q215380,62815
Q19389637,61281
Q2341654,60650
Q39816,60206
Q34442,55198
Q1539532,54127
Q23038290,53568
Q3558970,51830
Q4423781,46639
Q5398426,43752
Q5633421,42624
Q26211545,41786
Q12323,40252
Q7366,39346
Q277338,39257
Q484170,38473
Q43229,37627
Q15416,37426
Q5185279,37250
Q9842,37110
Q124714,36983
Q24529780,36197
Q34023,35786
Q253019,33711
Q27020041,33707
Q179700,33535
Q811979,33444
Q7889,33172
Q18340514,33121
Q23925393,32031
Q2996394,31302
Q476028,31003
Q489357,30785
Q17343829,30172
Q5783996,27956
Q11753321,26541
Q21672098,26386
Q192287,26018
Q13220204,25435
Q1248784,24615
Q14350,24404
Q34763,24371
Q187971,23727
Q20900710,23146
Q9826,22623
Q123705,22508
Q3257686,22271
Q30198,21850
Q12284,21811
Q41298,21221
Q22698,21127
Q417841,20912
Q515,20743
Q176799,20689
Q24046192,20547
Q93184,20415
Q17519152,19998
Q11446,19814
Q21191270,19793
Q735428,19605
Q2514025,19208
Q634099,19142
Q33506,18950
Q187223,18858
Q191067,18783
Q3914,18426
Q42195,18258
Q12308941,18100
Q1529096,17521
Q2593777,17317
Q2042028,17196
Q860861,17179
Q2334719,17129
Q740445,17067
Q39594,17037
Q17018380,16699
Q482,16228
Q19692072,16206
Q7321974,15689
Q23413,15593
Q1002697,15580
Q4164871,15566
Q7725634,15444
Q618779,15230
Q7278,15150
Q839954,15107
Q11032,14834
Q39614,14688
Q207326,14688
Q15632617,14517
Q20667187,14251
Q222910,13964
Q50231,13911
Q11060274,13822
Q20541692,13727
Q459297,13576
Q3918,13434
Q3957,13234
Q131681,13185
Q12280,13078
Q506240,13076
Q523,12903
Q732577,12658
Q1500350,12439
Q95074,12337
Q3331189,12178
Q209939,12075
Q102496,11909
Q7397,11888
Q14204246,11605
Q8274,11599
Q24862,11579
Q262166,11225
Q178561,11108
Q18663566,11105
Q965568,11086
Q26267864,11012
Q1115575,10923
Q11879590,10736
Q847017,10635
Q169930,10627
Q318,10575
Q2732840,10397
Q166735,10234
Q46831,10139
Q179049,10132
Q4414033,10120
Q21199,10106
Q498162,10047
Q2389082,10020
Q751876,9994
Q207524,9975
Q163740,9879
Q40231,9782
Q3464665,9697
Q184358,9635
Q21286738,9619
Q898273,9581
Q12136,9576
Q3700011,9555
Q310890,9504
Q618123,9436
Q14860489,9413
Q16917,9386
Q728937,9324
Q40080,9061
Q1497375,8962
Q34770,8953
Q25379,8747
Q108325,8624
Q16560,8615
Q159334,8582
Q46686,8449
Q35127,8411
Q928830,8353
Q14659,8350
Q13417114,8332
Q29701762,8332
Q17051044,8318
Q4421,8225
Q327333,8211
Q2074737,8135
Q226730,8127
Q747074,8115
Q10870555,7897
Q27686,7894
Q479053,7775
Q26840222,7738
Q44613,7256
Q34038,7255
Q986065,7232
Q15303838,7174
Q3231690,7131
Q133056,6972
Q202444,6934
Q7075,6928
Q17362920,6927
Q4663903,6900
Q41710,6788
Q101687,6760
Q30092776,6748
Q18536594,6708
Q18127,6677
Q4285979,6629
Q577,6569
Q2023000,6559
Q1077097,6507
Q820477,6500
Q1134686,6483
Q3395377,6457
Q149566,6456
Q273057,6451
Q35666,6392
Q12488913,6276
Q5153359,6260
Q174782,6199
Q1620797,6199
Q1616075,6168
Q2085381,6072
Q15127012,6051
Q28197061,5982
Q3937,5926
Q205892,5874
Q32815,5827
Q41253,5806
Q3887,5739
Q5691113,5708
Q14660,5679
Q398141,5659
Q736917,5620
Q160091,5591
Q48204,5589
Q23927052,5586
Q3184121,5569
Q185113,5513
Q101401,5499
Q811534,5497
Q24354,5492
Q207628,5404
Q1076486,5396
Q19832486,5343
Q18123885,5197
Q1555508,5134
Q3950,5123
Q18123880,5114
Q1302249,5108
Q18761202,5098
Q4989906,5067
Q39715,5045
Q180684,5041
Q13366104,5026
Q13366129,5009
Q483110,5005
Q2334148,4929
Q16466010,4917
Q5393308,4849
Q16887036,4822
Q1131296,4782
Q184188,4754
Q3240003,4735
Q49084,4731
Q20871353,4630
Q13219666,4617
Q35509,4579
Q15630849,4545
Q3812392,4529
Q83620,4523
Q1344,4494
Q28640,4474
Q473972,4451
Q28337,4451
Q46970,4435
Q87167,4428
Q1142192,4422
Q333291,4416
Q14839548,4409
Q10855242,4382
Q8047,4344
Q11315,4334
Q879050,4332
Q210723,4312
Q2831984,4300
Q1040689,4288
Q15221623,4229
Q28373319,4218
Q1210950,4196
Q2438638,4171
Q211748,4163
Q5707594,4155
Q8436,4140
Q2385804,4127
Q2088357,4124
Q11303,4054
Q1656682,4017
Q5058355,4017
Q811430,4016
Q34795826,3976
Q13226383,3963
Q125191,3936
Q26895936,3936
Q13406554,3934
Q786820,3931
Q28111,3918
Q585956,3917
Q20010800,3914
Q19730508,3909
Q17146139,3880
Q4671277,3874
Q19692233,3854
Q932698,3849
Q759421,3835
Q13221722,3796
Q17370328,3785
Q1338798,3760
Q5890494,3759
Q17489143,3741
Q192611,3712
Q3292203,3701
Q860792,3688
Q212198,3657
Q22988604,3637
Q52371,3623
Q868557,3612
Q10508452,3608
Q191360,3583
Q17524420,3531
Q207694,3524
Q277760,3494
Q484692,3483
Q187685,3482
Q845945,3472
Q34207295,3467
Q2001305,3441
Q858157,3439
Q12518,3438
Q28912853,3435
Q4504495,3427
Q16510064,3419
Q10145,3403
Q1530705,3388
Q1723032,3361
Q1484611,3358
Q4976993,3345
Q131596,3329
Q70208,3314
Q7241458,3307
Q208820,3290
Q2983893,3287
Q1081138,3253
Q12973014,3245
Q15642541,3233
Q34627,3217
Q188509,3206
Q82794,3197
Q350895,3191
Q21061279,3184
Q17489219,3168
Q12809484,3165
Q615980,3142
Q12409135,3134
Q423785,3106
Q19860854,3082
Q1004,3076
Q20088085,3070
Q29964144,3062
Q13393265,3055
Q256020,3035
Q2590631,3029
Q1154710,3006
Q1076052,2988
Q24036024,2961
Q44559,2958
Q1194951,2950
Q31855,2945
Q62447,2916
Q6805426,2905
Q543654,2886
Q18652188,2876
Q6784672,2873
Q34841063,2861
Q659103,2861
Q751708,2857
Q846659,2856
Q11755959,2855
Q2065736,2823
Q8261,2817
Q16974307,2815
Q631305,2805
Q21025364,2789
Q157031,2788
Q61878,2765
Q23012917,2757
Q559026,2756
Q15081032,2755
Q341,2746
Q1114461,2731
Q35054,2729
Q4498974,2713
Q726,2690
Q201448,2687
Q317557,2662
Q14795564,2658
Q744099,2647
Q1573906,2627
Q5151,2627
Q623109,2617
Q2031836,2613
Q14752149,2595
Q23838648,2588
Q109607,2582
Q838948,2582
Q271669,2555
Q9788,2549
Q12813115,2546
Q18692591,2540
Q18333556,2523
Q2977,2504
Q235557,2504
Q687121,2485
Q1852859,2457
Q12140,2456
Q740752,2455
Q1523821,2453
Q15911738,2450
Q1365179,2450
Q19691007,2444
Q15125752,2438
Q838795,2434
Q15056995,2432
Q44494,2432
Q21191019,2430
Q3001412,2426
Q6999,2422
Q1080794,2405
Q28065731,2404
Q1402592,2401
Q667509,2397
Q877358,2371
Q3146899,2369
Q1244442,2368
Q591942,2362
Q202866,2354
Q74047,2353
Q55678,2342
Q607241,2326
Q25391,2326
Q169534,2325
Q211775,2304
Q3024240,2274
Q15184295,2273
Q8514,2269
Q220505,2265
Q282,2251
Q537127,2249
Q814648,2249
Q4592255,2248
Q11722303,2235
Q174736,2231
Q210167,2222
Q820655,2216
Q737498,2212
Q26262476,2209
Q19842659,2201
Q167270,2187
Q1980247,2172
Q1762059,2163
Q55818,2163
Q15217609,2151
Q38720,2149
Q28843623,2145
Q164240,2144
Q1259759,2138
Q15647814,2130
Q1935728,2127
Q208569,2123
Q1057954,2121
Q1044124,2118
Q11707,2115
Q14406742,2108
Q5741069,2103
Q65943,2093
Q151771,2090
Q3917681,2088
Q2416217,2088
Q277759,2052
Q18524218,2047
Q167346,2045
Q1952852,2043
Q45776,2039
Q28930084,2005
Q355567,1986
Q12225020,1982
Q1286517,1970
Q178790,1955
Q11774263,1954
Q744913,1950
Q1303167,1941
Q2743,1933
Q722604,1926
Q27971968,1922
Q7267717,1899
Q13027888,1893
Q856713,1889
Q483453,1886
Q1190554,1885
Q2179958,1883
Q160742,1882
Q310899,1882
Q210826,1881
Q378427,1870
Q28045079,1849
Q18759100,1848
Q4886,1844
Q17715832,1833
Q10657813,1828
Q2198484,1827
Q2221906,1820
Q742421,1817
Q15063142,1813
Q36279,1810
Q491713,1809
Q2785216,1807
Q101659,1806
Q381885,1806
Q2811,1805
Q17205621,1804
Q1497649,1793
Q19887878,1782
Q20203616,1760
Q189004,1752
Q861951,1744
Q744296,1739
Q21869758,1736
Q33384,1724
Q180958,1724
Q5773747,1720
Q284053,1707
Q3055118,1697
Q2635894,1696
Q46169,1691
Q215172,1688
Q1366112,1676
Q783794,1675
Q131647,1673
Q712868,1661
Q1110794,1653
Q106259,1647
Q17456783,1634
Q159979,1631
Q12859788,1626
Q22667,1620
Q2485448,1616
Q131734,1611
Q21100463,1611
Q23002039,1610
Q131186,1609
Q44782,1607
Q185187,1593
Q44539,1593
Q158746,1591
Q92026,1586
Q2661988,1582
Q14750991,1582
Q7944,1574
Q198373,1574
Q3504085,1572
Q1444,1571
Q131569,1570
Q1584134,1570
Q24025936,1569
Q9035798,1562
Q683010,1556
Q1420,1549
Q3240715,1542
Q4677783,1541
Q640506,1537
Q102356,1535
Q27787439,1525
Q15071808,1524
Q11436,1515
Q186117,1512
Q1191622,1512
Q2989398,1505
Q24764,1495
Q131436,1493
Q132241,1490
Q2006279,1486
Q2095,1485
Q255956,1476
Q26887428,1472
Q182676,1465
Q18131152,1461
Q1289426,1460
Q165145,1455
Q15238777,1441
Q17391474,1441
Q16334295,1440
Q17198545,1440
Q17205735,1438
Q858439,1435
Q1497364,1434
Q12206807,1430
Q23002054,1424
Q9309832,1422
Q10416961,1420
Q188055,1418
Q12020836,1416
Q1785071,1413
Q15304597,1411
Q114768,1406
Q2583015,1397
Q6270791,1396
Q1137809,1388
Q1802801,1380
Q28147344,1373
Q42998,1371
Q22746,1357
Q6558431,1356
Q133492,1355
Q9143,1354
Q17487588,1354
Q170321,1349
Q7543083,1348
Q17318027,1348
Q10648343,1347
Q23866334,1346
Q57821,1340
Q23827464,1333
Q43501,1329
Q642861,1326
Q18608583,1323
Q9135,1321
Q846110,1321
Q83828,1316
Q80056,1314
Q24027556,1312
Q28371991,1312
Q17198620,1307
Q891388,1305
Q699,1296
Q10882176,1296
Q20202352,1295
Q18218093,1292
Q188451,1290
Q19723444,1289
Q1141470,1285
Q21188110,1282
Q21278897,1278
Q655311,1265
Q3192808,1262
Q1229765,1261
Q2309609,1260
Q1147395,1249
Q386724,1245
Q92086,1245
Q2922711,1242
Q431289,1238
Q49008,1237
Q641226,1237
Q17448832,1237
Q719456,1234
Q15275719,1233
Q17450736,1231
Q1128397,1228
Q391414,1226
Q169336,1226
Q721747,1225
Q1070912,1224
Q315,1214
Q1343246,1206
Q37901,1199
Q8072,1198
Q41207,1186
Q16893403,1186
Q18142,1181
Q891723,1169
Q151885,1160
Q2354973,1158
Q194408,1157
Q200334,1143
Q575759,1142
Q166118,1139
Q685309,1138
Q35760,1134
Q44377,1131
Q214252,1128
Q1144661,1124
Q17367286,1122
Q149621,1117
Q178193,1116
Q27654220,1114
Q1663017,1113
Q24566025,1109
Q1756006,1109
Q1187691,1109
Q17205774,1108
Q82117,1105
Q2555896,1104
Q20116696,1103
Q19184926,1102
Q14645593,1102
Q105731,1097
Q1302471,1092
Q6881511,1092
Q20089094,1090
Q570116,1089
Q5003624,1089
Q958314,1087
Q20741022,1080
Q1202402,1078
Q582525,1077
Q732034,1077
Q26213387,1076
Q22687,1074
Q11229656,1074
Q488654,1074
Q1475691,1073
Q428661,1069
Q1138414,1067
Q28885102,1067
Q1210334,1066
Q43483,1065
Q162875,1062
Q191992,1061
Q1426271,1060
Q28803049,1056
Q6063801,1054
Q34379419,1048
Q22652,1046
Q655686,1043
Q1362225,1043
Q14296,1042
Q3062294,1041
Q11353,1041
Q427287,1040
Q14616641,1040
Q83405,1039
Q1445650,1031
Q40357,1030
Q15991303,1027
Q2651004,1027
Q28739697,1019
Q1311958,1017
Q1785271,1017
Q2082774,1016
Q10438042,1016
Q428069,1015
Q2679157,1014
Q7058673,1012
Q17201685,1009
Q335661,1007
Q167037,1004
Q513550,1001
Q1348589,1000
Q28060956,1000
Q28564,998
Q29584108,996
Q1195942,991
Q353070,988
Q9734,985
Q193622,983
Q1065118,981
Q1867183,977
Q23828039,975
Q390539,974
Q256408,972
Q25295,968
Q11415657,968
Q777120,965
Q20437094,963
Q815324,962
Q211503,960
Q1048525,949
Q645883,948
Q21481290,945
Q15056993,944
Q204577,944
Q57058,941
Q274153,941
Q166142,940
Q1107656,936
Q23011722,936
Q2927648,934
Q3565868,933
Q1761072,930
Q105190,925
Q10508453,924
Q1480193,922
Q158438,919
Q188784,918
Q3301455,915
Q1510380,915
Q197,914
Q4387609,914
Q15123870,911
Q15261477,905
Q2061228,904
Q17517379,901
Q2235308,900
Q5926864,896
Q207934,896
Q23002037,896
Q10517054,895
Q18624259,890
Q1004391,889
Q8142,888
Q15711870,887
Q2039348,884
Q1595639,884
Q570948,883
Q55043,882
Q3677932,881
Q882149,880
Q43109,879
Q475061,878
Q637600,878
Q5193377,874
Q130003,872
Q581714,871
Q786014,870
Q193893,868
Q7216840,866
Q1371849,866
Q981009,865
Q8346700,864
Q2772772,860
Q480477,860
Q15911314,859
Q402092,858
Q6382533,858
Q322563,858
Q3395121,858
Q15284,857
Q963099,856
Q1259617,854
Q26240527,854
Q1821082,853
Q193475,851
Q162602,849
Q21191068,848
Q47053,847
Q943929,845
Q1078765,843
Q19648608,843
Q245016,841
Q15120977,840
Q15620943,839
Q12292478,838
Q849829,838
Q15893266,836
Q79913,835
Q174814,835
Q21101734,833
Q62832,832
Q56019,829
Q2750108,829
Q20646667,828
Q429785,823
Q15079663,819
Q562061,819
Q5650788,815
Q1478437,813
Q2116450,812
Q814658,808
Q645924,805
Q28140340,804
Q500834,803
Q12798501,802
Q198,799
Q28328984,796
Q26894053,795
Q15921247,792
Q26887310,791
Q679165,788
Q15092344,787
Q15720476,786
Q18564289,784
Q188913,784
Q2592651,779
Q17299750,778
Q26877490,777
Q3658341,776
Q4200298,776
Q490329,774
Q746654,774
Q82799,773
Q1989839,773
Q1476582,772
Q1344963,770
Q9299236,770
Q16023747,768
Q54114,768
Q483515,768
Q1054813,766
Q149918,765
Q27995042,765
Q269770,756
Q1067164,756
Q1639634,755
Q3297186,752
Q16893072,751
Q7553,749
Q79602,747
Q15141321,745
Q17276484,745
Q131263,744
Q811704,743
Q17202187,739
Q11703715,735
Q38723,728
Q18691601,728
Q2630741,727
Q17172602,726
Q139677,724
Q28060923,723
Q190429,722
Q15075508,722
Q3333265,719
Q11410,719
Q19571328,719
Q19886692,719
Q4438121,718
Q107679,717
Q15640053,715
Q681337,715
Q132821,714
Q15078955,714
Q15061650,714
Q1329623,710
Q695850,709
Q5135744,708
Q229390,707
Q29291448,707
Q7372078,706
Q18226756,706
Q517820,706
Q3559024,706
Q17299348,705
Q17350442,703
Q178885,703
Q75520,700
Q2367225,699
Q690840,699
Q148571,699
Q39367,696
Q46622,695
Q494721,694
Q732717,692
Q18219090,692
Q190107,691
Q30330522,691
Q1107,690
Q746549,690
Q7900097,690
Q20769160,689
Q21130185,687
Q7644128,687
Q1143635,686
Q29553,683
Q17372500,682
Q2175765,679
Q17166756,678
Q269949,678
Q156831,678
Q35823051,672
Q19944049,672
Q284416,672
Q19595382,671
Q1758856,669
Q15623926,668
Q1195098,666
Q21674818,665
Q15069452,664
Q20074337,664
Q494230,663
Q81917,662
Q6806674,662
Q14514600,660
Q161705,660
Q358,656
Q235536,654
Q21683299,654
Q1007870,651
Q159719,651
Q1149652,650
Q106658,649
Q11755880,649
Q1194970,649
Q18867465,648
Q21029893,645
Q2577184,644
Q20719675,644
Q747381,644
Q726870,642
Q19232171,639
Q4663385,636
Q1631107,635
Q476068,635
Q14073567,634
Q2087181,634
Q208500,632
Q133346,632
Q3685463,631
Q1760610,629
Q19796778,628
Q141683,627
Q502895,626
Q15238609,626
Q156362,625
Q2755753,625
Q28816538,625
Q1825472,624
Q15324,624
Q2072238,622
Q431603,621
Q42948,621
Q573607,621
Q1792372,620
Q11796413,619
Q6592,617
Q1068842,617
Q15059831,617
Q17451,616
Q223393,615
Q23790,615
Q3469910,613
Q2641403,613
Q15057021,612
Q1978718,610
Q15978299,606
Q3491915,606
Q3429959,605
Q1141225,604
Q493522,602
Q15836568,602
Q25653,599
Q1336920,599
Q1664720,598
Q142714,595
Q1427536,595
Q1788716,593
Q204776,593
Q164950,592
Q7210356,591
Q465299,589
Q2658935,588
Q8366,588
Q3270632,587
Q26742250,587
Q24856,585
Q854775,584
Q561068,583
Q15145593,583
Q2326815,582
Q2316398,582
Q233324,581
Q517267,580
Q24258416,580
Q20732405,580
Q19833170,578
Q2298305,577
Q18618819,575
Q41425,575
Q2582669,575
Q1016957,575
Q17156793,574
Q955824,574
Q682944,572
Q378508,571
Q1400264,570
Q6498903,569
Q3647172,569
Q353344,569
Q12737077,568
Q106106,568
Q194195,567
Q19723451,565
Q1939150,564
Q667276,562
Q26241072,562
Q5292,560
Q40056,559
Q902104,559
Q708676,559
Q132137,559
Q1229713,559
Q848944,558
Q15141625,558
Q33837,556
Q20019082,556
Q133311,556
Q34493,555
Q604177,555
Q36794,552
Q1410668,551
Q158218,550
Q2143825,550
Q1499928,547
Q11781066,547
Q120560,546
Q870,546
Q687188,546
Q23983664,546
Q15731356,545
Q20646670,544
Q15219655,544
Q14897293,543
Q1469318,542
Q23894233,541
Q29848066,540
Q1440300,538
Q2135465,537
Q5004679,536
Q2614970,535
Q1378975,533
Q879146,533
Q21246076,533
Q11448906,532
Q14745,532
Q4671329,532
Q3277997,531
Q580499,531
Q484652,529
Q26833254,529
Q2144951,525
Q2882852,525
Q1428357,522
Q178743,522
Q2389789,520
Q1241568,518
Q1261499,517
Q2989454,517
Q1970725,516
Q476300,515
Q12043905,515
Q2022036,515
Q2680845,514
Q152450,513
Q17431399,513
Q1788582,513
Q40050,512
Q5155053,512
Q7755,511
Q57831,508
Q1408475,508
Q1317251,507
Q158454,505
Q703941,502
Q1267632,501
Q625298,501
Q478847,499
Q673687,496
Q101600,496
Q10689397,496
Q483373,495
Q1091366,494
Q1174791,492
Q23691,491
Q3623867,491
Q188497,491
Q620471,491
Q30432511,491
Q701632,490
Q4818021,489
Q4176708,489
Q730038,489
Q17501774,489
Q3409032,488
Q20643955,487
Q2239243,487
Q12308638,486
Q370258,484
Q755017,483
Q3559,481
Q188869,481
Q17457107,480
Q375336,479
Q14616455,479
Q14748,478
Q2292572,477
Q11086742,475
Q6023295,475
Q3191695,474
Q53060,474
Q4117139,474
Q2967773,474
Q6621272,473
Q15087423,472
Q12731,472
Q2511322,471
Q4936952,470
Q15944511,469
Q39911,468
Q1499623,468
Q105999,467
Q607913,467
Q15773317,466
Q32880,466
Q1093580,466
Q19820204,466
Q15072800,465
Q665487,464
Q15054477,463
Q191851,463
Q1802963,462
Q13626398,462
Q3745054,461
Q917146,460
Q3895768,460
Q150784,459
Q4082729,458
Q15026,458
Q748331,457
Q383092,456
Q216353,455
Q39804,455
Q353027,455
Q23019040,455
Q561431,454
Q17299700,454
Q23058950,454
Q15727816,453
Q27676428,452
Q3046146,451
Q48498,451
Q1969448,448
Q27590,448
Q48634,446
Q5283531,446
Q88205,446
Q6591661,445
Q956318,445
Q22669139,444
Q20888659,443
Q189977,443
Q15687338,443
Q1531833,442
Q29555881,442
Q1122846,441
Q194203,439
Q47574,439
Q1244922,439
Q856234,438
Q8513,437
Q179461,436
Q3397526,436
Q20639848,436
Q4915012,436
Q373066,436
Q3117863,434
Q5124449,434
Q1221145,434
Q755707,433
Q1021645,432
Q3554635,432
Q19899465,431
Q231685,431
Q131669,430
Q11507944,430
Q464980,430
Q3327874,430
Q8719053,429
Q875538,428
Q2154459,427
Q1989945,427
Q33101426,427
Q31028695,427
Q15548045,427
Q20011627,426
Q841985,426
Q1983062,425
Q496825,425
Q168845,425
Q1110684,425
Q253623,425
Q3409027,424
Q11487510,423
Q2679045,423
Q19930933,423
Q21503788,421
Q303874,420
Q1059407,420
Q190771,418
Q191709,418
Q137535,417
Q17624054,416
Q1094617,416
Q29168811,415
Q188860,415
Q16335296,414
Q4229812,413
Q693,412
Q1261214,411
Q26214208,411
Q10884,409
Q2703920,409
Q27608973,407
Q15221242,407
Q3802482,407
Q2775236,405
Q12042110,404
Q17366755,404
Q60186,403
Q1964689,401
Q959309,401
Q2057971,401
Q180516,401
Q1785733,400
Q127448,399
Q22044663,398
Q719419,397
Q14623646,397
Q2912397,396
Q11167066,396
Q6979593,395
Q153562,395
Q211302,395
Q20202269,392
Q386208,392
Q216107,392
Q371752,392
Q13539802,390
Q1542966,390
Q1479822,390
Q4271324,388
Q20639847,387
Q163301,386
Q1358344,385
Q11819260,384
Q15195406,383
Q5191724,383
Q2188189,383
Q146149,383
Q18091489,382
Q348229,381
Q187931,380
Q26156208,380
Q502074,380
Q369385,380
Q952274,379
Q31028314,379
Q3329412,378
Q43193,378
Q2547976,377
Q1153376,377
Q1334738,376
Q644371,375
Q11282,375
Q717040,372
Q4413925,372
Q131862,371
Q220659,370
Q3497167,368
Q526877,368
Q1070990,367
Q9655,366
Q1049494,365
Q1916821,364
Q936518,364
Q30307001,364
Q170013,363
Q1985797,363
Q11204,362
Q20646668,361
Q14701805,360
Q32099,360
Q329683,360
Q5638,359
Q2566190,359
Q216926,359
Q1427958,359
Q4751159,359
Q207338,358
Q17091404,356
Q907698,356
Q7946,355
Q16748868,355
Q18534542,355
Q4204206,355
Q10511371,355
Q2008050,354
Q625994,354
Q2342385,353
Q13634881,353
Q3624078,352
Q1058914,352
Q588140,352
Q15407973,352
Q314729,351
Q839328,351
Q12570,350
Q1577547,349
Q2989421,349
Q612102,349
Q317623,348
Q1667921,348
Q273120,348
Q89521,348
Q494829,347
Q3032154,347
Q504073,347
Q1840161,346
Q1777138,346
Q11746101,346
Q1365560,345
Q6617100,345
Q39546,344
Q1621322,344
Q722192,344
Q1134503,344
Q18752456,344
Q28913834,344
Q170584,342
Q3327920,342
Q205985,341
Q1279564,341
Q15091377,340
Q182659,340
Q173387,340
Q23905105,339
Q785979,339
Q967098,339
Q17376093,338
Q5532181,338
Q1245089,338
Q2775969,337
Q1349255,336
Q19847637,336
Q17128341,336
Q184511,334
Q3390872,334
Q17270000,333
Q1872284,333
Q215980,333
Q2301048,332
Q13217644,331
Q861911,331
Q572995,330
Q897303,330
Q23058953,330
Q15831596,329
Q21573182,329
Q37144,328
Q3253281,328
Q968159,327
Q50053,327
Q1371562,327
Q285181,327
Q18009587,327
Q3089219,327
Q26897352,327
Q24633899,327
Q15154951,327
Q1074076,326
Q1550557,326
Q201658,325
Q697196,325
Q1518096,325
Q249556,324
Q15104814,324
Q23622,324
Q15725618,323
Q385337,323
Q23726798,323
Q18539720,322
Q12144897,322
Q186516,321
Q247073,321
Q184644,321
Q627517,321
Q1321960,320
Q3076994,320
Q11822917,320
Q193121,320
Q7365,319
Q23983335,319
Q79218,317
Q917182,317
Q752783,316
Q1788454,316
Q899409,315
Q682943,315
Q490700,314
Q159321,313
Q856076,312
Q5290181,312
Q3744866,311
Q190928,310
Q847935,310
Q134447,309
Q1062710,309
Q186347,309
Q91203,309
Q5119,308
Q221409,308
Q474,308
Q2881980,308
Q13218690,307
Q1907114,307
Q817477,307
Q159675,306
Q155271,306
Q18691599,306
Q1990968,306
Q17478680,306
Q3093009,306
Q41487,305
Q1196258,305
Q23847174,304
Q14911880,304
Q191893,304
Q294414,303
Q878367,303
Q3455524,303
Q10876391,302
Q1349648,302
Q18340550,302
Q26884324,302
Q19953632,301
Q134768,301
Q3099911,300
Q3154693,300
Q783930,299
Q1060829,299
Q16676881,299
Q181348,298
Q2452850,298
Q159810,298
Q194356,297
Q2527000,297
Q213441,296
Q223371,296
Q207452,296
Q22669857,295
Q1156831,294
Q23002052,294
Q1093829,293
Q20671156,293
Q628179,293
Q18510489,293
Q556186,292
Q1088552,292
Q6852233,292
Q6498959,292
Q27949738,292
Q507619,291
Q7362268,291
Q13358528,291
Q19270367,291
Q24659756,290
Q134161,289
Q7094076,289
Q572024,289
Q1567915,289
Q1121471,289
Q1070942,288
Q1251403,288
Q3320743,287
Q3512806,287
Q10871996,287
Q3273544,287
Q1132324,286
Q295469,285
Q1055465,285
Q7830213,285
Q14552192,285
Q161387,284
Q7373622,284
Q948878,284
Q14934048,283
Q79529,283
Q8059357,283
Q13099631,283
Q878123,282
Q2418495,282
Q21623879,282
Q21562164,282
Q6593561,282
Q641066,281
Q15622363,281
Q182832,281
Q44235,280
Q1369421,280
Q867242,280
Q713623,279
Q131093,279
Q124734,279
Q3374262,279
Q11639,278
Q22231110,278
Q23039057,278
Q12249051,278
Q748149,277
Q14562709,277
Q269528,277
Q219423,274
Q15298259,274
Q2210277,274
Q1550680,274
Q169872,273
Q144,273
Q2026833,273
Q33513247,273
Q11603901,273
Q1906268,272
Q22678370,272
Q622360,272
Q42032,271
Q685935,271
Q2032782,271
Q1782540,271
Q23662753,271
Q2302116,271
Q15661340,270
Q622425,270
Q18679117,270
Q2178147,269
Q146083,268
Q21070568,268
Q2207288,268
Q1914636,267
Q422248,267
Q7328910,267
Q19917774,267
Q134856,266
Q93288,266
Q20538317,266
Q7315155,266
Q126807,266
Q19362971,266
Q468402,266
Q6065085,265
Q1265665,265
Q5774403,264
Q216337,264
Q13601825,264
Q19951362,264
Q27020779,264
Q1066670,263
Q605291,263
Q3119075,263
Q15618652,263
Q1184072,263
Q28807616,263
Q12131640,262
Q1336152,262
Q1958056,262
Q7212557,262
Q644507,261
Q2305295,261
Q3556889,261
Q28055269,261
Q1273568,260
Q103903,260
Q17272692,260
Q62049,259
Q746369,259
Q16831714,259
Q771444,259
Q1434544,259
Q324233,259
Q3327873,259
Q121,258
Q23036513,258
Q23895910,258
Q778305,258
Q1145276,257
Q2190251,257
Q2466826,257
Q2281788,256
Q1589009,256
Q921099,256
Q4,256
Q126,256
Q905929,256
Q7830262,256
Q11387,255
Q11774097,255
Q109108,255
Q4817,255
Q123,255
Q329245,255
Q17413155,255
Q124,254
Q125,254
Q366134,254
Q2647254,253
Q108,252
Q1368848,252
Q49371,251
Q120,251
Q131269,251
Q2080521,251
Q17305522,250
Q17468533,250
Q5259261,250
Q110,250
Q1352019,250
Q4201890,250
Q18574946,249
Q19844914,249
Q118,249
Q119,249
Q122,249
Q17683170,249
Q17346558,249
Q2393314,248
Q1138671,248
Q7856,248
Q20135338,248
Q24706,247
Q109,247
Q15725677,247
Q1092939,247
Q13408009,247
Q2208234,247
Q23901123,247
Q18674739,246
Q193955,245
Q2927074,245
Q2249285,245
Q728,245
Q1434505,245
Q10373548,244
Q1254874,244
Q15304943,244
Q1935049,244
Q1685451,244
Q695992,244
Q31615,242
Q200297,242
Q16607186,242
Q2616791,241
Q10926413,241
Q1154445,241
Q18578749,241
Q466797,240
Q2110788,240
Q596321,240
Q1800213,240
Q18808440,240
Q220898,239
Q3397519,239
Q1107679,239
Q20769287,239
Q1033810,239
Q1779319,239
Q9377898,239
Q917092,237
Q1318295,237
Q26001252,237
Q831663,236
Q92062,236
Q22692216,236
Q10748583,236
Q192283,235
Q14276458,235
Q20655472,235
Q20679540,235
Q1238720,235
Q7188,234
Q484416,234
Q49848,234
Q16017119,234
Q878130,234
Q2920759,233
Q4828724,233
Q82753,233
Q3455195,233
Q382927,232
Q26714837,232
Q28372019,232
Q45382,231
Q2055880,231
Q27921916,231
Q156944,231
Q3400756,231
Q2989470,230
Q202527,230
Q181322,230
Q1500352,230
Q16629853,230
Q131212,230
Q26466721,230
Q1075,229
Q270791,229
Q748019,229
Q1799072,229
Q19753316,229
Q836688,228
Q29414133,228
Q30022,228
Q27676416,227
Q15494038,227
Q645466,227
Q15126161,227
Q2537,226
Q140247,226
Q31028835,226
Q22806,225
Q35922124,225
Q265158,225
Q26001248,225
Q241212,224
Q11862829,224
Q18199879,224
Q209680,224
Q15623573,224
Q429088,224
Q15974311,224
Q41719,224
Q2200223,224
Q22713289,224
Q17127659,223
Q158555,223
Q5575807,223
Q43812,223
Q196600,222
Q1061151,222
Q3199915,222
Q56061,222
Q2973931,221
Q1066997,221
Q3558430,221
Q27955408,221
Q18887969,221
Q1143604,221
Q830528,220
Q190157,220
Q20638319,219
Q1517820,219
Q4260475,219
Q23768723,219
Q1187580,218
Q1724017,218
Q22231111,218
Q16858213,217
Q1162835,217
Q34842263,217
Q12494403,217
Q479716,216
Q288514,216
Q80793,216
Q41751,216
Q849778,215
Q3327862,214
Q909299,214
Q160738,213
Q219577,213
Q1454597,213
Q523166,213
Q156907,213
Q17421658,213
Q5710433,212
Q15850590,212
Q28739943,212
Q142031,211
Q1863818,211
Q27968055,211
Q23010647,211
Q26678373,211
Q5133821,211
Q612229,210
Q166247,209
Q15243209,209
Q44,209
Q6498663,209
Q18711811,209
Q1549591,208
Q15078695,208
Q2713747,208
Q16735822,208
Q88480,208
Q15140073,208
Q10480682,208
Q4618,207
Q178266,207
Q2631496,207
Q874919,207
Q39825,207
Q718570,207
Q1441305,206
Q1364150,206
Q1345234,206
Q373899,206
Q24634210,206
Q6646177,206
Q27924172,206
Q6256,205
Q6456916,205
Q61002,205
Q1183543,205
Q103632,205
Q9609,205
Q483242,205
Q976622,205
Q2266066,205
Q29380,204
Q19479037,204
Q16979650,204
Q126351,204
Q17544377,203
Q4174776,203
Q2558684,203
Q728904,203
Q18729324,203
Q1065367,203
Q4374398,203
Q738570,202
Q1620908,202
Q171043,202
Q1759852,202
Q28935764,202
Q1531349,202
Q181307,202
Q154015,202
Q17628188,202
Q1779217,202
Q328584,201
Q34262376,201
Q15726790,201
Q16070115,201
Q509686,201
Q21140826,201
Q6866562,201
Q170087,200
Q192234,200
Q15260617,200
Q1164267,200
Q319141,199
Q330284,199
Q23827730,199
Q19829908,199
Q2472587,198
Q15849374,198
Q855769,198
Q93301,198
Q4711861,198
Q676050,197
Q854845,197
Q2043199,197
Q620045,197
Q321053,197
Q15795637,197
Q160016,196
Q209465,196
Q24434794,196
Q2352616,196
Q1169870,196
Q105420,196
Q11411019,196
Q59772,196
Q3625329,196
Q595597,196
Q33060978,196
Q66344,195
Q503106,195
Q15089606,195
Q33163,195
Q234460,194
Q1076579,194
Q18009431,194
Q872181,194
Q1079023,194
Q519630,194
Q18616576,194
Q18116579,194
Q34228,193
Q6617741,193
Q217295,193
Q183288,193
Q1193438,193
Q12018178,193
Q178706,192
Q1779527,192
Q272231,192
Q1473346,192
Q22674925,192
Q16738862,192
Q1047113,191
Q37726,191
Q20460,191
Q26699963,191
Q22989102,190
Q5154047,190
Q31629,189
Q19958368,189
Q1137468,189
Q667575,189
Q29883540,189
Q18071983,189
Q3556994,189
Q28941950,189
Q11902699,189
Q11691,188
Q679692,188
Q2063507,188
Q93352,188
Q399811,188
Q14846918,188
Q29292775,188
Q30328717,188
Q6599,187
Q674950,187
Q326124,187
Q177456,186
Q13136,186
Q134550,186
Q7302866,186
Q1438040,185
Q15099348,185
Q658255,185
Q3529419,185
Q200764,185
Q10521078,185
Q23019196,185
Q61883,184
Q5356184,184
Q17195259,184
Q30415057,184
Q1480166,183
Q12876,183
Q1330336,183
Q81672,183
Q973560,183
Q19610511,183
Q1855011,183
Q11997323,183
Q1138737,183
Q20742776,183
Q133156,182
Q853854,182
Q1968664,182
Q574990,181
Q18632459,181
Q15704239,181
Q15057020,180
Q18760306,180
Q1523545,180
Q1109069,179
Q29643579,179
Q13025342,179
Q146591,179
Q203005,179
Q155239,179
Q45762,178
Q918727,178
Q9304767,178
Q29549240,178
Q27994917,178
Q19832689,178
Q2465832,177
Q2160811,177
Q16725895,177
Q140588,177
Q1747829,177
Q2584998,177
Q3284858,177
Q19754218,177
Q16887380,176
Q1546995,176
Q2463705,176
Q725377,176
Q499247,176
Q13402998,176
Q182545,175
Q15773347,175
Q25178247,175
Q1051581,175
Q14978,175
Q23006,175
Q137773,175
Q4359230,175
Q4057659,175
Q23833580,175
Q633912,175
Q778129,174
Q1414991,174
Q3456602,174
Q672593,174
Q11635,174
Q26654367,174
Q20645915,174
Q366301,173
Q11183787,173
Q2696963,173
Q1071482,173
Q5257307,173
Q1751626,173
Q8261440,173
Q35080211,173
Q26262548,173
Q31029044,173
Q24869,172
Q24451723,172
Q133215,172
Q29791211,172
Q6643834,172
Q23894246,172
Q14947481,172
Q22001389,172
Q26001206,172
Q57346,171
Q18962826,171
Q10862618,171
Q2731419,171
Q282129,171
Q6465,170
Q1569167,170
Q17898,170
Q633441,170
Q16632355,170
Q1399576,170
Q891854,169
Q756721,169
Q762548,169
Q1853398,169
Q5737899,169
Q545769,169
Q19656847,169
Q1542651,169
Q456876,169
Q20680270,169
Q27345018,169
Q930752,168
Q11276,168
Q34379,168
Q563787,168
Q1017546,168
Q13593966,168
Q9078534,168
Q6243,168
Q18614948,168
Q407595,167
Q350945,167
Q193237,167
Q772547,167
Q26772977,167
Q1496967,167
Q2924561,167
Q22675015,166
Q756102,166
Q184356,166
Q200538,166
Q20901295,166
Q620615,166
Q23034867,166
Q1153670,166
Q26678376,166
Q15020931,166
Q414147,165
Q3744870,165
Q911663,165
Q612741,165
Q188040,165
Q3184003,165
Q20728678,165
Q23058816,165
Q1762308,165
Q186165,164
Q1622062,164
Q1467563,164
Q34336,164
Q4508,163
Q446013,163
Q22996476,163
Q887604,163
Q505963,163
Q169358,162
Q6500733,162
Q14454091,162
Q3357200,162
Q28225717,161
Q16103215,161
Q649062,161
Q64161,161
Q702081,161
Q2643128,160
Q17737,160
Q207977,160
Q29918335,160
Q13410428,159
Q715398,159
Q378636,159
Q3002150,159
Q4220917,159
Q18511695,159
Q26840225,159
Q26001251,159
Q781546,158
Q20900468,158
Q4407246,158
Q15647906,158
Q2122214,158
Q18654742,158
Q15081030,158
Q11513034,158
Q2624046,158
Q21014462,158
Q1137210,158
Q27517483,158
Q21745557,158
Q1435365,158
Q111161,157
Q77115,157
Q26529,157
Q750215,157
Q757292,157
Q17480853,157
Q11344,156
Q559618,156
Q918230,156
Q399445,156
Q182940,156
Q17210,156
Q632300,156
Q357104,156
Q20540385,156
Q20588290,156
Q21450877,156
Q5123999,155
Q28100020,155
Q212805,155
Q2631599,155
Q162986,155
Q203958,155
Q760180,155
Q190752,154
Q143912,154
Q1021711,154
Q578,153
Q18328097,153
Q28530532,153
Q2424478,153
Q12039539,153
Q27869508,153
Q368290,153
Q1411996,153
Q170477,153
Q2245442,153
Q17484780,153
Q23828031,153
Q276173,153
Q1211146,153
Q447523,152
Q7925010,152
Q1829324,152
Q2516330,152
Q842402,152
Q1153191,152
Q134995,152
Q2745177,152
Q200141,151
Q6643832,151
Q752392,151
Q511450,151
Q1203964,151
Q762048,151
Q5283521,151
Q18608871,151
Q21815201,151
Q19833377,151
Q1763194,151
Q775129,151
Q14757767,151
Q1353952,150
Q1970365,150
Q473708,150
Q1195705,150
Q1021106,150
Q17374546,150
Q17503488,150
Q2420465,150
Q615810,149
Q1166625,149
Q23702035,149
Q466421,149
Q123577,149
Q653916,149
Q26705556,149
Q14858002,149
Q15622387,149
Q37748,149
Q1621034,149
Q81851,149
Q8076,148
Q57305,148
Q107715,148
Q1525,148
Q132364,148
Q33036816,148
Q19884092,148
Q1969240,148
Q26685543,148
Q1197685,147
Q189445,147
Q21125433,147
Q2312410,147
Q18534049,147
Q240313,147
Q17376095,147
Q152018,147
Q196068,147
Q147538,147
Q848797,147
Q83875,147
Q3252927,147
Q1133961,146
Q3587332,146
Q22231119,146
Q133067,145
Q9174,145
Q15688633,145
Q494511,145
Q165,145
Q15259995,145
Q4375340,145
Q170382,144
Q1371037,144
Q36774,144
Q6138528,144
Q15229207,144
Q283202,144
Q191826,144
Q5526694,144
Q2785355,144
Q13632,143
Q28020127,143
Q30014735,143
Q890545,143
Q12132,143
Q2301325,143
Q1282870,143
Q15221373,143
Q204832,143
Q221722,143
Q1516252,143
Q18707678,143
Q17496318,143
Q1339195,142
Q11004,142
Q529012,142
Q37756,142
Q672490,142
Q1437459,141
Q7748,141
Q2740635,141
Q245102,141
Q1516659,141
Q12139612,141
Q74359,141
Q1269299,141
Q3685462,141
Q24577840,141
Q4414032,141
Q15643578,141
Q5394548,141
Q12488911,141
Q23308490,141
Q10389811,141
Q27701774,141
Q309250,140
Q1129474,140
Q2911266,140
Q40244,140
Q15613992,140
Q1050840,140
Q44844,140
Q12063697,140
Q15720608,140
Q29968390,140
Q1637706,139
Q653928,139
Q1746028,139
Q1059324,139
Q2398990,139
Q848197,139
Q1503450,139
Q2068214,139
Q131080,139
Q21141250,139
Q18343316,138
Q192350,138
Q20819677,138
Q22231112,138
Q1690211,138
Q6540697,138
Q11419619,138
Q37636288,138
Q218616,137
Q154547,137
Q15888,137
Q865588,137
Q1346006,137
Q3511312,137
Q18663579,137
Q15280243,137
Q862454,137
Q22713195,137
Q1509716,136
Q2706302,136
Q7814330,136
Q28100368,136
Q1542343,136
Q1787111,136
Q1570262,136
Q1572070,136
Q3631092,136
Q5971060,136
Q1348155,136
Q6448147,135
Q38672,135
Q189867,135
Q2519340,135
Q192601,135
Q15841920,135
Q18679149,135
Q13997861,135
Q5086782,135
Q19979289,135
Q1667646,135
Q18761864,135
Q428602,135
Q22807280,134
Q506883,134
Q423208,134
Q213924,134
Q1898246,134
Q493694,134
Q422211,134
Q3280746,134
Q19887775,134
Q15633582,133
Q15617994,133
Q17317604,133
Q2379075,133
Q204107,133
Q26817508,133
Q170980,133
Q2607934,133
Q1915979,133
Q12511,133
Q594128,133
Q28070952,133
Q26849121,133
Q213907,132
Q68,132
Q1317260,132
Q1330251,132
Q15809678,132
Q41520,132
Q19603939,132
Q5228121,132
Q4484477,132
Q189533,132
Q801740,132
Q575920,132
Q15061624,132
Q15052846,132
Q154250,132
Q423026,132
Q26013502,132
Q26013333,132
Q26013426,132
Q26013475,132
Q131514,132
Q1429218,131
Q328468,131
Q15273785,131
Q498002,131
Q656720,131
Q2662430,131
Q5078274,131
Q14701808,131
Q86622,130
Q13002315,130
Q4502119,130
Q1324355,130
Q1364556,130
Q18555638,130
Q81895,130
Q3241972,129
Q477248,129
Q893775,129
Q8171,129
Q20893947,129
Q1577513,129
Q503186,129
Q331795,129
Q2628163,129
Q917284,128
Q124072,128
Q1790144,128
Q8545897,128
Q1319755,128
Q15720625,128
Q166620,128
Q1428504,128
Q694554,128
Q11451,128
Q3840711,128
Q13358519,128
Q735160,128
Q47107,128
Q10267336,127
Q749622,127
Q1509934,127
Q20603222,127
Q4996207,127
Q26252880,127
Q20086260,127
Q273623,127
Q26899,127
Q11688446,126
Q1792379,126
Q58778,126
Q2351962,126
Q89,126
Q149537,126
Q11691318,126
Q16682342,126
Q4539,126
Q28007428,126
Q1400565,126
Q37045,125
Q514989,125
Q168983,125
Q162633,125
Q102786,125
Q27587207,125
Q12791,125
Q152081,125
Q261604,125
Q12912091,125
Q8425,125
Q2954804,125
Q5172823,125
Q6895539,125
Q188443,124
Q1885014,124
Q8068,124
Q165309,124
Q15212722,124
Q2577114,124
Q13405588,124
Q26708059,124
Q22231113,124
Q16714010,124
Q18752601,124
Q3095365,124
Q233591,123
Q336144,123
Q1681353,123
Q35749,123
Q190570,123
Q12040649,123
Q15989253,123
Q1439394,123
Q4286337,123
Q91122,123
Q11789735,123
Q464780,123
Q25930495,123
Q397239,123
Q731877,123
Q3700458,123
Q271680,122
Q11166728,122
Q21705905,122
Q7437892,122
Q5398059,122
Q22808403,122
Q2282602,122
Q3542731,122
Q2471463,122
Q2288051,122
Q58663,122
Q639460,122
Q47913,121
Q4204501,121
Q6576413,121
Q636497,121
Q239582,121
Q2528718,121
Q21528930,121
Q2409750,121
Q1853630,121
Q828909,121
Q13107184,121
Q8201,121
Q7688,121
Q32350958,121
Q12047842,121
Q43343,121
Q22001316,121
Q1226252,121
Q376,120
Q107425,120
Q13410447,120
Q555937,120
Q824979,120
Q796174,120
Q13384978,120
Q826038,120
Q7200339,120
Q2264924,119
Q204324,119
Q4389092,119
Q159226,119
Q929833,119
Q36534,119
Q1530022,119
Q1068071,119
Q7502103,119
Q20071160,119
Q21077852,119
Q21074597,118
Q26540,118
Q13741,118
Q180174,118
Q2738074,118
Q1740966,118
Q19629395,118
Q2373919,118
Q23847779,118
Q15070223,118
Q2467461,118
Q806871,118
Q15734684,117
Q1336099,117
Q1301371,117
Q163323,117
Q43605,117
Q3558938,117
Q16837104,117
Q1437299,117
Q1501,117
Q2668072,117
Q3311537,117
Q15383322,117
Q1416685,117
Q17072837,117
Q5356187,117
Q33027691,117
Q12388486,117
Q6451172,117
Q12029081,117
Q899523,116
Q190163,116
Q1434401,116
Q18342229,116
Q27254666,116
Q14831768,116
Q102047,116
Q1051067,116
Q627718,116
Q81103,116
Q501390,116
Q25930498,116
Q259776,116
Q20054355,116
Q268592,115
Q6005581,115
Q29485,115
Q234262,115
Q659563,115
Q33992,115
Q18043430,115
Q5162993,115
Q35273,115
Q2360980,115
Q1955280,115
Q2659904,115
Q27062006,115
Q20045609,115
Q163446,115
Q17312485,115
Q1486662,114
Q637846,114
Q193564,114
Q13410520,114
Q375928,114
Q23905117,114
Q6019423,114
Q19659292,114
Q2919801,114
Q3539870,114
Q217327,114
Q1364302,114
Q613142,114
Q1257258,114
Q18336255,114
Q650711,114
Q2365159,114
Q7864918,114
Q1640496,114
Q57216,114
Q14756018,113
Q2061186,113
Q705296,113
Q639244,113
Q146,113
Q30682671,113
Q1432092,113
Q2495455,113
Q7843791,113
Q6664316,113
Q28061729,113
Q1062593,112
Q104157,112
Q49614,112
Q15089,112
Q124757,112
Q620225,112
Q15792060,112
Q49776,112
Q22938576,112
Q60874,112
Q251987,112
Q765289,112
Q1139056,112
Q595452,112
Q7835189,112
Q3345345,112
Q2198291,112
Q132213,112
Q567696,112
Q20723970,112
Q220397,111
Q265538,111
Q5227330,111
Q852231,111
Q16513904,111
Q21505397,111
Q10269077,111
Q13580678,111
Q721790,111
Q6063204,111
Q39495,111
Q1435951,111
Q27676524,111
Q1164616,111
Q35140,111
Q28050776,110
Q40558,110
Q28061975,110
Q484000,110
Q2091969,110
Q777342,110
Q2421044,110
Q18744396,110
Q157963,110
Q2020153,110
Q17176508,110
Q26960982,110
Q372363,109
Q5378,109
Q245065,109
Q148578,109
Q175331,109
Q869121,109
Q934744,109
Q1534870,109
Q166280,109
Q853565,109
Q202539,109
Q154773,109
Q10565932,109
Q1371047,109
Q18618644,109
Q392371,109
Q2065704,109
Q12029047,109
Q16607162,109
Q18814858,109
Q1065252,109
Q1756477,108
Q24286894,108
Q182547,108
Q285389,108
Q15961987,108
Q1142930,108
Q21011129,108
Q15621657,108
Q1021233,108
Q1493054,108
Q206615,108
Q952885,108
Q34508,108
Q17518557,108
Q335571,108
Q171318,107
Q6368,107
Q33881,107
Q11016,107
Q3220391,107
Q615150,107
Q210112,107
Q1516079,107
Q1396170,107
Q27951364,107
Q35872,107
Q19720190,107
Q3596224,107
Q26844382,107
Q2715310,107
Q216057,106
Q34262807,106
Q20825628,106
Q13607440,106
Q1278452,106
Q50705,106
Q16659538,106
Q877517,106
Q33951,106
Q15077340,106
Q3032041,106
Q18752016,106
Q17468479,106
Q1849502,106
Q15830667,105
Q922203,105
Q28823,105
Q13410444,105
Q1254933,105
Q875157,105
Q18786396,105
Q893466,105
Q5641,105
Q683570,105
Q6593031,105
Q170483,105
Q12561,105
Q20102007,105
Q33183185,105
Q349,104
Q28542014,104
Q51977,104
Q829080,104
Q174989,104
Q182531,104
Q338313,104
Q2140699,104
Q81669,104
Q20898395,104
Q47848,104
Q765749,104
Q91752,104
Q21073024,103
Q27643250,103
Q640364,103
Q49773,103
Q133004,103
Q839546,103
Q20354035,103
Q1807108,103
Q1352795,103
Q47168,103
Q22815098,103
Q1378781,103
Q824650,103
Q8081,103
Q4693646,103
Q161374,103
Q27990952,103
Q975886,103
Q485146,103
Q474717,102
Q132377,102
Q101497,102
Q11812346,102
Q80071,102
Q101965,102
Q428759,102
Q18379650,102
Q1201822,102
Q873512,102
Q19689753,102
Q1670804,102
Q252021,102
Q1406988,102
Q1587716,102
Q952037,102
Q34842776,102
Q28525375,102
Q14455864,101
Q178359,101
Q1123245,101
Q2001676,101
Q16274795,101
Q13414758,101
Q214334,101
Q10729872,101
Q185363,101
Q1398920,101
Q388602,101
Q33970,101
Q2570643,101
Q340069,101
Q25930493,101
Q3201814,101
Q4335775,101
Q35989030,101
Q1043939,101
Q10910840,101
Q11909230,101
Q14941870,101
Q23021214,101
Q1737946,101
Q22865,100
Q15097084,100
Q427626,100
Q27020748,100
Q11269813,100
Q33861,100
Q2003221,100
Q875583,100
Q871419,100
Q177380,100
Q1800833,100
Q25631158,100
Q1493533,100
Q17339814,100
Q16024055,100
Q28942368,100
Q1067107,100
Q3518810,100
Q170285,100
Q3586840,100
Q3918409,100
Q35351589,100
Q191780,100
Q221706,100
Q35798,99
Q35535,99
Q1250464,99
Q852190,99
Q568683,99
Q1075405,99
Q2151232,99
Q11774149,99
Q42523,99
Q16326794,99
Q172754,99
Q9748,99
Q8032,99
Q81054,99
Q22807298,99
Q8701407,99
Q10854310,99
Q1486643,99
Q124282,99
Q285783,99
Q30061417,99
Q1550225,99
Q1858598,99
Q11396960,99
Q2860456,99
Q19758733,99
Q21834496,99
Q422137,99
Q3586835,99
Q2177636,98
Q25930653,98
Q279014,98
Q1620945,98
Q1094196,98
Q1812109,98
Q7777570,98
Q2261202,98
Q7884789,98
Q47883,98
Q25964111,98
Q82772,98
Q18609040,98
Q3666499,98
Q179729,98
Q18756633,98
Q16684585,98
Q820254,97
Q11019,97
Q3215913,97
Q327245,97
Q7248527,97
Q2599457,97
Q214196,97
Q191494,97
Q1368879,97
Q7603683,97
Q8161,97
Q16363669,97
Q755125,97
Q11680313,97
Q25416952,97
Q16951939,97
Q29154515,97
Q24187619,97
Q11313284,97
Q29918328,97
Q854399,97
Q43577,96
Q1968435,96
Q5354754,96
Q128234,96
Q35034452,96
Q4117798,96
Q16659508,96
Q2143781,96
Q41254,96
Q5556082,96
Q1433061,96
Q28942344,96
Q1076105,96
Q2795367,96
Q10638782,96
Q18559008,96
Q1810004,96
Q18558301,96
Q12104567,96
Q954501,95
Q13415368,95
Q18704634,95
Q13415366,95
Q11634,95
Q15054484,95
Q281643,95
Q27631499,95
Q22676729,95
Q366,95
Q141140,95
Q2491016,95
Q15923205,95
Q220919,95
Q3199141,94
Q175185,94
Q13593818,94
Q1778846,94
Q212148,94
Q1006079,94
Q1768043,94
Q666943,94
Q385994,94
Q1907525,94
Q2349866,94
Q194166,94
Q1377447,94
Q3352369,94
Q1759559,94
Q597075,94
Q14694942,94
Q1772,94
Q23641696,94
Q28922885,93
Q8928,93
Q497893,93
Q1373429,93
Q13414361,93
Q31338769,93
Q50198,93
Q1509831,93
Q40551,93
Q15702752,93
Q16884952,93
Q956300,93
Q2293148,93
Q34032,93
Q863454,93
Q4057633,93
Q1130491,93
Q18396864,93
Q19334558,93
Q1614849,93
Q5284423,93
Q26013452,93
Q750905,93
Q175854,92
Q3300034,92
Q920182,92
Q21127166,92
Q13410438,92
Q8092,92
Q1792571,92
Q721063,92
Q1793804,92
Q1350279,92
Q510662,92
Q908620,92
Q1865205,92
Q3423162,92
Q15726214,92
Q150139,92
Q3851512,92
Q15229229,91
Q7138926,91
Q605175,91
Q204613,91
Q18493502,91
Q3343298,91
Q3266850,91
Q5639,91
Q14693961,91
Q1015644,91
Q1172903,91
Q3333989,91
Q184296,91
Q1502700,91
Q183272,91
Q483394,90
Q919472,90
Q16913666,90
Q15210668,90
Q28313335,90
Q1070290,90
Q646793,90
Q1114502,90
Q480319,90
Q207505,90
Q1194583,90
Q1875621,90
Q815448,90
Q854429,90
Q3750285,90
Q4201895,90
Q4400681,90
Q2469248,90
Q178659,90
Q16817,90
Q11053,90
Q1404207,89
Q179294,89
Q18697490,89
Q211872,89
Q183816,89
Q2447060,89
Q330425,89
Q859497,89
Q6636096,89
Q7012748,89
Q2993090,89
Q22001361,89
Q7635776,89
Q29549296,89
Q3249551,88
Q1127759,88
Q506424,88
Q17143371,88
Q1679887,88
Q13414759,88
Q480242,88
Q20011319,88
Q335261,88
Q2401749,88
Q1566035,88
Q9190427,88
Q15782973,88
Q740326,88
Q15770988,88
Q28538792,88
Q623605,88
Q845459,88
Q573942,88
Q1050259,88
Q2749813,88
Q284578,88
Q45621,88
Q346621,88
Q16738832,87
Q190,87
Q12262532,87
Q194188,87
Q8036,87
Q1103285,87
Q30304302,87
Q17205,87
Q4006,87
Q550089,87
Q192909,87
Q1774587,87
Q3071311,87
Q892492,87
Q1684522,87
Q28100194,87
Q116,87
Q42621,87
Q838718,87
Q1905729,87
Q1569871,87
Q2336402,87
Q207869,87
Q1983405,87
Q22669429,87
Q953806,87
Q18618628,87
Q4139976,87
Q15302880,87
Q27918607,87
Q2291158,87
Q15621286,87
Q780605,87
Q15632166,86
Q3326717,86
Q15936437,86
Q15265344,86
Q180126,86
Q1571674,86
Q3244038,86
Q1744559,86
Q34651,86
Q1425352,86
Q785952,86
Q15712205,86
Q1450662,86
Q960248,86
Q753779,86
Q1433192,86
Q22936940,86
Q274393,86
Q11264216,86
Q91165,86
Q11221827,86
Q13033698,86
Q3575773,86
Q14788575,86
Q1141795,86
Q18748286,86
Q2715304,86
Q145992,86
Q2824648,85
Q850270,85
Q17149090,85
Q7250271,85
Q751705,85
Q5297,85
Q18918145,85
Q3391469,85
Q24699794,85
Q318727,85
Q522661,85
Q15823129,85
Q207174,85
Q23759293,85
Q2101619,85
Q4454405,85
Q14092,85
Q13360570,85
Q3423535,85
Q1363750,85
Q485321,85
Q1172284,85
Q662197,85
Q815241,85
Q17910379,85
Q815738,85
Q255595,84
Q56139,84
Q7997,84
Q1049757,84
Q860290,84
Q79894,84
Q179057,84
Q510578,84
Q5592057,84
Q25930740,84
Q1457501,84
Q15221215,84
Q7694924,84
Q831515,84
Q3503423,84
Q200539,84
Q30849,84
Q8362,84
Q1372372,84
Q1322134,83
Q1230708,83
Q26085352,83
Q13410496,83
Q2306612,83
Q1377182,83
Q1298668,83
Q219760,83
Q27780831,83
Q1349088,83
Q588750,83
Q3083079,83
Q3197706,83
Q785466,83
Q5294,83
Q7865636,83
Q12876091,83
Q22337472,83
Q4860025,83
Q7870,82
Q281460,82
Q937228,82
Q474968,82
Q13410508,82
Q11348,82
Q11488158,82
Q55439,82
Q2695280,82
Q190890,82
Q1358919,82
Q2066176,82
Q169947,82
Q249083,82
Q3152659,82
Q4375520,82
Q16028021,82
Q207184,82
Q3477348,81
Q24746,81
Q208469,81
Q5962346,81
Q48336,81
Q15206070,81
Q28803,81
Q207320,81
Q955655,81
Q1364157,81
Q334453,81
Q3346693,81
Q203904,81
Q674928,81
Q23901137,81
Q14942893,81
Q83261,81
Q757587,81
Q625151,81
Q1740654,81
Q2048319,81
Q15711797,81
Q20937557,81
Q1661531,81
Q1723513,81
Q23058136,81
Q10624527,81
Q2874694,81
Q4156319,81
Q203443,81
Q28942294,81
Q2171693,81
Q1897862,81
Q25991640,81
Q2491608,81
Q5055981,80
Q2671652,80
Q33215,80
Q1331793,80
Q7905205,80
Q8063,80
Q953822,80
Q213051,80
Q2264478,80
Q166542,80
Q787934,80
Q38829,80
Q1750919,80
Q2739132,80
Q1324633,80
Q908207,80
Q252916,80
Q14693950,80
Q34009,80
Q3661265,80
Q1390618,80
Q2255260,80
Q18608993,80
Q2620430,80
Q28119539,80
Q29515497,80
Q27492289,79
Q1252971,79
Q134219,79
Q189118,79
Q3243765,79
Q213369,79
Q16338046,79
Q88291,79
Q12800,79
Q465434,79
Q37049,79
Q315023,79
Q498661,79
Q4686758,79
Q12484004,79
Q3972943,79
Q782970,79
Q187456,79
Q1433492,79
Q718893,79
Q208165,79
Q23015458,79
Q31764,79
Q304944,79
Q12192570,79
Q17489156,79
Q18413105,79
Q16670264,79
Q573,78
Q15706911,78
Q375011,78
Q263639,78
Q2634498,78
Q1780506,78
Q370607,78
Q860582,78
Q214070,78
Q104843,78
Q1234255,78
Q15206795,78
Q2041172,78
Q272574,78
Q2903538,78
Q3710488,78
Q121742,78
Q3114762,78
Q20968646,78
Q210999,78
Q1025949,78
Q23834194,78
Q22995,78
Q4538275,78
Q22970505,78
Q339152,78
Q22060043,78
Q146281,78
Q14694851,78
Q21009055,77
Q2607197,77
Q187659,77
Q18285142,77
Q548611,77
Q12019965,77
Q15707521,77
Q186431,77
Q16144966,77
Q274586,77
Q18328106,77
Q617807,77
Q178780,77
Q13414760,77
Q1030403,77
Q212057,77
Q34876,77
Q7257872,77
Q25930757,77
Q176165,77
Q51404,77
Q91312,77
Q1746015,77
Q503481,77
Q28114677,77
Q2196945,77
Q19358305,77
Q80767,77
Q618200,77
Q26204053,77
Q1936384,76
Q18511725,76
Q379817,76
Q9102,76
Q483247,76
Q6619693,76
Q1962175,76
Q27491613,76
Q1320047,76
Q27600974,76
Q428875,76
Q1788820,76
Q2536409,76
Q46326,76
Q314097,76
Q184766,76
Q1044427,76
Q186386,76
Q1138868,76
Q170758,76
Q929905,76
Q19896979,76
Q2927789,76
Q20136634,76
Q572835,76
Q131084,76
Q617378,76
Q335297,76
Q5356189,76
Q1774898,76
Q2469206,76
Q19409201,76
Q697304,76
Q917418,76
Q961082,76
Q616005,76
Q42177,76
Q57318,75
Q448801,75
Q9779,75
Q2537537,75
Q271802,75
Q207599,75
Q11774062,75
Q36507,75
Q299191,75
Q762882,75
Q165194,75
Q625160,75
Q1412403,75
Q1503072,75
Q15711026,75
Q85477,75
Q352102,75
Q1640824,75
Q962741,75
Q3248048,75
Q6978652,75
Q1370517,75
Q199451,74
Q19311591,74
Q148319,74
Q15548076,74
Q2744064,74
Q420962,74
Q1969642,74
Q382934,74
Q2358894,74
Q1424449,74
Q35102,74
Q6979740,74
Q487654,74
Q688292,74
Q549121,74
Q2249297,74
Q1373385,74
Q3058247,74
Q217199,74
Q1650727,74
Q404785,74
Q210223,74
Q2991491,74
Q178794,74
Q2882257,74
Q1123037,74
Q2935978,74
Q23681152,74
Q2135977,74
Q26706,74
Q23681146,74
Q20653563,73
Q6154783,73
Q29575627,73
Q178122,73
Q184759,73
Q8465,73
Q13414953,73
Q1058792,73
Q1193246,73
Q164099,73
Q2307291,73
Q11422,73
Q27132946,73
Q19973770,73
Q134808,73
Q4632675,73
Q18640746,73
Q524980,73
Q1030329,73
Q3029797,73
Q325358,73
Q747399,73
Q26745,73
Q19816504,73
Q11079470,73
Q21818614,73
Q30330519,73
Q5341295,72
Q20724701,72
Q13422115,72
Q15943455,72
Q12178928,72
Q1137109,72
Q18328084,72
Q18551781,72
Q7998,72
Q8019,72
Q384003,72
Q428303,72
Q15145537,72
Q33937,72
Q2143354,72
Q1009641,72
Q1258086,72
Q1614512,72
Q219875,72
Q16937116,72
Q6017969,72
Q14693998,72
Q1853314,72
Q152281,72
Q1291694,72
Q3382900,72
Q1501046,72
Q6148126,72
Q21294996,72
Q1710248,72
Q158608,72
Q4990623,72
Q101244,71
Q2488,71
Q46337,71
Q1430154,71
Q3457162,71
Q1069116,71
Q83471,71
Q5225895,71
Q190900,71
Q47988,71
Q20366042,71
Q215206,71
Q24569309,71
Q26268489,71
Q29902221,71
Q1193753,71
Q1863435,71
Q4358176,71
Q6134867,71
Q1187807,71
Q724060,71
Q7410264,71
Q25302965,71
Q627006,71
Q18680471,71
Q11421035,71
Q1330776,71
Q21996535,71
Q588951,71
Q29969011,71
Q17444909,70
Q558330,70
Q719592,70
Q27150222,70
Q1165838,70
Q26830017,70
Q16989249,70
Q23867828,70
Q622521,70
Q3397516,70
Q974968,70
Q13533432,70
Q132834,70
Q2617664,70
Q475476,70
Q1683232,70
Q2945655,70
Q498794,70
Q6554043,70
Q7937,70
Q4087929,70
Q786705,70
Q494311,70
Q23657281,70
Q23058952,70
Q4946461,69
Q723849,69
Q702492,69
Q245596,69
Q15832079,69
Q1130645,69
Q4785472,69
Q2291248,69
Q1198413,69
Q1189350,69
Q15720793,69
Q3150363,69
Q798436,69
Q486396,69
Q174873,69
Q1847301,69
Q785745,69
Q15331236,69
Q327496,69
Q1473381,69
Q20086263,69
Q21480300,69
Q19832617,69
Q3722112,69
Q28008646,69
Q5031997,69
Q17442446,69
Q2949204,69
Q3832650,69
Q5477901,69
Q1780582,69
Q7963015,69
Q101072,68
Q41581,68
Q3100808,68
Q1330892,68
Q842375,68
Q655697,68
Q2613100,68
Q189819,68
Q13380226,68
Q3377406,68
Q830335,68
Q202825,68
Q2576663,68
Q2369882,68
Q7725310,68
Q815500,68
Q1318941,68
Q251355,68
Q655150,68
Q1267829,68
Q17586598,68
Q1674283,68
Q1976594,68
Q28203007,68
Q818882,68
Q24333627,68
Q188823,68
Q3051605,68
Q90754,68
Q3339235,68
Q7315273,68
Q1860467,68
Q28060424,68
Q15276,68
Q1329981,68
Q2883457,68
Q336,67
Q4162444,67
Q15584664,67
Q20653564,67
Q41156,67
Q3523867,67
Q13410400,67
Q13414763,67
Q13410422,67
Q2065227,67
Q1357601,67
Q380342,67
Q25930733,67
Q2305602,67
Q20168706,67
Q1450598,67
Q1759802,67
Q173402,67
Q19869268,67
Q5803078,67
Q2035477,67
Q257913,67
Q5283500,67
Q263233,67
Q5028293,67
Q14701642,67
Q16964284,67
Q29542094,67
Q15156455,67
Q1368970,67
Q925381,66
Q22645,66
Q209495,66
Q3249005,66
Q543151,66
Q161376,66
Q912196,66
Q6941842,66
Q864866,66
Q867570,66
Q12037308,66
Q197204,66
Q149789,66
Q1068623,66
Q158626,66
Q275186,66
Q1399526,66
Q1744266,66
Q2442401,66
Q12271,66
Q2348250,66
Q1413677,66
Q16945799,66
Q25930490,66
Q1274559,66
Q184937,66
Q746813,66
Q5780443,66
Q24050099,66
Q26618428,66
Q1754568,66
Q11582691,66
Q7058519,66
Q23308176,66
Q19839463,66
Q6907628,66
Q1411766,66
Q276,65
Q1370598,65
Q253555,65
Q81163,65
Q207841,65
Q13417250,65
Q1668024,65
Q1454583,65
Q3516833,65
Q3773971,65
Q1639354,65
Q18509232,65
Q137341,65
Q727715,65
Q12143,65
Q2493450,65
Q1001051,65
Q466704,65
Q15310171,65
Q1670208,65
Q23657241,65
Q29471320,65
Q3399907,65
Q736812,65
Q152392,65
Q639907,65
Q2056313,65
Q1678467,65
Q147498,65
Q1926218,65
Q309481,65
Q3412573,65
Q21469493,65
Q27960097,65
Q13723070,65
Q19947442,65
Q9415,64
Q177634,64
Q3743695,64
Q1322323,64
Q152732,64
Q13410524,64
Q32066628,64
Q1205063,64
Q15020890,64
Q157087,64
Q867238,64
Q189962,64
Q427961,64
Q20650761,64
Q1601458,64
Q25930717,64
Q128250,64
Q2315299,64
Q1512109,64
Q16423630,64
Q2761147,64
Q189418,64
Q558892,64
Q2542334,64
Q11663,64
Q474090,64
Q157811,64
Q1572403,64
Q28931760,64
Q5020994,64
Q1366745,64
Q2071567,64
Q1031297,64
Q21451178,64
Q262478,64
Q2493839,64
Q18333252,64
Q3561331,64
Q165052,64
Q19020,63
Q190891,63
Q7954,63
Q967999,63
Q1763828,63
Q13414757,63
Q13410403,63
Q1200957,63
Q186081,63
Q5503,63
Q2590445,63
Q1994931,63
Q846662,63
Q1228895,63
Q1851026,63
Q1539014,63
Q15629582,63
Q2711758,63
Q18917976,63
Q45791,63
Q21156425,63
Q54230,63
Q9687,63
Q2269756,63
Q7493941,63
Q20742825,63
Q1006876,63
Q159313,63
Q27491485,63
Q127849,63
Q191316,63
Q1383084,63
Q532166,63
Q1702612,63
Q181623,63
Q2196898,63
Q209163,63
Q493169,63
Q513691,63
Q218653,63
Q4530848,63
Q722795,63
Q7631052,63
Q21099935,63
Q1069313,63
Q27661141,63
Q1549416,63
Q3172759,63
Q11469,63
Q3519009,63
Q930133,63
Q837995,63
Q3666631,63
Q15623405,63
Q29581299,63
Q34822698,63
Q12772052,62
Q14637321,62
Q29517555,62
Q2319498,62
Q5864,62
Q16513881,62
Q941818,62
Q1810858,62
Q317548,62
Q33854301,62
Q604435,62
Q380093,62
Q44342,62
Q1497584,62
Q243249,62
Q1292279,62
Q4184,62
Q1188736,62
Q2914501,62
Q2165184,62
Q1203472,62
Q12311825,62
Q5295538,62
Q149865,62
Q1376114,62
Q969090,62
Q3238833,62
Q698783,62
Q856584,62
Q5811416,62
Q253755,62
Q6540832,62
Q21615367,62
Q260161,62
Q33602,62
Q19464263,62
Q10299097,62
Q10065268,62
Q28913516,62
Q3587557,62
Q89794,62
Q20076707,62
Q1371954,62
Q48349,61
Q862597,61
Q162940,61
Q21198342,61
Q29469,61
Q7275,61
Q842697,61
Q8016240,61
Q13402959,61
Q18347143,61
Q3215290,61
Q874405,61
Q5283513,61
Q1393724,61
Q979507,61
Q372934,61
Q154,61
Q18573970,61
Q1404150,61
Q11292,61
Q913252,61
Q3250615,61
Q2116008,61
Q28017630,61
Q2056881,61
Q1202091,61
Q877998,61
Q58917,61
Q7703797,61
Q88598,61
Q643532,61
Q819511,61
Q26156310,61
Q1190172,61
Q1708422,61
Q3685434,61
Q37654,61
Q14762205,61
Q356055,61
Q1388797,61
Q6954187,61
Q136868,61
Q855973,61
Q675359,61
Q10868922,61
Q1275295,61
Q2905030,61
Q1141221,61
Q4743621,61
Q22802898,61
Q1068824,61
Q1412495,61
Q30504418,61
Q18756,60
Q43742,60
Q10843872,60
Q4892352,60
Q720711,60
Q2915776,60
Q778575,60
Q15715406,60
Q199414,60
Q22231109,60
Q670113,60
Q938236,60
Q314024,60
Q799000,60
Q376996,60
Q2936646,60
Q39463,60
Q2083108,60
Q863915,60
Q3729800,60
Q3587148,60
Q328539,60
Q2138652,60
Q21851888,60
Q2955110,60
Q6560515,60
Q12104174,60
Q19698046,60
Q1400788,60
Q281917,60
Q638,60
Q28725735,60
Q17268368,60
Q20153779,60
Q953045,60
Q27890445,60
Q2160801,60
Q29549303,60
Q35175440,60
Q3839507,59
Q2267870,59
Q47566,59
Q2401485,59
Q200547,59
Q13212489,59
Q460178,59
Q15711994,59
Q34918903,59
Q781132,59
Q3027575,59
Q214609,59
Q16463,59
Q229371,59
Q860676,59
Q303811,59
Q127843,59
Q7894996,59
Q1021290,59
Q30234158,59
Q1761572,59
Q597286,59
Q503391,59
Q856564,59
Q154575,59
Q638185,59
Q1384677,59
Q5154647,59
Q20858006,59
Q2446662,59
Q446828,59
Q1752398,59
Q1644669,59
Q599219,59
Q14970,59
Q25930744,59
Q455647,59
Q5030865,59
Q1243770,59
Q583208,59
Q143085,59
Q6866472,59
Q2620972,59
Q23759397,59
Q23834203,59
Q1880318,59
Q17272482,58
Q1153408,58
Q299126,58
Q662746,58
Q24397514,58
Q21010817,58
Q2516357,58
Q832161,58
Q332506,58
Q7983,58
Q2628147,58
Q190899,58
Q1368898,58
Q222405,58
Q94951,58
Q1394476,58
Q2306813,58
Q13691604,58
Q956165,58
Q16905563,58
Q28820001,58
Q627272,58
Q260703,58
Q896635,58
Q22231108,58
Q19357149,58
Q3247351,58
Q3323691,58
Q4379644,58
Q24026248,58
Q19829914,58
Q5356185,58
Q22984475,58
Q1320863,58
Q215194,58
Q1190183,58
Q155171,58
Q1651566,58
Q3374965,58
Q188725,57
Q5883980,57
Q33289,57
Q206577,57
Q28575,57
Q12783,57
Q2000908,57
Q7819319,57
Q615699,57
Q870863,57
Q57598,57
Q628455,57
Q2608849,57
Q15283424,57
Q213283,57
Q7708430,57
Q16220775,57
Q752920,57
Q1072326,57
Q13473501,57
Q1930585,57
Q11732217,57
Q14694490,57
Q1401891,57
Q11832860,57
Q3931970,57
Q181266,57
Q83373,57
Q2467831,57
Q1802122,57
Q28324850,57
Q2001330,57
Q2493431,57
Q21554854,57
Q853614,57
Q23930689,57
Q25930532,57
Q956214,57
Q20045456,57
Q309,57
Q195339,57
Q3910694,57
Q18984099,57
Q947103,57
Q403641,57
Q17485079,57
Q843417,57
Q20102734,57
Q21094819,57
Q180370,57
Q112099,56
Q162620,56
Q121117,56
Q18201623,56
Q2495862,56
Q4240305,56
Q183366,56
Q3890208,56
Q27491766,56
Q320803,56
Q475660,56
Q657829,56
Q14928,56
Q13414358,56
Q4433777,56
Q107968,56
Q372690,56
Q2826027,56
Q19799634,56
Q17317594,56
Q1167393,56
Q170173,56
Q4343,56
Q27043990,56
Q18087867,56
Q391022,56
Q18920569,56
Q1255828,56
Q193291,56
Q550394,56
Q851782,56
Q960739,56
Q28872854,56
Q671735,56
Q3807410,56
Q7603678,56
Q875016,56
Q3046190,56
Q6954197,56
Q5516520,56
Q921469,56
Q9351717,56
Q27670147,56
Q499201,56
Q1321353,56
Q20071151,56
Q30158640,56
Q1307214,55
Q19757,55
Q1136601,55
Q152005,55
Q202595,55
Q1046088,55
Q1902969,55
Q105447,55
Q42889,55
Q32096,55
Q1130251,55
Q646317,55
Q735,55
Q1076566,55
Q9134,55
Q1756157,55
Q1777205,55
Q1194240,55
Q549276,55
Q129264,55
Q5446565,55
Q17586968,55
Q1714375,55
Q1022469,55
Q687312,55
Q44512,55
Q13415370,55
Q6593480,55
Q11371,55
Q37484,55
Q898771,55
Q2288631,55
Q639369,55
Q12302,55
Q120544,55
Q21561328,55
Q3241753,55
Q689657,55
Q1446290,55
Q688120,55
Q171341,55
Q157570,55
Q549792,55
Q5283544,55
Q1892995,55
Q5260216,55
Q17558136,55
Q4476438,55
Q45364,55
Q447725,55
Q18536800,55
Q83790,55
Q505830,55
Q10666337,55
Q133128,55
Q21818626,55
Q17505801,55
Q20738667,55
Q3054187,55
Q42470,54
Q2416723,54
Q153936,54
Q10931,54
Q1155404,54
Q3411290,54
Q179661,54
Q6589202,54
Q46966,54
Q1643870,54
Q18089617,54
Q24024848,54
Q130368,54
Q312466,54
Q160342,54
Q20653566,54
Q166177,54
Q1078334,54
Q7325,54
Q1208453,54
Q534342,54
Q736194,54
Q1032264,54
Q2146417,54
Q1190435,54
Q499192,54
Q20010053,54
Q3388233,54
Q189524,54
Q531230,54
Q7694920,54
Q337807,54
Q1377943,54
Q786922,54
Q842478,54
Q3444249,54
Q5110343,54
Q2680291,54
Q22964274,54
Q382586,54
Q11087449,54
Q22988603,54
Q1145599,54
Q12047878,54
Q26001216,54
Q854140,54
Q1187811,53
Q15634554,53
Q12178655,53
Q1967454,53
Q12757,53
Q11514315,53
Q2516426,53
Q9208,53
Q1789476,53
Q1581130,53
Q1426772,53
Q55485,53
Q154253,53
Q127910,53
Q22231106,53
Q15219391,53
Q738584,53
Q15891112,53
Q654749,53
Q1030048,53
Q1233985,53
Q13691,53
Q1374075,53
Q581776,53
Q47928,53
Q7692360,53
Q23387,53
Q219160,53
Q4129217,53
Q2949180,53
Q22098766,53
Q2702442,53
Q1630622,53
Q1076291,53
Q11785437,53
Q22075301,53
Q18643,53
Q543177,53
Q43533,53
Q186509,52
Q940343,52
Q603773,52
Q15643757,52
Q928235,52
Q524158,52
Q50337,52
Q2910675,52
Q1328899,52
Q83267,52
Q1666019,52
Q806869,52
Q3959904,52
Q620681,52
Q6675791,52
Q1522839,52
Q206984,52
Q1307348,52
Q488036,52
Q20671381,52
Q478174,52
Q216851,52
Q712597,52
Q193934,52
Q40024,52
Q975413,52
Q1370324,52
Q2105303,52
Q22162827,52
Q1757063,52
Q472379,52
Q2192456,52
Q159661,52
Q216704,52
Q3126170,52
Q18670161,52
Q2707384,52
Q4017348,52
Q933340,52
Q1310961,52
Q6664370,52
Q4691986,52
Q23657059,52
Q3246109,52
Q2559925,52
Q27525351,52
Q252280,52
Q18762207,52
Q49833,52
Q27030778,52
Q27889498,52
Q26262878,52
Q1709894,51
Q148837,51
Q902638,51
Q182060,51
Q21577192,51
Q480260,51
Q2198855,51
Q1413606,51
Q19720191,51
Q3932296,51
Q43115,51
Q182406,51
Q18544860,51
Q13930359,51
Q1262090,51
Q7708397,51
Q219261,51
Q422062,51
Q3284499,51
Q188158,51
Q6581615,51
Q177413,51
Q271725,51
Q1818761,51
Q843941,51
Q12759805,51
Q20220333,51
Q848507,51
Q210337,51
Q2662845,51
Q193495,51
Q2537744,51
Q549744,51
Q2112349,51
Q3270264,51
Q88372,51
Q3885688,51
Q4266755,51
Q19753730,51
Q219538,51
Q399541,51
Q18759150,51
Q23661205,51
Q18011172,51
Q9198982,51
Q30016890,51
Q13446365,51
Q35657,50
Q211364,50
Q21518270,50
Q5009242,50
Q384515,50
Q11345,50
Q18543139,50
Q1144899,50
Q19960510,50
Q771712,50
Q13220391,50
Q1049158,50
Q18608569,50
Q162919,50
Q2115792,50
Q330558,50
Q1917775,50
Q178512,50
Q32178211,50
Q17132744,50
Q663029,50
Q3088847,50
Q16060705,50
Q26430975,50
Q1589528,50
Q828721,50
Q18670606,50
Q15634531,50
Q2259749,50
Q749565,50
Q27055636,50
Q22266709,50
Q282472,50
Q655851,50
Q1631129,50
Q7603882,50
Q549767,50
Q1251750,50
Q559290,50
Q1778118,50
Q2917176,50
Q3044930,50
Q2749013,50
Q18009506,50
Q22160401,50
Q15726688,50
Q4212660,50
Q1274180,50
Q21451142,50
Q21457810,50
Q2046325,50
Q624114,50
Q4851250,50
Q132397,50
Q29467088,50
Q7270,49
Q835714,49
Q10864048,49
Q1357964,49
Q180673,49
Q1998962,49
Q10417670,49
Q7965,49
Q847478,49
Q1296040,49
Q15835,49
Q595467,49
Q461834,49
Q8148,49
Q2633744,49
Q2202509,49
Q3565075,49
Q318296,49
Q184613,49
Q20671864,49
Q16939528,49
Q319496,49
Q3677604,49
Q125356,49
Q1970243,49
Q191413,49
Q21608359,49
Q688127,49
Q12453,49
Q459528,49
Q647450,49
Q21011318,49
Q17412916,49
Q162827,49
Q1075106,49
Q1406331,49
Q138825,49
Q15836337,49
Q13359600,49
Q338688,49
Q494497,49
Q2502622,49
Q478986,49
Q1284835,49
Q18752578,49
Q1715155,49
Q2924688,49
Q1630387,49
Q19833835,49
Q5354734,49
Q2608120,49
Q3141859,49
Q14701807,49
Q2921550,49
Q14646,49
Q193946,48
Q796194,48
Q19823984,48
Q1161185,48
Q1307329,48
Q327757,48
Q21009059,48
Q21009058,48
Q15294642,48
Q240601,48
Q11358,48
Q847027,48
Q1172599,48
Q5256141,48
Q1852178,48
Q44565,48
Q175263,48
Q851517,48
Q331225,48
Q49775,48
Q1424583,48
Q1748957,48
Q2031291,48
Q36524,48
Q27491798,48
Q25930811,48
Q326277,48
Q1800229,48
Q1162560,48
Q722693,48
Q2231681,48
Q1424016,48
Q25930814,48
Q1321542,48
Q25930719,48
Q299685,48
Q6763949,48
Q8355,48
Q1255087,48
Q299745,48
Q286069,48
Q6970524,48
Q2985090,48
Q26821406,48
Q7972581,48
Q19359052,48
Q11078958,48
Q27974644,48
Q43284,48
Q558574,48
Q751484,48
Q11404,48
Q253030,47
Q20978687,47
Q161726,47
Q1896949,47
Q270907,47
Q2581649,47
Q185583,47
Q1191199,47
Q1438105,47
Q971932,47
Q7225609,47
Q1649366,47
Q1587799,47
Q3575964,47
Q202871,47
Q2081003,47
Q25930759,47
Q811683,47
Q2232001,47
Q319714,47
Q509028,47
Q22266655,47
Q269218,47
Q29300714,47
Q1188075,47
Q683111,47
Q479215,47
Q1151125,47
Q309170,47
Q973011,47
Q299950,47
Q200779,47
Q8242,47
Q917441,47
Q6353994,47
Q327798,47
Q669262,47
Q2116321,47
Q25056721,47
Q18610173,47
Q20972355,47
Q538655,47
Q28362371,47
Q6747099,47
Q1754210,47
Q1207909,47
Q26997384,47
Q21944833,47
Q1941820,47
Q17370233,47
Q16110,46
Q702842,46
Q15901936,46
Q2989682,46
Q1356230,46
Q2683596,46
Q465842,46
Q220347,46
Q8473,46
Q1493752,46
Q557206,46
Q189210,46
Q170161,46
Q230752,46
Q3889692,46
Q15709879,46
Q22284407,46
Q299701,46
Q28077,46
Q13414765,46
Q1370841,46
Q746628,46
Q1361980,46
Q6304550,46
Q1268865,46
Q15795874,46
Q27450,46
Q24017414,46
Q182391,46
Q7268308,46
Q213930,46
Q3839081,46
Q1331380,46
Q476190,46
Q1981535,46
Q368281,46
Q327110,46
Q549805,46
Q19934856,46
Q2454570,46
Q240141,46
Q1896682,46
Q697295,46
Q2380836,46
Q15489797,46
Q299147,46
Q1192195,46
Q27002,46
Q23905051,46
Q1185865,46
Q2983016,46
Q1202618,46
Q15643599,46
Q1958165,46
Q18575734,46
Q17507349,46
Q17496410,46
Q23541388,46
Q2367344,46
Q18292693,46
Q18810296,46
Q549775,46
Q14025305,46
Q9198979,46
Q3579073,46
Q503958,46
Q33380644,46
Q123480,45
Q22721,45
Q2101564,45
Q1055307,45
Q11012,45
Q7961,45
Q2072352,45
Q24826340,45
Q1371819,45
Q18247357,45
Q13410433,45
Q161161,45
Q15078704,45
Q1410980,45
Q371804,45
Q19967801,45
Q758870,45
Q5891,45
Q27884930,45
Q2139657,45
Q357685,45
Q1589568,45
Q852151,45
Q1230166,45
Q20679033,45
Q937571,45
Q1587812,45
Q32766,45
Q149086,45
Q26792858,45
Q1190781,45
Q20107484,45
Q299163,45
Q755314,45
Q701165,45
Q725531,45
Q18655646,45
Q928357,45
Q5124642,45
Q16363493,45
Q1081248,45
Q339180,45
Q3476533,45
Q877809,45
Q768717,45
Q233454,45
Q752138,45
Q849851,45
Q751030,45
Q1407236,45
Q2368579,45
Q72986,45
Q27521,45
Q2962545,45
Q21664088,45
Q3587558,45
Q422296,45
Q18615777,45
Q205495,45
Q507057,45
Q2735929,45
Q26110856,45
Q4729027,45
Q9198977,45
Q2954924,45
Q1190207,45
Q1062404,45
Q28803060,45
Q415917,45
Q1348327,45
Q1969226,44
Q847109,44
Q3664326,44
Q40218,44
Q121916,44
Q1137833,44
Q17301072,44
Q16743958,44
Q3269344,44
Q17586189,44
Q840019,44
Q20153194,44
Q17199338,44
Q1758690,44
Q21605492,44
Q391629,44
Q974505,44
Q3238445,44
Q6501447,44
Q683363,44
Q2537906,44
Q5195043,44
Q18327510,44
Q209363,44
Q173517,44
Q1754117,44
Q7777019,44
Q1371427,44
Q1147475,44
Q47692,44
Q18450836,44
Q27492263,44
Q152810,44
Q1519799,44
Q477983,44
Q4294657,44
Q472808,44
Q753784,44
Q534426,44
Q15343039,44
Q1401142,44
Q22679796,44
Q3003415,44
Q3587563,44
Q1853265,44
Q11598565,44
Q3306046,44
Q503269,44
Q372952,44
Q1414426,44
Q11782814,44
Q189233,44
Q1415139,44
Q1687964,44
Q30064335,44
Q80228,44
Q573573,43
Q937876,43
Q134041,43
Q15720870,43
Q816829,43
Q150093,43
Q4485156,43
Q392928,43
Q3550873,43
Q91028,43
Q1239328,43
Q201022,43
Q105000,43
Q27491654,43
Q234497,43
Q154038,43
Q1129398,43
Q272937,43
Q183302,43
Q781402,43
Q19335303,43
Q1665357,43
Q2034699,43
Q6663,43
Q20643324,43
Q16814621,43
Q15896596,43
Q20925702,43
Q3263368,43
Q2372330,43
Q1246258,43
Q19659229,43
Q2719638,43
Q27303676,43
Q18815011,43
Q1564373,43
Q478328,43
Q1298208,43
Q161222,43
Q1434274,43
Q1194788,43
Q26155252,43
Q14623351,43
Q3556789,43
Q169950,43
Q2537936,43
Q1851677,43
Q1025846,43
Q1000984,43
Q27055621,43
Q21745157,43
Q55629,43
Q5177940,43
Q772497,43
Q2491498,43
Q29901574,43
Q7248542,43
Q5434436,43
Q2611489,43
Q21264328,43
Q171251,43
Q3281225,43
Q604925,43
Q12056956,43
Q147064,43
Q20081524,43
Q23660930,43
Q35174583,43
Q25930806,43
Q2102206,43
Q262343,43
Q2429918,43
Q975979,43
Q550484,43
Q170593,43
Q12012855,43
Q5386,42
Q15924535,42
Q82480,42
Q27308988,42
Q1266818,42
Q21009057,42
Q187588,42
Q2296723,42
Q18810091,42
Q182068,42
Q5916,42
Q844580,42
Q899192,42
Q261335,42
Q4220920,42
Q156097,42
Q6428674,42
Q23904671,42
Q849095,42
Q22160105,42
Q4182287,42
Q145134,42
Q3251043,42
Q27308875,42
Q212412,42
Q3586948,42
Q17351671,42
Q18043413,42
Q20146776,42
Q17701409,42
Q43091,42
Q19359050,42
Q180173,42
Q878223,42
Q49850,42
Q16909656,42
Q20296613,42
Q950431,42
Q5421955,42
Q207601,42
Q4312761,42
Q1637740,42
Q28055278,42
Q1540633,42
Q628505,42
Q1003207,42
Q729577,42
Q2151479,42
Q1132998,42
Q1548839,42
Q1061197,42
Q1367770,42
Q17143723,42
Q1060455,42
Q1423881,42
Q2962925,42
Q1318642,42
Q4284971,42
Q388227,42
Q21126229,42
Q2661169,42
Q214519,42
Q4575034,42
Q743560,42
Q2063789,42
Q12788867,42
Q26001214,42
Q8195084,42
Q228039,42
Q241059,42
Q707813,41
Q30125896,41
Q1156686,41
Q2524197,41
Q33093130,41
Q1141381,41
Q6498826,41
Q1194093,41
Q1776764,41
Q806391,41
Q171,41
Q855631,41
Q160645,41
Q1009249,41
Q695599,41
Q911134,41
Q191192,41
Q5283,41
Q654754,41
Q16905550,41
Q739723,41
Q167946,41
Q330395,41
Q854376,41
Q485568,41
Q1346513,41
Q182037,41
Q1288520,41
Q300007,41
Q358078,41
Q7451247,41
Q3722420,41
Q995595,41
Q896958,41
Q125992,41
Q2551525,41
Q21281028,41
Q46124,41
Q1071285,41
Q1374122,41
Q23929770,41
Q1368083,41
Q469900,41
Q2252077,41
Q939826,41
Q3973051,41
Q27948,41
Q7933385,41
Q1798450,41
Q3586951,41
Q1169748,41
Q2509889,41
Q4156067,41
Q1417470,41
Q2008856,41
Q4510369,41
Q15895974,41
Q8351224,41
Q908820,41
Q152574,41
Q2430899,41
Q18760388,41
Q20031642,41
Q478261,41
Q28597527,41
Q1373439,41
Q975531,41
Q24406303,41
Q4485157,41
Q1301433,41
Q1148389,41
Q9262,40
Q34843301,40
Q2490,40
Q1371279,40
Q244836,40
Q193141,40
Q28107315,40
Q695793,40
Q11446438,40
Q5200157,40
Q4117949,40
Q155972,40
Q657449,40
Q20097897,40
Q11267645,40
Q22266255,40
Q987767,40
Q80877,40
Q161179,40
Q1262712,40
Q182780,40
Q392918,40
Q15061018,40
Q1824674,40
Q855630,40
Q1474493,40
Q17276480,40
Q4389100,40
Q2133327,40
Q627360,40
Q4683575,40
Q877290,40
Q2575910,40
Q12039044,40
Q1366722,40
Q311783,40
Q783023,40
Q805233,40
Q837766,40
Q1153257,40
Q15968577,40
Q1319876,40
Q1138456,40
Q935277,40
Q976981,40
Q622812,40
Q1675123,40
Q7476661,40
Q1193650,40
Q2692757,40
Q752638,40
Q1051606,40
Q2125157,40
Q2629008,40
Q2989468,40
Q3586936,40
Q1519890,40
Q18811582,40
Q721207,40
Q20741317,40
Q615072,40
Q6807904,40
Q4150822,40
Q11708421,40
Q8054653,40
Q4002659,40
Q18710346,40
Q18810430,40
Q2364632,40
Q28916621,40
Q1266946,40
Q2100893,40
Q21281546,40
Q24398318,40
Q20970434,40
Q264934,40
Q235729,40
Q1674669,40
Q27785883,40
Q4511159,40
Q1546,40
Q10563755,40
Q193888,40
Q21009056,39
Q2133344,39
Q1138494,39
Q15142894,39
Q21562092,39
Q467707,39
Q13415369,39
Q28920128,39
Q21503295,39
Q17276485,39
Q3059255,39
Q173603,39
Q5776580,39
Q772787,39
Q1011547,39
Q1057214,39
Q756944,39
Q1325627,39
Q18325436,39
Q1195448,39
Q27303706,39
Q4996297,39
Q7888976,39
Q264965,39
Q2568288,39
Q15238535,39
Q17586681,39
Q430525,39
Q1542681,39
Q3579101,39
Q21028957,39
Q428162,39
Q60047,39
Q1071822,39
Q861181,39
Q327365,39
Q1240901,39
Q727373,39
Q996839,39
Q778806,39
Q3112873,39
Q1930418,39
Q4157074,39
Q43183,39
Q734454,39
Q3956646,39
Q184973,39
Q1476488,39
Q1901416,39
Q22731,39
Q4139977,39
Q382780,39
Q12277,39
Q18809426,39
Q597897,39
Q22984363,39
Q16522751,39
Q22964785,39
Q1372202,39
Q6313295,39
Q23657361,39
Q23657135,39
Q927301,39
Q26001215,39
Q28790025,39
Q358648,39
Q2424752,38
Q7257,38
Q785486,38
Q41291,38
Q754897,38
Q911138,38
Q164419,38
Q2470540,38
Q16324076,38
Q29171,38
Q324254,38
Q565744,38
Q373916,38
Q29592127,38
Q7265977,38
Q1427844,38
Q746310,38
Q1145012,38
Q265868,38
Q1541041,38
Q1351282,38
Q1975546,38
Q534932,38
Q8514257,38
Q2828218,38
Q188025,38
Q18812508,38
Q1006349,38
Q975166,38
Q570208,38
Q130222,38
Q898712,38
Q33685,38
Q192619,38
Q1428849,38
Q263478,38
Q834840,38
Q600236,38
Q659161,38
Q27676422,38
Q766570,38
Q16214696,38
Q9096832,38
Q1309431,38
Q1372064,38
Q16338,38
Q1241288,38
Q1756731,38
Q231204,38
Q16335899,38
Q108696,38
Q6973044,38
Q689703,38
Q2940297,38
Q193977,38
Q334383,38
Q2776067,38
Q27598544,38
Q3508373,38
Q938560,38
Q3302125,38
Q36539,38
Q3586944,38
Q599490,38
Q1054442,38
Q15983930,38
Q394970,38
Q35078027,38
Q22696329,38
Q557141,38
Q16632615,38
Q19563580,38
Q14694931,38
Q5736539,38
Q17279841,38
Q4944572,38
Q1170410,38
Q157739,38
Q1144689,38
Q26879769,37
Q171441,37
Q18916020,37
Q941036,37
Q690175,37
Q2916980,37
Q467011,37
Q943691,37
Q19716577,37
Q276548,37
Q1370129,37
Q1371150,37
Q240854,37
Q1671798,37
Q570871,37
Q251777,37
Q173600,37
Q4389115,37
Q18615718,37
Q799209,37
Q74804,37
Q26401003,37
Q1350697,37
Q631229,37
Q1531518,37
Q1968403,37
Q1223230,37
Q5275,37
Q179630,37
Q2366737,37
Q985834,37
Q2140450,37
Q27464969,37
Q1068673,37
Q392316,37
Q22247,37
Q7840353,37
Q5300,37
Q13405593,37
Q2112448,37
Q339353,37
Q1806324,37
Q1348006,37
Q505213,37
Q24335959,37
Q11177771,37
Q318438,37
Q3500933,37
Q161439,37
Q21076217,37
Q22276080,37
Q5283558,37
Q578794,37
Q1341108,37
Q857968,37
Q27303776,37
Q19912315,37
Q839496,37
Q13883136,37
Q547823,37
Q352858,37
Q2553885,37
Q2990216,37
Q728943,37
Q259724,37
Q26935994,37
Q19315483,37
Q16860836,37
Q5154611,37
Q189299,37
Q5177126,37
Q697327,37
Q207621,37
Q22984026,37
Q2532446,37
Q1121542,37
Q18779123,37
Q6448126,37
Q20521099,37
Q17014622,37
Q23811261,37
Q24241569,37
Q11738,37
Q3393392,37
Q27960093,37
Q3328263,37
Q31732,37
Q175112,37
Q1143785,37
Q7831615,37
Q2713614,37
Q677678,36
Q1284344,36
Q23702033,36
Q15987302,36
Q1293220,36
Q32489,36
Q483372,36
Q581450,36
Q17412622,36
Q28853922,36
Q13414761,36
Q123266,36
Q768186,36
Q6949213,36
Q29102902,36
Q216665,36
Q749316,36
Q18956797,36
Q1002812,36
Q22231107,36
Q920890,36
Q856079,36
Q26279855,36
Q7810129,36
Q2300373,36
Q660668,36
Q494823,36
Q179792,36
Q11559422,36
Q726492,36
Q1144447,36
Q59544,36
Q2623733,36
Q12816129,36
Q47506,36
Q957502,36
Q30634609,36
Q137823,36
Q28057489,36
Q1073735,36
Q131746,36
Q4894405,36
Q18014953,36
Q196294,36
Q1152547,36
Q160845,36
Q7251276,36
Q2005755,36
Q2367103,36
Q2997091,36
Q9088760,36
Q18654693,36
Q208361,36
Q3500558,36
Q47433,36
Q1074955,36
Q22275982,36
Q8778190,36
Q2973938,36
Q28061934,36
Q6619312,36
Q1872522,36
Q24713572,36
Q740550,36
Q27555319,36
Q3201456,36
Q25343628,36
Q992253,36
Q9369203,36
Q12778511,36
Q1964007,36
Q19397522,36
Q2382953,36
Q1037630,36
Q17057554,36
Q328092,36
Q28736872,36
Q158785,36
Q2716259,36
Q594447,36
Q386382,36
Q159821,35
Q27493,35
Q1993334,35
Q2627975,35
Q41796,35
Q1851685,35
Q732948,35
Q21073026,35
Q841154,35
Q512129,35
Q792425,35
Q2989457,35
Q223703,35
Q1006048,35
Q1517419,35
Q8108818,35
Q1085860,35
Q1485366,35
Q5457310,35
Q845643,35
Q28060193,35
Q202570,35
Q3077461,35
Q3516658,35
Q5031071,35
Q525504,35
Q905666,35
Q1473250,35
Q28381782,35
Q1004887,35
Q204310,35
Q1841580,35
Q24451526,35
Q1277842,35
Q9319988,35
Q1151612,35
Q1430384,35
Q209970,35
Q1453733,35
Q27062253,35
Q1300787,35
Q12813215,35
Q1412443,35
Q2930969,35
Q2280227,35
Q19791817,35
Q895526,35
Q206959,35
Q1621080,35
Q1967459,35
Q725744,35
Q2250551,35
Q28936794,35
Q19698111,35
Q627236,35
Q8146019,35
Q7569793,35
Q1139892,35
Q381165,35
Q728646,35
Q187939,35
Q1578744,35
Q52815,35
Q15205937,35
Q23661987,35
Q10283556,35
Q1151067,35
Q34891928,35
Q4748200,35
Q24296329,35
Q10499251,35
Q11502500,35
Q28146956,35
Q649930,35
Q28492208,35
Q1631470,35
Q2622945,35
Q2178278,35
Q284742,35
Q27254663,35
Q19535108,35
Q16269276,35
Q2419662,35
Q26896697,35
Q1425895,35
Q11034,35
Q483519,35
Q24931161,35
Q5098,34
Q122653,34
Q2500378,34
Q6545185,34
Q291177,34
Q28599311,34
Q14762300,34
Q19644586,34
Q215754,34
Q312468,34
Q30143872,34
Q20027953,34
Q2120466,34
Q158683,34
Q206287,34
Q1640829,34
Q1087786,34
Q202744,34
Q299345,34
Q170207,34
Q2070206,34
Q349772,34
Q815679,34
Q190042,34
Q2705481,34
Q431360,34
Q1071351,34
Q22808404,34
Q18328126,34
Q129455,34
Q18544917,34
Q20642011,34
Q6686945,34
Q4137843,34
Q1005420,34
Q13586493,34
Q582706,34
Q12054099,34
Q47089,34
Q2520412,34
Q5001853,34
Q891055,34
Q1504917,34
Q28099834,34
Q162244,34
Q1499149,34
Q766277,34
Q20087698,34
Q25297630,34
Q2453629,34
Q102538,34
Q2527950,34
Q1644573,34
Q1201493,34
Q1047437,34
Q25930752,34
Q385767,34
Q12799318,34
Q723570,34
Q528634,34
Q150138,34
Q906441,34
Q3000944,34
Q1778821,34
Q22733,34
Q844482,34
Q29828458,34
Q22280976,34
Q183186,34
Q3559225,34
Q3927245,34
Q5116768,34
Q18867064,34
Q22984450,34
Q1784021,34
Q7692354,34
Q4728292,34
Q22266213,34
Q2886620,34
Q16263503,34
Q155930,34
Q28936014,34
Q5097104,34
Q589282,34
Q601664,34
Q28649370,34
Q20824104,34
Q1436376,34
Q217107,34
Q743004,34
Q4888031,34
Q11955728,34
Q662829,34
Q3575878,34
Q19414242,34
Q4168092,34
Q25917186,34
Q49844,34
Q29167534,34
Q28109789,34
Q245260,33
Q13390680,33
Q29946056,33
Q758895,33
Q207436,33
Q211690,33
Q26789694,33
Q15060255,33
Q13641190,33
Q11042,33
Q1408288,33
Q13534339,33
Q3707571,33
Q9109,33
Q2705092,33
Q13414755,33
Q1231896,33
Q545779,33
Q1497061,33
Q2655841,33
Q2881060,33
Q9233,33
Q13365548,33
Q18819329,33
Q847906,33
Q1827405,33
Q655089,33
Q3518464,33
Q1620914,33
Q25796237,33
Q220935,33
Q1394653,33
Q1049049,33
Q92107,33
Q54277,33
Q6501550,33
Q705914,33
Q1065656,33
Q877484,33
Q223706,33
Q160696,33
Q48473,33
Q6566301,33
Q6586445,33
Q644264,33
Q21114848,33
Q14509381,33
Q10832530,33
Q357380,33
Q299425,33
Q19541,33
Q659396,33
Q203784,33
Q1462047,33
Q5470028,33
Q2230328,33
Q28058114,33
Q1187849,33
Q1940786,33
Q14136353,33
Q40614,33
Q18642164,33
Q1179189,33
Q36378425,33
Q2279997,33
Q181593,33
Q25343631,33
Q23308928,33
Q3956865,33
Q3956920,33
Q15116774,33
Q1414647,33
Q24205147,33
Q15072596,33
Q21597741,33
Q17198524,33
Q3555197,33
Q22668995,33
Q6593033,33
Q9053464,33
Q866133,33
Q622499,33
Q1845,33
Q14701649,33
Q27642681,33
Q696031,33
Q22983697,33
Q17622327,33
Q4404699,33
Q11953090,33
Q2301224,33
Q469670,33
Q1784733,33
Q21073501,33
Q20671729,33
Q729571,33
Q919510,33
Q147492,33
Q134566,33
Q476078,33
Q2051212,33
Q15643615,33
Q12916,32
Q932268,32
Q215655,32
Q50707,32
Q865493,32
Q1752939,32
Q1718623,32
Q19097,32
Q35516,32
Q403523,32
Q263755,32
Q1344695,32
Q897103,32
Q15296031,32
Q17269995,32
Q11417,32
Q8000,32
Q7927899,32
Q168247,32
Q15169167,32
Q1665984,32
Q211025,32
Q15142889,32
Q6834,32
Q3943414,32
Q259864,32
Q2867136,32
Q11460,32
Q1701174,32
Q20888925,32
Q1535182,32
Q1407225,32
Q7406919,32
Q489115,32
Q2005506,32
Q171308,32
Q3591583,32
Q1055028,32
Q22276038,32
Q4189293,32
Q1797122,32
Q82821,32
Q855747,32
Q15068450,32
Q2137251,32
Q20625120,32
Q143692,32
Q7894227,32
Q20027951,32
Q1193504,32
Q1315945,32
Q1053463,32
Q44167,32
Q476807,32
Q89477,32
Q1963627,32
Q19509097,32
Q748757,32
Q22266583,32
Q18248981,32
Q19828370,32
Q1068763,32
Q481289,32
Q165363,32
Q171558,32
Q358877,32
Q1865617,32
Q598273,32
Q27028153,32
Q847301,32
Q686822,32
Q5739135,32
Q21561350,32
Q15966540,32
Q876852,32
Q4321471,32
Q682154,32
Q24558942,32
Q960844,32
Q28333164,32
Q3524248,32
Q29898672,32
Q10433511,32
Q167903,32
Q2989770,32
Q5138347,32
Q1542629,32
Q190996,32
Q679106,32
Q930680,32
Q165863,32
Q2103991,32
Q23660852,32
Q188456,32
Q23657385,32
Q39397,32
Q3770895,32
Q26001232,32
Q28110152,32
Q7458240,32
Q28976135,32
Q30057139,32
Q133442,31
Q202686,31
Q15733039,31
Q19793459,31
Q15149663,31
Q173227,31
Q7468093,31
Q190438,31
Q335806,31
Q15063611,31
Q7309443,31
Q202435,31
Q33125444,31
Q2030469,31
Q128952,31
Q7590,31
Q75762,31
Q205464,31
Q368860,31
Q3032351,31
Q7315176,31
Q28057350,31
Q1049358,31
Q2993243,31
Q190084,31
Q29469577,31
Q24298790,31
Q189349,31
Q40953,31
Q3406372,31
Q1112477,31
Q17198419,31
Q1612985,31
Q18105680,31
Q279800,31
Q1230132,31
Q2217259,31
Q913635,31
Q614084,31
Q7585305,31
Q7840326,31
Q903055,31
Q1364,31
Q1236680,31
Q1213296,31
Q313414,31
Q5770918,31
Q6631808,31
Q18534,31
Q913337,31
Q1152708,31
Q22695893,31
Q1847992,31
Q452543,31
Q816321,31
Q935773,31
Q448958,31
Q30224326,31
Q740437,31
Q485,31
Q132510,31
Q1841634,31
Q5406,31
Q192375,31
Q2822246,31
Q13580385,31
Q7787114,31
Q3478786,31
Q3587541,31
Q1810789,31
Q27062351,31
Q19886676,31
Q685204,31
Q1093954,31
Q19347489,31
Q7826011,31
Q1412205,31
Q1308121,31
Q25448839,31
Q943429,31
Q12712991,31
Q954007,31
Q2469193,31
Q1436833,31
Q11227712,31
Q151942,31
Q20744439,31
Q12112184,31
Q5584324,31
Q1549393,31
Q3956990,31
Q17371838,31
Q17447455,31
Q2457809,31
Q477795,31
Q188075,31
Q1413444,31
Q21683658,31
Q769603,31
Q26001209,31
Q241045,31
Q262026,31
Q29982545,31
Q30106715,31
Q18949,30
Q973887,30
Q1065579,30
Q179872,30
Q788104,30
Q2303329,30
Q337986,30
Q1537360,30
Q28790362,30
Q15141632,30
Q845820,30
Q28149961,30
Q15983795,30
Q24334976,30
Q17455058,30
Q209824,30
Q43197,30
Q272683,30
Q18089587,30
Q834028,30
Q1135557,30
Q877886,30
Q1062856,30
Q321839,30
Q1788992,30
Q621636,30
Q1640168,30
Q1391145,30
Q17438413,30
Q2038419,30
Q331570,30
Q159535,30
Q19973795,30
Q22695896,30
Q1792401,30
Q941782,30
Q253481,30
Q15984860,30
Q473932,30
Q24249534,30
Q1770971,30
Q197952,30
Q212828,30
Q17377631,30
Q1294035,30
Q1003631,30
Q658986,30
Q835400,30
Q5167149,30
Q1194268,30
Q699405,30
Q1140845,30
Q1970086,30
Q209968,30
Q200023,30
Q1245737,30
Q656382,30
Q40397,30
Q12719343,30
Q299409,30
Q82604,30
Q687737,30
Q1476232,30
Q2074370,30
Q21190845,30
Q15975450,30
Q734698,30
Q870455,30
Q680455,30
Q2537831,30
Q105131,30
Q20268591,30
Q672070,30
Q2445029,30
Q24566674,30
Q26243694,30
Q223170,30
Q1244860,30
Q420927,30
Q6302924,30
Q4656638,30
Q730471,30
Q24713744,30
Q10429090,30
Q19324463,30
Q11607562,30
Q29043181,30
Q13862071,30
Q17489659,30
Q22988631,30
Q17285269,30
Q159558,30
Q131419,30
Q171650,30
Q12014132,30
Q16699887,30
Q26760286,30
Q26001210,30
Q12047893,30
Q667999,30
Q7378,30
Q33120923,30
Q15105893,29
Q867143,29
Q23058,29
Q216916,29
Q579036,29
Q590232,29
Q13415365,29
Q36103,29
Q215844,29
Q2935533,29
Q1979154,29
Q15221370,29
Q215048,29
Q134737,29
Q788046,29
Q1165822,29
Q21583365,29
Q15961983,29
Q192678,29
Q1464916,29
Q2284298,29
Q219239,29
Q2458227,29
Q1293276,29
Q20965826,29
Q712378,29
Q930933,29
Q23868001,29
Q205722,29
Q16782623,29
Q36161,29
Q3586928,29
Q820141,29
Q28152398,29
Q740787,29
Q3927261,29
Q2265915,29
Q178401,29
Q1066707,29
Q1711403,29
Q2281940,29
Q2404842,29
Q678146,29
Q287950,29
Q4826921,29
Q28599824,29
Q732997,29
Q1424805,29
Q11834910,29
Q834406,29
Q1057968,29
Q828973,29
Q1156854,29
Q844700,29
Q3353787,29
Q1341387,29
Q182274,29
Q299651,29
Q299543,29
Q1203320,29
Q1203806,29
Q2333944,29
Q17517,29
Q1327578,29
Q696677,29
Q477155,29
Q2305901,29
Q22908,29
Q1626942,29
Q2472969,29
Q209556,29
Q299603,29
Q1313096,29
Q170984,29
Q1749541,29
Q961537,29
Q390220,29
Q23929070,29
Q1066288,29
Q4711849,29
Q15038594,29
Q31728,29
Q25930813,29
Q14755054,29
Q610398,29
Q1123526,29
Q1774251,29
Q16509826,29
Q27676420,29
Q15942175,29
Q6763673,29
Q790344,29
Q8162,29
Q916897,29
Q13222030,29
Q170384,29
Q3957304,29
Q3957370,29
Q4003767,29
Q26940804,29
Q7649718,29
Q1059994,29
Q7258040,29
Q1618899,29
Q629309,29
Q24714393,29
Q22275938,29
Q1898047,29
Q10915529,29
Q7245816,29
Q1191753,29
Q5487333,29
Q351113,29
Q18810310,29
Q19643892,29
Q16652878,29
Q18760232,29
Q267734,29
Q17004976,29
Q3835961,29
Q17115912,29
Q1663817,29
Q24571886,29
Q19803443,29
Q11915366,29
Q22669562,29
Q22833327,29
Q23811263,29
Q18411786,29
Q26876682,29
Q27792093,29
Q10712411,29
Q29001044,29
Q29382731,29
Q16296988,29
Q32307714,29
Q15630179,29
Q185441,28
Q15974307,28
Q485258,28
Q18346422,28
Q674541,28
Q27587491,28
Q241317,28
Q187432,28
Q202265,28
Q5188437,28
Q1143070,28
Q59284,28
Q27702623,28
Q1889,28
Q205570,28
Q506219,28
Q9227,28
Q472538,28
Q3244175,28
Q2426029,28
Q1058387,28
Q720609,28
Q444456,28
Q2468836,28
Q7505806,28
Q451967,28
Q211236,28
Q498267,28
Q300008,28
Q22811668,28
Q810308,28
Q2024454,28
Q362165,28
Q1504429,28
Q9166501,28
Q28168011,28
Q1243341,28
Q185598,28
Q1624034,28
Q499337,28
Q1669338,28
Q1661,28
Q5960,28
Q1054760,28
Q38936,28
Q620035,28
Q4801521,28
Q781528,28
Q694225,28
Q193424,28
Q320347,28
Q1372628,28
Q194172,28
Q1073355,28
Q9046617,28
Q181860,28
Q29023906,28
Q1572121,28
Q184148,28
Q668130,28
Q1320830,28
Q192624,28
Q1272770,28
Q15079786,28
Q37038,28
Q477202,28
Q299144,28
Q279479,28
Q81513,28
Q5267014,28
Q909300,28
Q13882371,28
Q472211,28
Q21358050,28
Q33628585,28
Q5508804,28
Q198952,28
Q28971984,28
Q3586952,28
Q13427619,28
Q1526999,28
Q1610234,28
Q4867756,28
Q868698,28
Q6158975,28
Q131539,28
Q5356265,28
Q28054019,28
Q484847,28
Q639197,28
Q9294718,28
Q1549739,28
Q10711413,28
Q7904579,28
Q14942770,28
Q18636219,28
Q2199024,28
Q27531730,28
Q16148174,28
Q146048,28
Q1244038,28
Q23904673,28
Q17152639,28
Q1065592,28
Q7856853,28
Q784823,28
Q12012406,28
Q14518765,28
Q58854,28
Q22002138,28
Q23005601,28
Q163760,28
Q29547399,28
Q26001212,28
Q203789,28
Q3052382,28
Q28510119,28
Q970092,28
Q30444935,28
Q12857432,27
Q15053464,27
Q184348,27
Q839864,27
Q30058680,27
Q174389,27
Q210932,27
Q86860,27
Q204910,27
Q16295254,27
Q59759,27
Q42527,27
Q1353183,27
Q3961951,27
Q1074523,27
Q1387659,27
Q164142,27
Q821435,27
Q3364923,27
Q189567,27
Q202805,27
Q2596997,27
Q2366460,27
Q2145277,27
Q1850674,27
Q4436935,27
Q682697,27
Q2141554,27
Q474748,27
Q299277,27
Q648681,27
Q27888184,27
Q22268901,27
Q110145,27
Q28100907,27
Q300153,27
Q1829505,27
Q1517334,27
Q246747,27
Q3252884,27
Q583157,27
Q299617,27
Q141488,27
Q4390702,27
Q1007311,27
Q799469,27
Q4294273,27
Q28100665,27
Q505815,27
Q1186471,27
Q75920,27
Q428148,27
Q29628876,27
Q658888,27
Q1050132,27
Q3535094,27
Q1431283,27
Q19913602,27
Q304918,27
Q540130,27
Q17317625,27
Q19862317,27
Q570600,27
Q223740,27
Q26280629,27
Q15630525,27
Q206864,27
Q174174,27
Q299473,27
Q22266624,27
Q1700470,27
Q1758841,27
Q2634432,27
Q506447,27
Q2247929,27
Q11849395,27
Q188285,27
Q505810,27
Q610579,27
Q204752,27
Q2571972,27
Q3079027,27
Q4814017,27
Q1529,27
Q5333253,27
Q1852401,27
Q1636955,27
Q23904672,27
Q15104915,27
Q154507,27
Q1399862,27
Q3214576,27
Q6636519,27
Q7535770,27
Q25343622,27
Q18640780,27
Q1984758,27
Q44497,27
Q3497114,27
Q920397,27
Q1940747,27
Q11325729,27
Q29850536,27
Q5640597,27
Q285852,27
Q22988651,27
Q2168243,27
Q1371288,27
Q1523627,27
Q1298953,27
Q1548432,27
Q17195481,27
Q18759708,27
Q2596406,27
Q7335033,27
Q665247,27
Q784903,27
Q19812499,27
Q11785438,27
Q197052,27
Q213461,27
Q3180027,27
Q30504812,27
Q20819922,26
Q82414,26
Q24452,26
Q14770218,26
Q1282265,26
Q2596245,26
Q2367171,26
Q2708903,26
Q1326966,26
Q11773926,26
Q3387041,26
Q22269206,26
Q499720,26
Q188211,26
Q1897098,26
Q3408055,26
Q24444087,26
Q1136730,26
Q210707,26
Q861184,26
Q667092,26
Q512399,26
Q560311,26
Q924286,26
Q23929671,26
Q2419773,26
Q1341478,26
Q216931,26
Q640078,26
Q369359,26
Q2515494,26
Q505782,26
Q2577883,26
Q300168,26
Q420964,26
Q1779653,26
Q351507,26
Q557728,26
Q799305,26
Q3777387,26
Q698350,26
Q82996,26
Q7699221,26
Q4511568,26
Q14701803,26
Q21497886,26
Q660558,26
Q18011235,26
Q6882870,26
Q299174,26
Q3602172,26
Q207378,26
Q899197,26
Q12184,26
Q31579,26
Q2140161,26
Q18611872,26
Q861555,26
Q17518870,26
Q2346,26
Q4117406,26
Q2642651,26
Q1803820,26
Q4686866,26
Q124964,26
Q121702,26
Q667186,26
Q903985,26
Q38774,26
Q310948,26
Q962460,26
Q22338592,26
Q216866,26
Q519105,26
Q20290500,26
Q665952,26
Q3757179,26
Q689880,26
Q5767753,26
Q3375722,26
Q13360713,26
Q784007,26
Q4335922,26
Q837910,26
Q556569,26
Q1460484,26
Q299496,26
Q6554101,26
Q2860410,26
Q813966,26
Q643292,26
Q8386,26
Q2950772,26
Q19823486,26
Q1459186,26
Q2930220,26
Q192581,26
Q1359104,26
Q177626,26
Q20750954,26
Q3279218,26
Q11780435,26
Q14037025,26
Q115278,26
Q7163,26
Q15116915,26
Q121182,26
Q4102249,26
Q2312714,26
Q2335227,26
Q2738803,26
Q22269279,26
Q299254,26
Q11000047,26
Q1362483,26
Q1543675,26
Q28666644,26
Q23931359,26
Q83478,26
Q1808129,26
Q2002757,26
Q4866996,26
Q1209840,26
Q5163953,26
Q15643559,26
Q173453,26
Q36835995,26
Q24576816,26
Q4367464,26
Q27887946,26
Q20645256,26
Q5604299,26
Q28531312,26
Q3270419,26
Q24041622,26
Q22965078,26
Q19115949,26
Q29154550,26
Q2484776,26
Q7681353,26
Q22965162,26
Q21682724,26
Q10855239,26
Q341070,26
Q13231610,26
Q280209,26
Q4492344,26
Q108709,26
Q28106456,26
Q3458253,26
Q1548072,26
Q1323314,26
Q2084929,26
Q18814970,26
Q1623285,26
Q3325889,26
Q19820110,26
Q21150294,26
Q2506578,26
Q83203,26
Q5469884,26
Q35197,26
Q27031016,26
Q27030941,26
Q161524,26
Q12047886,26
Q1454553,26
Q15780329,26
Q107390,25
Q134626,25
Q257978,25
Q1639780,25
Q1797194,25
Q174211,25
Q14390192,25
Q681026,25
Q9259,25
Q24426042,25
Q455621,25
Q26883973,25
Q9122,25
Q45713,25
Q1925406,25
Q28966115,25
Q193556,25
Q18731989,25
Q933394,25
Q17505024,25
Q29168169,25
Q1046763,25
Q2016578,25
Q1079196,25
Q55490,25
Q3254959,25
Q220187,25
Q299706,25
Q6738041,25
Q10273077,25
Q25616558,25
Q27448,25
Q108689,25
Q1230110,25
Q23442338,25
Q15636229,25
Q1149621,25
Q186361,25
Q299402,25
Q264806,25
Q168658,25
Q34486,25
Q1224870,25
Q1137352,25
Q299439,25
Q694589,25
Q2693910,25
Q511855,25
Q3778417,25
Q18681691,25
Q562166,25
Q6848,25
Q167170,25
Q24616,25
Q16744570,25
Q2056928,25
Q3518514,25
Q925580,25
Q16514343,25
Q1151014,25
Q319676,25
Q15708736,25
Q2245405,25
Q3499307,25
Q540439,25
Q7969215,25
Q134830,25
Q20672229,25
Q12516,25
Q27250,25
Q22669535,25
Q3380824,25
Q1131329,25
Q187934,25
Q1278513,25
Q13429025,25
Q2900244,25
Q22815096,25
Q3515348,25
Q2338524,25
Q3151392,25
Q8078,25
Q1077817,25
Q332589,25
Q19828534,25
Q8091,25
Q215864,25
Q5307555,25
Q2986735,25
Q838761,25
Q5113,25
Q34687,25
Q15407956,25
Q25372,25
Q2557059,25
Q956161,25
Q912726,25
Q22338585,25
Q21561306,25
Q1778788,25
Q1377575,25
Q15222729,25
Q22333900,25
Q2916962,25
Q4142381,25
Q53706,25
Q1367500,25
Q190399,25
Q20006438,25
Q12051975,25
Q210632,25
Q59950,25
Q15627509,25
Q1779930,25
Q15728610,25
Q2741214,25
Q12038182,25
Q11920950,25
Q2660722,25
Q11968694,25
Q27869523,25
Q146992,25
Q28106586,25
Q149332,25
Q384139,25
Q16716832,25
Q3017540,25
Q20120065,25
Q3653808,25
Q22029360,25
Q13426466,25
Q2091629,25
Q26001221,25
Q2661442,25
Q27973253,25
Q374821,25
Q324926,25
Q1069873,25
Q152548,25
Q79757,25
Q849964,25
Q835624,25
Q7814332,25
Q38112,25
Q5327369,25
Q74574,24
Q1048835,24
Q483130,24
Q5389993,24
Q38547,24
Q1886349,24
Q20871948,24
Q26789571,24
Q796635,24
Q998672,24
Q6439708,24
Q15902866,24
Q1750458,24
Q19314966,24
Q389959,24
Q1022867,24
Q19644607,24
Q3348196,24
Q180874,24
Q190915,24
Q308891,24
Q4611891,24
Q2572794,24
Q827597,24
Q719987,24
Q1185562,24
Q5283559,24
Q299454,24
Q1147171,24
Q690084,24
Q850950,24
Q16889133,24
Q18681690,24
Q5109325,24
Q1850612,24
Q2165983,24
Q1142281,24
Q496539,24
Q574299,24
Q667471,24
Q640262,24
Q3027597,24
Q864718,24
Q12712989,24
Q112983,24
Q177691,24
Q16708006,24
Q133585,24
Q30515,24
Q1990975,24
Q193663,24
Q167682,24
Q1307560,24
Q592389,24
Q3412198,24
Q187616,24
Q1317754,24
Q868410,24
Q16767597,24
Q683992,24
Q1112958,24
Q299561,24
Q188686,24
Q836943,24
Q1060532,24
Q524107,24
Q7252589,24
Q169359,24
Q180997,24
Q505174,24
Q919525,24
Q575727,24
Q1421712,24
Q766199,24
Q743934,24
Q1260006,24
Q18810488,24
Q850450,24
Q15707563,24
Q18285098,24
Q1131040,24
Q1190993,24
Q448998,24
Q1149324,24
Q624240,24
Q17710980,24
Q24618255,24
Q1345528,24
Q1719244,24
Q2593517,24
Q1521410,24
Q863974,24
Q10498148,24
Q336514,24
Q623525,24
Q1983296,24
Q21092339,24
Q2125867,24
Q7540126,24
Q776396,24
Q3686129,24
Q2294583,24
Q1420480,24
Q5458453,24
Q3044788,24
Q2828312,24
Q655362,24
Q46847,24
Q2945301,24
Q169956,24
Q1806785,24
Q23925382,24
Q19905455,24
Q30612,24
Q17351697,24
Q242052,24
Q7081462,24
Q2632224,24
Q3637297,24
Q4098662,24
Q892368,24
Q216759,24
Q24925,24
Q133006,24
Q10655185,24
Q552835,24
Q828827,24
Q4887617,24
Q2025421,24
Q28657263,24
Q19754825,24
Q1254335,24
Q49385,24
Q21540699,24
Q163777,24
Q54831,24
Q842400,24
Q43436,24
Q1376651,24
Q210272,24
Q4411921,24
Q22809326,24
Q14942782,24
Q47528,24
Q23841351,24
Q616151,24
Q856638,24
Q25424443,24
Q978,24
Q24199684,24
Q2714209,24
Q12038210,24
Q3391771,24
Q17928402,24
Q25938183,24
Q25387341,24
Q25398074,24
Q26001234,24
Q28064761,24
Q2381977,24
Q1127296,24
Q29052406,24
Q15544583,24
Q3477318,24
Q4213,24
Q5783893,24
Q25846004,24
Q43702,23
Q6505795,23
Q200250,23
Q858485,23
Q3575260,23
Q22811234,23
Q1615742,23
Q15634846,23
Q184932,23
Q5051330,23
Q25110269,23
Q13890,23
Q511056,23
Q501094,23
Q49376,23
Q44753,23
Q13415371,23
Q9332,23
Q208109,23
Q681277,23
Q14763041,23
Q36191904,23
Q811909,23
Q1063547,23
Q130989,23
Q678405,23
Q4373614,23
Q1062138,23
Q2122052,23
Q1074814,23
Q11802343,23
Q933530,23
Q729,23
Q1307759,23
Q1186981,23
Q261023,23
Q26989049,23
Q28920142,23
Q1962634,23
Q369730,23
Q15513569,23
Q851110,23
Q13603535,23
Q18783400,23
Q1440453,23
Q518350,23
Q15697324,23
Q20225034,23
Q13410464,23
Q19361238,23
Q1361086,23
Q634415,23
Q217438,23
Q6825,23
Q28659128,23
Q66295,23
Q1138815,23
Q1128324,23
Q665634,23
Q693906,23
Q194029,23
Q15411644,23
Q1005418,23
Q3241267,23
Q16679410,23
Q1474611,23
Q1839475,23
Q527589,23
Q1127126,23
Q358316,23
Q28793904,23
Q27318,23
Q695984,23
Q19729799,23
Q708731,23
Q7802,23
Q144019,23
Q180927,23
Q1227249,23
Q1671086,23
Q743376,23
Q385557,23
Q1433086,23
Q1353040,23
Q350604,23
Q1936626,23
Q2120173,23
Q211351,23
Q1205216,23
Q471670,23
Q2954419,23
Q168210,23
Q1897916,23
Q30504600,23
Q558225,23
Q212441,23
Q1314535,23
Q532998,23
Q14875859,23
Q18809877,23
Q184349,23
Q12796,23
Q1559394,23
Q15631874,23
Q646110,23
Q1191610,23
Q2993180,23
Q2557477,23
Q17344046,23
Q1179427,23
Q2682286,23
Q3500564,23
Q3428753,23
Q1399868,23
Q2066031,23
Q506572,23
Q3654182,23
Q3204,23
Q813323,23
Q5436782,23
Q203323,23
Q2920860,23
Q16387,23
Q1758037,23
Q1860997,23
Q734296,23
Q5375,23
Q847950,23
Q17627207,23
Q17680584,23
Q24181434,23
Q1080224,23
Q47369,23
Q7407968,23
Q31028965,23
Q354025,23
Q7133626,23
Q6459968,23
Q2277441,23
Q27554593,23
Q33060455,23
Q7257282,23
Q4390543,23
Q11946645,23
Q27968043,23
Q634755,23
Q1015103,23
Q14694923,23
Q4413844,23
Q6963796,23
Q2176289,23
Q17518461,23
Q27532818,23
Q1678289,23
Q18810322,23
Q667148,23
Q250090,23
Q11924608,23
Q5029004,23
Q19799938,23
Q3117505,23
Q1068473,23
Q939644,23
Q1002954,23
Q165044,23
Q23726521,23
Q23811269,23
Q26001211,23
Q28050899,23
Q25393580,23
Q49906,23
Q30445031,23
Q607728,22
Q179164,22
Q28598684,22
Q1643932,22
Q41162,22
Q896881,22
Q217101,22
Q10983451,22
Q48242,22
Q15401633,22
Q16705943,22
Q22704077,22
Q35221,22
Q911142,22
Q642683,22
Q17334923,22
Q26279902,22
Q487967,22
Q1156073,22
Q207170,22
Q12870,22
Q422986,22
Q1428239,22
Q15979307,22
Q82042,22
Q7994,22
Q66016,22
Q7927908,22
Q390752,22
Q93267,22
Q235356,22
Q1301203,22
Q4335750,22
Q1139665,22
Q101487,22
Q117850,22
Q772636,22
Q50399,22
Q6619719,22
Q1699583,22
Q677053,22
Q831219,22
Q28922882,22
Q1376777,22
Q1502887,22
Q1044749,22
Q23296480,22
Q2409117,22
Q702215,22
Q336164,22
Q30892578,22
Q331367,22
Q1323212,22
Q971831,22
Q138796,22
Q215680,22
Q3394564,22
Q35473,22
Q1935136,22
Q3141478,22
Q926026,22
Q2425489,22
Q562214,22
Q299382,22
Q2346671,22
Q6988120,22
Q5455089,22
Q28464444,22
Q185217,22
Q1326107,22
Q30505248,22
Q135010,22
Q819435,22
Q159184,22
Q2882210,22
Q127780,22
Q22706,22
Q1439691,22
Q698076,22
Q606977,22
Q11183017,22
Q205020,22
Q5058981,22
Q17444171,22
Q37732,22
Q1110056,22
Q1468088,22
Q6867185,22
Q299220,22
Q2602693,22
Q2415599,22
Q3070575,22
Q673383,22
Q1391517,22
Q13409250,22
Q3026787,22
Q1416052,22
Q210077,22
Q591990,22
Q26939879,22
Q1913135,22
Q1229454,22
Q22696407,22
Q5797488,22
Q511355,22
Q15731547,22
Q2560570,22
Q848991,22
Q1397416,22
Q1248874,22
Q956034,22
Q1395324,22
Q336473,22
Q691154,22
Q1643737,22
Q31184,22
Q16521098,22
Q279820,22
Q26944892,22
Q117827,22
Q613729,22
Q872,22
Q1557948,22
Q22281036,22
Q15720873,22
Q1235413,22
Q212920,22
Q193866,22
Q2471205,22
Q3147670,22
Q2031637,22
Q24570142,22
Q1088759,22
Q383826,22
Q208030,22
Q653208,22
Q2387974,22
Q1654923,22
Q8795,22
Q506214,22
Q2062773,22
Q552161,22
Q245829,22
Q321550,22
Q163687,22
Q649107,22
Q2887690,22
Q1016093,22
Q2362867,22
Q18331255,22
Q326561,22
Q2914427,22
Q1155622,22
Q731236,22
Q23308777,22
Q1861055,22
Q283256,22
Q2976602,22
Q2543529,22
Q871403,22
Q6174113,22
Q299783,22
Q2185592,22
Q299369,22
Q537000,22
Q2704271,22
Q729477,22
Q27588331,22
Q123991,22
Q19332036,22
Q7625093,22
Q2473917,22
Q22715,22
Q29972092,22
Q771220,22
Q22964372,22
Q11643861,22
Q1538570,22
Q17015796,22
Q2145163,22
Q5377740,22
Q19403959,22
Q23712,22
Q478515,22
Q3421644,22
Q6372905,22
Q29206932,22
Q24075706,22
Q1180267,22
Q6796435,22
Q24713353,22
Q15284636,22
Q4121104,22
Q616981,22
Q20723931,22
Q785369,22
Q4790675,22
Q493016,22
Q210260,22
Q470561,22
Q918088,22
Q1929784,22
Q24716199,22
Q22981316,22
Q582872,22
Q367937,22
Q29561722,22
Q1741846,22
Q264238,22
Q21272231,22
Q1165859,22
Q22981456,22
Q22569957,22
Q11910414,22
Q175957,22
Q26001222,22
Q156687,22
Q158783,22
Q147459,22
Q13479982,22
Q765057,22
Q636377,22
Q848031,22
Q1341170,22
Q838828,22
Q2935973,22
Q1131532,22
Q245117,22
Q1023370,22
Q1089520,22
Q17099499,22
Q1180262,21
Q14811181,21
Q179600,21
Q15239622,21
Q49447,21
Q206361,21
Q10675206,21
Q7854,21
Q5893,21
Q179076,21
Q59281,21
Q408891,21
Q2304194,21
Q15729598,21
Q15135589,21
Q3950801,21
Q15649510,21
Q3317792,21
Q215495,21
Q201891,21
Q595871,21
Q26879763,21
Q7333267,21
Q706447,21
Q6266,21
Q11374147,21
Q26897858,21
Q189898,21
Q10638581,21
Q545985,21
Q1924249,21
Q3413443,21
Q214190,21
Q331130,21
Q19833563,21
Q478770,21
Q851830,21
Q93249,21
Q25289192,21
Q39809,21
Q300180,21
Q473853,21
Q11288,21
Q170885,21
Q13414754,21
Q622016,21
Q7268568,21
Q845392,21
Q690851,21
Q497324,21
Q16858238,21
Q267596,21
Q2954514,21
Q40843,21
Q2116256,21
Q510785,21
Q299740,21
Q1006573,21
Q21190961,21
Q483463,21
Q12289444,21
Q424204,21
Q4818169,21
Q1414135,21
Q674775,21
Q22703240,21
Q1367821,21
Q20268453,21
Q2537344,21
Q1053630,21
Q177471,21
Q333920,21
Q2406205,21
Q775110,21
Q2409064,21
Q810327,21
Q1149395,21
Q445741,21
Q1006074,21
Q273469,21
Q660549,21
Q699735,21
Q24243801,21
Q1132477,21
Q681615,21
Q1127434,21
Q80151,21
Q757554,21
Q2558569,21
Q1659844,21
Q159172,21
Q15710656,21
Q783137,21
Q832778,21
Q18972245,21
Q21099420,21
Q21521438,21
Q1497011,21
Q2556234,21
Q1326624,21
Q13138621,21
Q967577,21
Q3131754,21
Q36378899,21
Q3032114,21
Q221295,21
Q2393315,21
Q509222,21
Q5491252,21
Q776859,21
Q18581203,21
Q24659965,21
Q595523,21
Q188734,21
Q3098879,21
Q18593264,21
Q253137,21
Q661270,21
Q7132141,21
Q3010392,21
Q3010369,21
Q850990,21
Q838549,21
Q3364296,21
Q373661,21
Q1391617,21
Q20724764,21
Q3578166,21
Q21170330,21
Q3644666,21
Q2610391,21
Q2404958,21
Q934877,21
Q2064236,21
Q181505,21
Q1080406,21
Q1080438,21
Q8496,21
Q1536607,21
Q591412,21
Q1144163,21
Q786803,21
Q1156811,21
Q214242,21
Q2036577,21
Q2032961,21
Q194796,21
Q3232779,21
Q7683500,21
Q17456916,21
Q298750,21
Q5642659,21
Q27555384,21
Q3030513,21
Q22997934,21
Q15671253,21
Q336172,21
Q24706075,21
Q906512,21
Q784159,21
Q196321,21
Q2588761,21
Q13561346,21
Q11076354,21
Q23745,21
Q178433,21
Q11179000,21
Q212930,21
Q1766565,21
Q23034955,21
Q29463880,21
Q4119870,21
Q23038310,21
Q4204491,21
Q24239898,21
Q510177,21
Q184698,21
Q910489,21
Q14456068,21
Q18812548,21
Q17586363,21
Q11708504,21
Q877664,21
Q18815142,21
Q5531853,21
Q2249234,21
Q19833736,21
Q745221,21
Q19899872,21
Q178651,21
Q133220,21
Q18518822,21
Q1088652,21
Q469744,21
Q3389165,21
Q25391233,21
Q899204,21
Q182415,21
Q136269,21
Q20639925,21
Q134560,21
Q3072863,21
Q29905619,21
Q11887871,21
Q189771,21
Q13156501,21
Q21648161,21
Q23173209,21
Q1933634,21
Q602358,21
Q24097670,21
Q25467156,21
Q327349,21
Q26001217,21
Q146269,21
Q2379170,21
Q28822711,21
Q18352932,21
Q1893641,21
Q2993544,21
Q81707,21
Q260105,21
Q1589077,21
Q1335799,21
Q543901,21
Q18357606,21
Q959782,21
Q1221156,20
Q17781690,20
Q188604,20
Q236036,20
Q1749269,20
Q156,20
Q3977918,20
Q474698,20
Q182653,20
Q28923954,20
Q35769,20
Q147027,20
Q1403502,20
Q3457065,20
Q83437,20
Q3239681,20
Q49297,20
Q26398,20
Q57053,20
Q131299,20
Q36646373,20
Q843214,20
Q131183,20
Q18681579,20
Q941081,20
Q5375622,20
Q1284645,20
Q159954,20
Q841753,20
Q4373292,20
Q202199,20
Q1456832,20
Q2260567,20
Q725909,20
Q641406,20
Q7217761,20
Q5518574,20
Q3235956,20
Q7968600,20
Q320501,20
Q787113,20
Q1437937,20
Q2986807,20
Q3732788,20
Q18683469,20
Q188504,20
Q238982,20
Q946596,20
Q2972684,20
Q6973377,20
Q4178140,20
Q28100830,20
Q2502537,20
Q179233,20
Q3946397,20
Q7888355,20
Q2144320,20
Q1415179,20
Q4683409,20
Q1138826,20
Q2712963,20
Q15690029,20
Q5518656,20
Q284465,20
Q2997887,20
Q29044175,20
Q1206437,20
Q4806618,20
Q11121294,20
Q829546,20
Q799633,20
Q655677,20
Q1849110,20
Q28539166,20
Q16659620,20
Q1934961,20
Q474733,20
Q28053575,20
Q1136880,20
Q1661080,20
Q860879,20
Q935708,20
Q1579337,20
Q20650540,20
Q1077784,20
Q285927,20
Q937951,20
Q1464124,20
Q2177010,20
Q142085,20
Q546113,20
Q2655298,20
Q1232589,20
Q1191702,20
Q1517777,20
Q1112537,20
Q180987,20
Q1141321,20
Q42372,20
Q1144991,20
Q14927600,20
Q17326725,20
Q15621933,20
Q1311696,20
Q6981985,20
Q503847,20
Q2532203,20
Q1931388,20
Q132017,20
Q14390354,20
Q2168991,20
Q1052647,20
Q3220096,20
Q30016797,20
Q1071027,20
Q24660195,20
Q2479200,20
Q193544,20
Q511866,20
Q1368,20
Q42106,20
Q20821044,20
Q3116860,20
Q18580661,20
Q1403107,20
Q22276264,20
Q2099680,20
Q299814,20
Q2292129,20
Q859161,20
Q1529128,20
Q4959031,20
Q1181413,20
Q28961179,20
Q51631,20
Q1412224,20
Q15720641,20
Q7921,20
Q894571,20
Q1153108,20
Q13584407,20
Q4384751,20
Q21190411,20
Q15304628,20
Q3591588,20
Q1999103,20
Q3284597,20
Q3177968,20
Q421,20
Q172587,20
Q3775082,20
Q23404,20
Q263619,20
Q2272186,20
Q19342106,20
Q15799,20
Q1115855,20
Q37260,20
Q4353479,20
Q4128673,20
Q580231,20
Q1148594,20
Q2988192,20
Q2033735,20
Q1572063,20
Q3085519,20
Q1193470,20
Q19802341,20
Q28932079,20
Q1160920,20
Q5454668,20
Q216778,20
Q29883647,20
Q46857,20
Q18009569,20
Q182985,20
Q1267889,20
Q15501937,20
Q24581379,20
Q28940909,20
Q6523275,20
Q24177311,20
Q3275872,20
Q261755,20
Q23310071,20
Q7553685,20
Q254266,20
Q152065,20
Q241996,20
Q841248,20
Q227857,20
Q28538755,20
Q6198974,20
Q12060029,20
Q661513,20
Q5015649,20
Q4921854,20
Q899720,20
Q22963600,20
Q18810458,20
Q2069086,20
Q17623265,20
Q210588,20
Q27532791,20
Q3504456,20
Q28772038,20
Q30319807,20
Q508838,20
Q198632,20
Q166382,20
Q25398253,20
Q1023377,20
Q663964,20
Q217106,20
Q17373829,20
Q28796675,20
Q28803313,20
Q869547,20
Q2167035,20
Q803669,20
Q29401129,20
Q18615527,20
Q192425,20
Q30301586,20
Q273556,20
Q1972627,20
Q4360,19
Q193512,19
Q46395,19
Q1006311,19
Q181175,19
Q56059,19
Q21836433,19
Q260858,19
Q2630733,19
Q22664,19
Q14656,19
Q20905436,19
Q101998,19
Q1266169,19
Q55116,19
Q989255,19
Q837800,19
Q5162904,19
Q179875,19
Q83306,19
Q641196,19
Q47728,19
Q210499,19
Q17271186,19
Q528166,19
Q25548021,19
Q170156,19
Q831889,19
Q379158,19
Q22283753,19
Q14916829,19
Q756827,19
Q18703581,19
Q217526,19
Q2820111,19
Q31172650,19
Q253270,19
Q728145,19
Q1079693,19
Q876730,19
Q815068,19
Q1384417,19
Q1205451,19
Q1153777,19
Q610865,19
Q2481505,19
Q8082,19
Q2622840,19
Q3357704,19
Q878249,19
Q827989,19
Q423790,19
Q1006160,19
Q3660535,19
Q49836,19
Q18948595,19
Q2368508,19
Q3306242,19
Q30315988,19
Q1408593,19
Q2421589,19
Q830340,19
Q578521,19
Q32999896,19
Q186355,19
Q1007356,19
Q1499496,19
Q753069,19
Q2154027,19
Q210815,19
Q186157,19
Q300031,19
Q2472126,19
Q182529,19
Q1515156,19
Q1141402,19
Q2092812,19
Q1417217,19
Q2623437,19
Q186427,19
Q734818,19
Q732970,19
Q1772876,19
Q216653,19
Q21009825,19
Q5647631,19
Q3185361,19
Q17278559,19
Q15220419,19
Q30059,19
Q24566658,19
Q1389604,19
Q183482,19
Q23719064,19
Q1077064,19
Q18487055,19
Q1303735,19
Q28100879,19
Q14908,19
Q11774746,19
Q2142152,19
Q1887898,19
Q14515311,19
Q15383394,19
Q748998,19
Q1506469,19
Q654772,19
Q5450763,19
Q4316503,19
Q149010,19
Q7574898,19
Q299125,19
Q131295,19
Q105210,19
Q2292849,19
Q13360739,19
Q88556,19
Q2601792,19
Q1968864,19
Q2164862,19
Q14740334,19
Q484129,19
Q94524,19
Q170238,19
Q13164546,19
Q23688069,19
Q336168,19
Q621985,19
Q826467,19
Q18009650,19
Q2950700,19
Q8102,19
Q16567729,19
Q1973927,19
Q1137344,19
Q1802419,19
Q571124,19
Q93165,19
Q3661311,19
Q14947556,19
Q8087,19
Q21079439,19
Q907116,19
Q25343648,19
Q3653626,19
Q3691256,19
Q1542394,19
Q221259,19
Q1401195,19
Q3880501,19
Q5183590,19
Q482313,19
Q1093436,19
Q852446,19
Q273346,19
Q22703997,19
Q7133628,19
Q130788,19
Q12323704,19
Q807820,19
Q7840289,19
Q27030992,19
Q24715318,19
Q32979500,19
Q27902549,19
Q5791104,19
Q188914,19
Q548988,19
Q526334,19
Q1365419,19
Q17379525,19
Q34213200,19
Q2240474,19
Q843215,19
Q6566978,19
Q5124708,19
Q11473,19
Q7377,19
Q35003902,19
Q877724,19
Q5372,19
Q2454902,19
Q4397537,19
Q14701639,19
Q28104992,19
Q799422,19
Q1193125,19
Q585358,19
Q5765089,19
Q483271,19
Q1070901,19
Q470437,19
Q18168594,19
Q19850578,19
Q738680,19
Q20057456,19
Q11919687,19
Q21281405,19
Q5994,19
Q23070654,19
Q28955254,19
Q28600002,19
Q19826567,19
Q25662185,19
Q1110856,19
Q26001231,19
Q26703203,19
Q26714783,19
Q147525,19
Q36496,19
Q212971,19
Q646,19
Q2342543,19
Q3241045,19
Q28914343,19
Q153988,19
Q273666,19
Q855743,19
Q43010,19
Q30504802,19
Q2268958,19
Q1750705,19
Q4016492,19
Q2637814,19
Q21073023,18
Q20830276,18
Q171263,18
Q28171280,18
Q21191150,18
Q24698,18
Q192078,18
Q1517550,18
Q1643989,18
Q6539177,18
Q3386703,18
Q290378,18
Q38926,18
Q20488450,18
Q192299,18
Q49459,18
Q751162,18
Q954172,18
Q115291,18
Q103817,18
Q126818,18
Q55833,18
Q21000333,18
Q32738,18
Q329028,18
Q8109,18
Q10617810,18
Q22672348,18
Q876274,18
Q483677,18
Q8434,18
Q15253354,18
Q190087,18
Q378445,18
Q3032141,18
Q185451,18
Q16830339,18
Q1378498,18
Q7631964,18
Q20872118,18
Q1406904,18
Q17102188,18
Q15673297,18
Q28913685,18
Q2637056,18
Q15709969,18
Q1838006,18
Q476075,18
Q3412193,18
Q5282311,18
Q896375,18
Q13427116,18
Q847959,18
Q2283223,18
Q684138,18
Q1968122,18
Q1321934,18
Q4839801,18
Q2114972,18
Q544710,18
Q10751953,18
Q971252,18
Q477544,18
Q849697,18
Q26726974,18
Q193275,18
Q15839082,18
Q22813674,18
Q26907711,18
Q856976,18
Q1802703,18
Q862091,18
Q2089229,18
Q22669409,18
Q1331607,18
Q142791,18
Q2656974,18
Q208478,18
Q1035830,18
Q15409298,18
Q1131614,18
Q19594662,18
Q1542747,18
Q976327,18
Q8065,18
Q1057026,18
Q22669642,18
Q1267784,18
Q1926589,18
Q216048,18
Q2915955,18
Q896995,18
Q243778,18
Q2001879,18
Q6671777,18
Q1287097,18
Q24036271,18
Q650241,18
Q146491,18
Q188219,18
Q16641077,18
Q24713657,18
Q1900326,18
Q10631691,18
Q7942192,18
Q12198,18
Q828160,18
Q413,18
Q23038372,18
Q22269256,18
Q637776,18
Q19838114,18
Q22953352,18
Q326478,18
Q782984,18
Q1187515,18
Q34698,18
Q16363579,18
Q12780138,18
Q2089936,18
Q15067587,18
Q133163,18
Q2088526,18
Q744544,18
Q181298,18
Q333016,18
Q1144672,18
Q1221208,18
Q16544740,18
Q8030589,18
Q55493,18
Q3405849,18
Q18414273,18
Q23902005,18
Q3353513,18
Q951791,18
Q20489225,18
Q627537,18
Q8075,18
Q2360559,18
Q935741,18
Q3586483,18
Q23905071,18
Q1075670,18
Q277593,18
Q381072,18
Q976688,18
Q28464958,18
Q854995,18
Q3936950,18
Q2037219,18
Q979103,18
Q474079,18
Q649749,18
Q2038692,18
Q8527729,18
Q25261,18
Q1684600,18
Q12241709,18
Q1048314,18
Q31049169,18
Q3516847,18
Q22964966,18
Q22704005,18
Q1761818,18
Q1275322,18
Q185785,18
Q22695905,18
Q25532438,18
Q2579210,18
Q2708515,18
Q215088,18
Q543020,18
Q28056433,18
Q15898286,18
Q18340392,18
Q7900115,18
Q10719961,18
Q11672707,18
Q11607592,18
Q1701273,18
Q1130031,18
Q217123,18
Q27882249,18
Q14775294,18
Q23779665,18
Q2537975,18
Q28469843,18
Q15253857,18
Q643918,18
Q18608756,18
Q21095053,18
Q11512393,18
Q3694,18
Q1108877,18
Q304433,18
Q25534775,18
Q18667213,18
Q925155,18
Q17447449,18
Q471616,18
Q11685509,18
Q646754,18
Q1349015,18
Q3042966,18
Q10972966,18
Q898830,18
Q632897,18
Q2058131,18
Q604673,18
Q658806,18
Q2948940,18
Q3974881,18
Q7974142,18
Q22001390,18
Q22348500,18
Q807910,18
Q170439,18
Q898362,18
Q13023500,18
Q18711682,18
Q26119883,18
Q26001229,18
Q29511967,18
Q935908,18
Q511086,18
Q2851431,18
Q7316922,18
Q17489160,18
Q34590080,18
Q13582281,18
Q17276482,18
Q461183,18
Q300114,18
Q746290,18
Q2282872,18
Q2312233,18
Q25363518,18
Q599046,18
Q1901835,17
Q119253,17
Q8217193,17
Q11563,17
Q2742167,17
Q6593035,17
Q33648,17
Q3879425,17
Q2642184,17
Q1792644,17
Q3502482,17
Q35023757,17
Q21191134,17
Q28777651,17
Q13414369,17
Q8050,17
Q34978972,17
Q898753,17
Q20739115,17
Q1300510,17
Q17736,17
Q1852119,17
Q182165,17
Q208187,17
Q16895642,17
Q6313217,17
Q522786,17
Q24649,17
Q331644,17
Q753009,17
Q36747,17
Q486902,17
Q272090,17
Q1339146,17
Q908828,17
Q50256,17
Q18681660,17
Q18681688,17
Q194502,17
Q24713040,17
Q12405827,17
Q11158,17
Q28106049,17
Q190893,17
Q17502520,17
Q1306755,17
Q179805,17
Q13410522,17
Q910252,17
Q1989278,17
Q622512,17
Q4825885,17
Q585444,17
Q12829,17
Q193395,17
Q6647660,17
Q1778235,17
Q2141830,17
Q182587,17
Q21815132,17
Q932452,17
Q327394,17
Q190403,17
Q2982955,17
Q986008,17
Q2042693,17
Q2992826,17
Q1015163,17
Q48264,17
Q11023,17
Q1781513,17
Q475481,17
Q2951074,17
Q2872764,17
Q7229089,17
Q6972269,17
Q12774,17
Q2413314,17
Q498087,17
Q36959960,17
Q854585,17
Q507221,17
Q308905,17
Q15630906,17
Q1614140,17
Q245286,17
Q183042,17
Q207304,17
Q379845,17
Q1024155,17
Q492264,17
Q1900755,17
Q29511906,17
Q18811583,17
Q1208989,17
Q1972829,17
Q1667853,17
Q18241914,17
Q141716,17
Q34483580,17
Q819577,17
Q16642,17
Q4740894,17
Q170877,17
Q2519914,17
Q552345,17
Q285451,17
Q15707583,17
Q6672512,17
Q910796,17
Q248952,17
Q903729,17
Q13020522,17
Q1292119,17
Q400704,17
Q4116295,17
Q896009,17
Q27905,17
Q10387689,17
Q1961493,17
Q815539,17
Q1520009,17
Q2098419,17
Q350453,17
Q184368,17
Q152716,17
Q2327632,17
Q833590,17
Q4057732,17
Q727002,17
Q1476220,17
Q178285,17
Q3077815,17
Q217825,17
Q7321258,17
Q973740,17
Q34982659,17
Q347523,17
Q14515951,17
Q13360692,17
Q17335294,17
Q1076970,17
Q16587531,17
Q20743510,17
Q3044799,17
Q82101,17
Q2263135,17
Q327541,17
Q258313,17
Q3457686,17
Q2329596,17
Q299193,17
Q21509286,17
Q1231729,17
Q3691269,17
Q3691711,17
Q388201,17
Q15129871,17
Q12116124,17
Q19890860,17
Q277069,17
Q2470247,17
Q431668,17
Q4791449,17
Q142043,17
Q2337854,17
Q2334043,17
Q4509073,17
Q2295425,17
Q2403630,17
Q285656,17
Q2819305,17
Q1797187,17
Q25449075,17
Q22961938,17
Q319845,17
Q7604698,17
Q15155051,17
Q1777951,17
Q1656082,17
Q36192,17
Q34198935,17
Q15665395,17
Q25548020,17
Q127418,17
Q1502249,17
Q537929,17
Q5146929,17
Q346940,17
Q2111434,17
Q18127771,17
Q837142,17
Q25548647,17
Q1824338,17
Q7400500,17
Q25363097,17
Q559856,17
Q4510080,17
Q24576690,17
Q11915432,17
Q2255182,17
Q728121,17
Q36611,17
Q10876320,17
Q145954,17
Q28480407,17
Q7162,17
Q3354801,17
Q1851937,17
Q156904,17
Q1574810,17
Q28053864,17
Q24041781,17
Q17442550,17
Q2491985,17
Q498782,17
Q13424400,17
Q1584896,17
Q3062269,17
Q17256033,17
Q16023913,17
Q1823469,17
Q4904547,17
Q1659605,17
Q25323710,17
Q521839,17
Q11152,17
Q2895132,17
Q26180917,17
Q190812,17
Q18647518,17
Q1307276,17
Q2204848,17
Q2635283,17
Q11559533,17
Q18170326,17
Q23069379,17
Q23811268,17
Q23811264,17
Q2878349,17
Q271588,17
Q448634,17
Q1349587,17
Q28739677,17
Q25054829,17
Q23070641,17
Q23069394,17
Q26001233,17
Q1497483,17
Q2468228,17
Q613972,17
Q3476515,17
Q2142903,17
Q28146473,17
Q2794629,17
Q1190392,17
Q1545627,17
Q1042902,17
Q597685,17
Q29652404,17
Q6813020,17
Q154797,17
Q6542557,17
Q713146,17
Q2029841,17
Q903576,17
Q11666901,17
Q19340794,17
Q1422576,17
Q25398077,17
Q14827288,16
Q22670030,16
Q590080,16
Q36784,16
Q10742,16
Q181648,16
Q22302160,16
Q33093124,16
Q1172480,16
Q5888666,16
Q33831,16
Q1149626,16
Q15731648,16
Q15221310,16
Q377688,16
Q25956,16
Q3958441,16
Q7075127,16
Q78493,16
Q1747853,16
Q28057154,16
Q24334893,16
Q8104,16
Q930164,16
Q24577122,16
Q3518817,16
Q1387388,16
Q5151404,16
Q379231,16
Q2878855,16
Q9225,16
Q165678,16
Q898745,16
Q1044181,16
Q189672,16
Q526719,16
Q48356,16
Q36509592,16
Q103665,16
Q17710986,16
Q1944346,16
Q187579,16
Q773668,16
Q934569,16
Q1005383,16
Q18047834,16
Q745545,16
Q822715,16
Q819436,16
Q18888037,16
Q17377208,16
Q179348,16
Q1734138,16
Q723441,16
Q651031,16
Q17586621,16
Q436435,16
Q1359606,16
Q871217,16
Q374,16
Q2734310,16
Q877423,16
Q430295,16
Q7922,16
Q445396,16
Q1738991,16
Q3962,16
Q841646,16
Q13410454,16
Q1899015,16
Q660460,16
Q1956962,16
Q662914,16
Q127771,16
Q865746,16
Q168565,16
Q927914,16
Q21711025,16
Q20626607,16
Q201676,16
Q1695502,16
Q565428,16
Q268200,16
Q6832945,16
Q1128659,16
Q50495,16
Q784235,16
Q15900647,16
Q3927250,16
Q161928,16
Q24841274,16
Q1752346,16
Q725169,16
Q24017852,16
Q18408740,16
Q9378373,16
Q177716,16
Q2380335,16
Q613739,16
Q41426,16
Q11653,16
Q8394,16
Q205418,16
Q15727673,16
Q130825,16
Q17305127,16
Q2684591,16
Q13823786,16
Q4868296,16
Q1138244,16
Q299931,16
Q244696,16
Q2400020,16
Q174921,16
Q15642599,16
Q795586,16
Q127933,16
Q1370853,16
Q821952,16
Q914019,16
Q1826286,16
Q371174,16
Q1140677,16
Q1151733,16
Q607958,16
Q299235,16
Q13276,16
Q678413,16
Q2858704,16
Q1506541,16
Q92383,16
Q64418,16
Q244326,16
Q21996347,16
Q25367968,16
Q1066330,16
Q24718981,16
Q811930,16
Q962715,16
Q203478,16
Q5161688,16
Q24715171,16
Q927363,16
Q254554,16
Q1675034,16
Q886169,16
Q445467,16
Q6934877,16
Q8880,16
Q1050906,16
Q20669447,16
Q28555544,16
Q4140840,16
Q75050,16
Q1186375,16
Q3510707,16
Q17468125,16
Q385164,16
Q2992500,16
Q1454477,16
Q21192438,16
Q19698023,16
Q27030561,16
Q238137,16
Q4329280,16
Q2469744,16
Q2620513,16
Q24714562,16
Q3528749,16
Q1362373,16
Q32435,16
Q2999899,16
Q548095,16
Q476968,16
Q18961514,16
Q177234,16
Q2544997,16
Q28863779,16
Q35637,16
Q921142,16
Q2001465,16
Q8561193,16
Q857538,16
Q1276346,16
Q11427,16
Q3061019,16
Q1079190,16
Q660641,16
Q20644555,16
Q1125341,16
Q3663337,16
Q612825,16
Q5965161,16
Q25343650,16
Q3002772,16
Q27032363,16
Q833913,16
Q2041702,16
Q785643,16
Q1517176,16
Q2634964,16
Q23870569,16
Q2004286,16
Q880492,16
Q6971810,16
Q24332812,16
Q30238091,16
Q28101001,16
Q13506679,16
Q11254,16
Q284279,16
Q27186004,16
Q21844795,16
Q1074158,16
Q29948088,16
Q7225228,16
Q7185370,16
Q17259945,16
Q660651,16
Q24714461,16
Q15842515,16
Q21528878,16
Q208628,16
Q11525357,16
Q210263,16
Q837632,16
Q28872880,16
Q3492828,16
Q12592037,16
Q1077965,16
Q14907192,16
Q2266,16
Q1256376,16
Q14001,16
Q2734958,16
Q22964476,16
Q7419624,16
Q16024164,16
Q1902763,16
Q19861951,16
Q1522225,16
Q647625,16
Q2593494,16
Q2067784,16
Q693690,16
Q335918,16
Q27659414,16
Q1260965,16
Q475430,16
Q1149405,16
Q136689,16
Q23925661,16
Q893802,16
Q26001213,16
Q147487,16
Q27031009,16
Q29971182,16
Q28942323,16
Q1055331,16
Q2602774,16
Q12180,16
Q153938,16
Q1161519,16
Q27768171,16
Q62927,16
Q1302299,16
Q33120885,16
Q3578542,16
Q9117,16
Q3769066,16
Q158776,16
Q751001,16
Q18104608,16
Q18845761,16
Q468409,16
Q1112950,16
Q30225604,16
Q1430652,16
Q2856528,16
Q8432,15
Q250811,15
Q1208380,15
Q836672,15
Q1497090,15
Q5589761,15
Q3935690,15
Q18545121,15
Q12546,15
Q52383,15
Q13217186,15
Q7930989,15
Q41397,15
Q3827469,15
Q34542827,15
Q1767691,15
Q95723,15
Q23015914,15
Q15222637,15
Q183770,15
Q155076,15
Q217105,15
Q1580122,15
Q282381,15
Q22669585,15
Q3520135,15
Q1753792,15
Q15698310,15
Q1673189,15
Q1402386,15
Q3327913,15
Q2197893,15
Q1520014,15
Q2617970,15
Q20089147,15
Q299384,15
Q290588,15
Q618536,15
Q19809,15
Q489209,15
Q15994170,15
Q843886,15
Q15623950,15
Q28869589,15
Q19656964,15
Q11861249,15
Q184554,15
Q517760,15
Q589183,15
Q1040374,15
Q20683371,15
Q1950891,15
Q693737,15
Q17277366,15
Q541947,15
Q1075347,15
Q147276,15
Q1867977,15
Q606581,15
Q874821,15
Q3317612,15
Q2436738,15
Q170409,15
Q628080,15
Q692680,15
Q628993,15
Q1349117,15
Q30181705,15
Q1192539,15
Q2302080,15
Q340169,15
Q33125419,15
Q334166,15
Q194235,15
Q484028,15
Q1103825,15
Q846327,15
Q1388421,15
Q1922243,15
Q223818,15
Q1778543,15
Q9644,15
Q908870,15
Q748198,15
Q1420027,15
Q2001385,15
Q2466233,15
Q16858648,15
Q1243306,15
Q82137,15
Q3143387,15
Q1334462,15
Q603715,15
Q20683493,15
Q27865755,15
Q1130160,15
Q1364324,15
Q30301495,15
Q18674678,15
Q190397,15
Q49896,15
Q311836,15
Q34394,15
Q24723,15
Q2945282,15
Q1435994,15
Q14914657,15
Q1394657,15
Q897797,15
Q300098,15
Q14830021,15
Q1602776,15
Q1363145,15
Q19720069,15
Q12599,15
Q299491,15
Q805353,15
Q4126704,15
Q12761956,15
Q605076,15
Q186150,15
Q3257782,15
Q505681,15
Q1449648,15
Q519608,15
Q153026,15
Q18543102,15
Q1161714,15
Q685950,15
Q1528406,15
Q3587386,15
Q422695,15
Q19826161,15
Q1959427,15
Q7325635,15
Q15141715,15
Q6619802,15
Q138775,15
Q25343327,15
Q6089035,15
Q2322432,15
Q16929628,15
Q522560,15
Q5255461,15
Q181916,15
Q1374495,15
Q845739,15
Q910967,15
Q13016741,15
Q15063368,15
Q13724255,15
Q14946396,15
Q11367,15
Q5447188,15
Q3000381,15
Q33609,15
Q1057,15
Q299622,15
Q721067,15
Q1519966,15
Q3926693,15
Q932825,15
Q25477438,15
Q1465101,15
Q14639,15
Q18285135,15
Q7920194,15
Q3024290,15
Q5419938,15
Q745798,15
Q210980,15
Q2249149,15
Q128093,15
Q2349249,15
Q6648345,15
Q2330100,15
Q2750307,15
Q5030766,15
Q10290214,15
Q301872,15
Q657881,15
Q24715089,15
Q2540532,15
Q3586860,15
Q15700831,15
Q23900194,15
Q20899,15
Q7942182,15
Q11512972,15
Q600134,15
Q25534840,15
Q18823024,15
Q828107,15
Q5780448,15
Q5590639,15
Q19409,15
Q16933860,15
Q26958726,15
Q2933979,15
Q22669606,15
Q12410555,15
Q524738,15
Q647704,15
Q220142,15
Q1684352,15
Q7133633,15
Q22696377,15
Q3610287,15
Q26303,15
Q208674,15
Q2142464,15
Q1415017,15
Q754669,15
Q42250,15
Q1145153,15
Q1561418,15
Q628286,15
Q1630695,15
Q18673040,15
Q4113741,15
Q11698842,15
Q380313,15
Q16874408,15
Q73610,15
Q35250433,15
Q109940,15
Q11225562,15
Q607608,15
Q1855174,15
Q1075664,15
Q28147643,15
Q471790,15
Q21584825,15
Q30570183,15
Q1131294,15
Q20639856,15
Q80962,15
Q294440,15
Q23786,15
Q129238,15
Q1381335,15
Q1221280,15
Q2427,15
Q2660,15
Q11421071,15
Q2296548,15
Q19969561,15
Q13147,15
Q699386,15
Q4005597,15
Q470491,15
Q469738,15
Q21020440,15
Q2526,15
Q161995,15
Q18681692,15
Q188507,15
Q2156421,15
Q21504947,15
Q23660994,15
Q17514,15
Q1978556,15
Q1285570,15
Q782864,15
Q611203,15
Q25398379,15
Q1029123,15
Q157417,15
Q17418423,15
Q27031014,15
Q14904124,15
Q27685913,15
Q831869,15
Q68685,15
Q17438516,15
Q186875,15
Q683595,15
Q930343,15
Q351853,15
Q2360206,15
Q13360724,15
Q104053,15
Q26789654,15
Q580889,15
Q264441,15
Q14917731,15
Q262882,15
Q47069,15
Q238317,15
Q846882,15
Q16739079,15
Q27916882,15
Q3424608,15
Q18534366,15
Q3109521,15
Q931386,15
Q974127,15
Q3196,15
Q337060,14
Q876102,14
Q28797,14
Q82673,14
Q756,14
Q2139,14
Q1281158,14
Q779239,14
Q21161,14
Q26934845,14
Q337912,14
Q316655,14
Q15630895,14
Q13410485,14
Q654140,14
Q1542187,14
Q3457526,14
Q878099,14
Q768855,14
Q25755,14
Q778000,14
Q20489083,14
Q1724915,14
Q1151405,14
Q15986354,14
Q38280,14
Q162157,14
Q2605404,14
Q230698,14
Q1768697,14
Q29642950,14
Q38911,14
Q10926511,14
Q1361229,14
Q1219394,14
Q18602451,14
Q28100113,14
Q1156875,14
Q748611,14
Q475214,14
Q517351,14
Q53463,14
Q7980,14
Q25906438,14
Q2621812,14
Q959962,14
Q722659,14
Q1327300,14
Q20024995,14
Q720106,14
Q41050,14
Q298553,14
Q1229071,14
Q637017,14
Q801784,14
Q1642895,14
Q319796,14
Q11210,14
Q205961,14
Q13415367,14
Q28057052,14
Q213666,14
Q26001,14
Q8205328,14
Q622852,14
Q182656,14
Q3464126,14
Q11432,14
Q3546121,14
Q34274,14
Q741821,14
Q20784907,14
Q1468664,14
Q20026879,14
Q35032,14
Q890055,14
Q21484313,14
Q729230,14
Q1243337,14
Q2069494,14
Q180494,14
Q299914,14
Q1750854,14
Q2183520,14
Q2534228,14
Q223251,14
Q487973,14
Q14390666,14
Q671079,14
Q2313031,14
Q4847899,14
Q1076513,14
Q1191150,14
Q263274,14
Q333,14
Q7603708,14
Q1003030,14
Q1282276,14
Q21232614,14
Q2141342,14
Q608843,14
Q16678513,14
Q847667,14
Q202287,14
Q188494,14
Q15059108,14
Q13402009,14
Q1439598,14
Q12131624,14
Q192503,14
Q20089978,14
Q1654841,14
Q579287,14
Q610140,14
Q636581,14
Q843256,14
Q925355,14
Q1608017,14
Q3326867,14
Q653127,14
Q193110,14
Q1711697,14
Q1757693,14
Q201456,14
Q739227,14
Q1203886,14
Q3064474,14
Q1783234,14
Q72823,14
Q681263,14
Q1558054,14
Q1077480,14
Q1075310,14
Q183065,14
Q863247,14
Q936955,14
Q894436,14
Q838858,14
Q1363241,14
Q14952,14
Q3579211,14
Q443802,14
Q1647221,14
Q558216,14
Q132050,14
Q866623,14
Q2061892,14
Q2604618,14
Q256752,14
Q941043,14
Q648116,14
Q221096,14
Q12177437,14
Q196086,14
Q2094951,14
Q28109769,14
Q7361709,14
Q16861871,14
Q5015587,14
Q1928780,14
Q22160112,14
Q15634883,14
Q1513658,14
Q644930,14
Q2648795,14
Q19610271,14
Q248584,14
Q11755853,14
Q590992,14
Q226076,14
Q1639293,14
Q253394,14
Q208544,14
Q2037699,14
Q655050,14
Q881942,14
Q1072166,14
Q52107,14
Q11703950,14
Q1534720,14
Q172378,14
Q19658107,14
Q2304946,14
Q1186029,14
Q30147469,14
Q1144157,14
Q15831457,14
Q3574371,14
Q1229611,14
Q28938152,14
Q34358,14
Q7643164,14
Q22222786,14
Q648751,14
Q1136342,14
Q1289679,14
Q2001982,14
Q338112,14
Q3375984,14
Q6029127,14
Q1788166,14
Q3143713,14
Q1813494,14
Q788574,14
Q635767,14
Q2954469,14
Q513847,14
Q183061,14
Q3024331,14
Q2915366,14
Q1443637,14
Q951799,14
Q6565769,14
Q944780,14
Q15063395,14
Q3419242,14
Q3593580,14
Q2678338,14
Q745378,14
Q3116478,14
Q1754161,14
Q3307748,14
Q189409,14
Q14516417,14
Q1211427,14
Q42045,14
Q510854,14
Q3252931,14
Q683835,14
Q1365704,14
Q900406,14
Q30017383,14
Q3534566,14
Q3246609,14
Q5871,14
Q15146717,14
Q24178659,14
Q4489569,14
Q2830532,14
Q299189,14
Q2625694,14
Q3664509,14
Q25906214,14
Q11918804,14
Q182084,14
Q128814,14
Q674997,14
Q131559,14
Q3841587,14
Q272626,14
Q172760,14
Q2259998,14
Q13427623,14
Q3342808,14
Q2041991,14
Q12885307,14
Q7743,14
Q16679327,14
Q12132683,14
Q28783456,14
Q1074009,14
Q211969,14
Q7946342,14
Q2375725,14
Q28071176,14
Q1533036,14
Q34740,14
Q3752175,14
Q1138628,14
Q1662089,14
Q28942392,14
Q2579179,14
Q416,14
Q738377,14
Q842358,14
Q842345,14
Q28748126,14
Q22657,14
Q3141706,14
Q368461,14
Q223638,14
Q21484471,14
Q2588070,14
Q816335,14
Q15692657,14
Q2915745,14
Q27927857,14
Q3558349,14
Q13821074,14
Q2884,14
Q24180344,14
Q1933955,14
Q540724,14
Q1951366,14
Q163610,14
Q3343211,14
Q3503189,14
Q1374555,14
Q28043022,14
Q11389618,14
Q11273948,14
Q11906196,14
Q4128863,14
Q12340483,14
Q14942777,14
Q11903158,14
Q2519,14
Q2410,14
Q2260,14
Q2550,14
Q13406837,14
Q651476,14
Q1456099,14
Q483279,14
Q1898357,14
Q899485,14
Q1400146,14
Q2280241,14
Q6850210,14
Q508867,14
Q18648725,14
Q929848,14
Q1866483,14
Q2377567,14
Q15220407,14
Q28152204,14
Q16751551,14
Q13928782,14
Q22984512,14
Q2334,14
Q2585,14
Q2508,14
Q2400,14
Q2510,14
Q2584,14
Q2662,14
Q2698,14
Q2396,14
Q567620,14
Q1349569,14
Q2294542,14
Q18769744,14
Q2608608,14
Q2533,14
Q2822,14
Q2894,14
Q2340,14
Q2500,14
Q1340271,14
Q18434631,14
Q499916,14
Q6130291,14
Q2850,14
Q15110,14
Q2037281,14
Q218155,14
Q3393343,14
Q1548436,14
Q21647744,14
Q10824034,14
Q1637189,14
Q1347367,14
Q23058959,14
Q23811262,14
Q133744,14
Q22231118,14
Q115488,14
Q1234547,14
Q25395846,14
Q25851843,14
Q15141195,14
Q593744,14
Q3533467,14
Q1776381,14
Q21281409,14
Q811165,14
Q1137441,14
Q26959059,14
Q741118,14
Q1827,14
Q4929940,14
Q28549561,14
Q12289746,14
Q980198,14
Q1426316,14
Q2906798,14
Q25546358,14
Q5058978,14
Q29795177,14
Q2800440,14
Q11742766,14
Q12313625,14
Q30250685,14
Q30493986,14
Q31209114,14
Q806880,14
Q21451536,14
Q3505845,14
Q1006082,14
Q1999796,14
Q507437,14
Q1707610,14
Q3848936,14
Q22343980,14
Q3956383,14
Q1147753,14
Q28803767,14
Q27899217,14
Q14942894,14
Q60520,14
Q12160747,14
Q15904214,14
Q6348379,14
Q17888,13
Q134390,13
Q1143046,13
Q1192063,13
Q2866472,13
Q308229,13
Q181156,13
Q7239,13
Q185087,13
Q172896,13
Q18455918,13
Q163727,13
Q1063430,13
Q1272194,13
Q231002,13
Q2037215,13
Q4191404,13
Q1238291,13
Q21976260,13
Q196756,13
Q43616,13
Q19860625,13
Q207299,13
Q6341928,13
Q1808877,13
Q2513995,13
Q15063586,13
Q33179355,13
Q5569988,13
Q192726,13
Q194537,13
Q1427085,13
Q358976,13
Q217691,13
Q477396,13
Q1322005,13
Q1043076,13
Q1857731,13
Q5478580,13
Q7881,13
Q183197,13
Q24299248,13
Q3327521,13
Q26897512,13
Q216200,13
Q74063,13
Q1298239,13
Q1641851,13
Q59165,13
Q1032372,13
Q21495953,13
Q180454,13
Q189327,13
Q521458,13
Q26805735,13
Q18602526,13
Q1469824,13
Q736634,13
Q770487,13
Q27970162,13
Q590490,13
Q12503,13
Q354239,13
Q7157512,13
Q4306024,13
Q392385,13
Q692561,13
Q18772252,13
Q15925549,13
Q484641,13
Q727096,13
Q867094,13
Q1333366,13
Q44325,13
Q1459574,13
Q185131,13
Q104698,13
Q170090,13
Q2095173,13
Q462040,13
Q225446,13
Q3118005,13
Q157802,13
Q495101,13
Q22696274,13
Q273341,13
Q27530156,13
Q40237,13
Q1501958,13
Q16607929,13
Q507850,13
Q1474320,13
Q763590,13
Q14510492,13
Q1792535,13
Q2111088,13
Q45594,13
Q18451098,13
Q15303456,13
Q974850,13
Q16947796,13
Q2288140,13
Q755673,13
Q3284399,13
Q1232974,13
Q1516537,13
Q1475403,13
Q889842,13
Q13825533,13
Q7882332,13
Q510628,13
Q20488347,13
Q1140371,13
Q11734477,13
Q6644696,13
Q1021488,13
Q2936105,13
Q1784695,13
Q184748,13
Q1138388,13
Q719627,13
Q1620919,13
Q80798,13
Q18631225,13
Q1257167,13
Q23808,13
Q28920201,13
Q1117228,13
Q17682891,13
Q555063,13
Q2013644,13
Q26846540,13
Q3773693,13
Q308980,13
Q350495,13
Q4071928,13
Q203863,13
Q520006,13
Q7868,13
Q279861,13
Q874411,13
Q870898,13
Q167772,13
Q20820102,13
Q897285,13
Q2298537,13
Q478798,13
Q30318131,13
Q1271511,13
Q1258149,13
Q738009,13
Q15815670,13
Q299499,13
Q6460735,13
Q9051300,13
Q3559003,13
Q314931,13
Q268357,13
Q864897,13
Q202344,13
Q1426380,13
Q154224,13
Q28813,13
Q1546583,13
Q22074608,13
Q2727468,13
Q1660104,13
Q480019,13
Q1472255,13
Q22703992,13
Q586633,13
Q951964,13
Q15042660,13
Q3073652,13
Q26843,13
Q2297177,13
Q26236450,13
Q19838115,13
Q2593744,13
Q27267085,13
Q22812402,13
Q6089033,13
Q21129801,13
Q649532,13
Q2877653,13
Q181787,13
Q746938,13
Q93661,13
Q1769139,13
Q661702,13
Q943274,13
Q3476035,13
Q36169996,13
Q149851,13
Q2976277,13
Q19945036,13
Q4771007,13
Q7252624,13
Q1216498,13
Q11272590,13
Q478128,13
Q3575769,13
Q212458,13
Q253893,13
Q1082815,13
Q27824520,13
Q1173065,13
Q3066936,13
Q18334,13
Q236209,13
Q1406569,13
Q4766524,13
Q3353695,13
Q752442,13
Q828485,13
Q12353044,13
Q12760618,13
Q14869485,13
Q7252594,13
Q1923855,13
Q3586838,13
Q22696383,13
Q1153025,13
Q223313,13
Q429292,13
Q1096065,13
Q34841310,13
Q2037237,13
Q64827,13
Q1410822,13
Q2432003,13
Q1141166,13
Q1070414,13
Q20743921,13
Q22661798,13
Q193427,13
Q131704,13
Q2166659,13
Q26255463,13
Q4377069,13
Q2139567,13
Q2819161,13
Q6149606,13
Q374814,13
Q28472638,13
Q15831484,13
Q1808124,13
Q2310465,13
Q13411064,13
Q2222986,13
Q21522006,13
Q13557472,13
Q1254596,13
Q148401,13
Q18388277,13
Q6573597,13
Q1701122,13
Q2610088,13
Q431102,13
Q193434,13
Q3181383,13
Q17399019,13
Q203676,13
Q5916959,13
Q2912944,13
Q7246201,13
Q12493,13
Q28942331,13
Q21274967,13
Q11582564,13
Q146924,13
Q18230293,13
Q836795,13
Q3276983,13
Q36975,13
Q24718627,13
Q28333430,13
Q190539,13
Q2544,13
Q2892,13
Q22669525,13
Q860572,13
Q628967,13
Q20730707,13
Q3491088,13
Q175173,13
Q11863091,13
Q5312628,13
Q1304276,13
Q2421532,13
Q17379835,13
Q2739123,13
Q486547,13
Q214339,13
Q7700505,13
Q11509255,13
Q8192,13
Q18560070,13
Q3276909,13
Q27148732,13
Q1104947,13
Q16157186,13
Q2746050,13
Q663395,13
Q4538273,13
Q1925316,13
Q4538278,13
Q2343,13
Q2150,13
Q2779,13
Q2168,13
Q2393,13
Q2558,13
Q3024,13
Q2350,13
Q2774,13
Q2730,13
Q2696,13
Q2623,13
Q2313,13
Q2362,13
Q15895348,13
Q2536,13
Q2625,13
Q2718,13
Q2778,13
Q2719,13
Q18635217,13
Q30167264,13
Q181485,13
Q22276119,13
Q29548341,13
Q382673,13
Q3042962,13
Q1361551,13
Q15850356,13
Q20797471,13
Q7887966,13
Q2216415,13
Q2026188,13
Q152786,13
Q958822,13
Q2265091,13
Q3695082,13
Q18710199,13
Q506002,13
Q11906839,13
Q21116583,13
Q18815109,13
Q17504823,13
Q14941251,13
Q1802386,13
Q1161145,13
Q2689,13
Q17463976,13
Q20652655,13
Q18720640,13
Q2961,13
Q2243,13
Q2282,13
Q2289,13
Q2325,13
Q2336,13
Q2497,13
Q2653,13
Q2417,13
Q2419,13
Q2532,13
Q2545,13
Q2784,13
Q2855,13
Q2398,13
Q2499,13
Q2257,13
Q2846,13
Q2826,13
Q2521,13
Q2523,13
Q2788,13
Q2433,13
Q2445,13
Q2721,13
Q2885,13
Q2883,13
Q2882,13
Q2830,13
Q2509,13
Q2627,13
Q2854,13
Q2782,13
Q2618,13
Q23978180,13
Q17279753,13
Q20819031,13
Q1084,13
Q2580,13
Q2504,13
Q2817,13
Q2355,13
Q2458,13
Q3020,13
Q3017,13
Q3015,13
Q2893,13
Q2825,13
Q2248,13
Q2228,13
Q2403,13
Q2849,13
Q2318,13
Q1041682,13
Q207241,13
Q662062,13
Q28942311,13
Q193220,13
Q16022392,13
Q697175,13
Q1985629,13
Q5248657,13
Q2881,13
Q2897,13
Q22231116,13
Q2440569,13
Q2613,13
Q3389223,13
Q488094,13
Q2636,13
Q2275,13
Q2273,13
Q2319,13
Q2361,13
Q2780,13
Q2776,13
Q2397,13
Q2503,13
Q2527,13
Q2960,13
Q2534,13
Q2664,13
Q2781,13
Q2818,13
Q2889,13
Q2502,13
Q2860,13
Q2991,13
Q9158768,13
Q12877393,13
Q997129,13
Q29512058,13
Q20869676,13
Q199655,13
Q3639678,13
Q2520,13
Q2619,13
Q2691,13
Q25396369,13
Q142839,13
Q25398384,13
Q1604012,13
Q26001228,13
Q773829,13
Q1541226,13
Q28152826,13
Q15524954,13
Q29051545,13
Q3397411,13
Q201714,13
Q683031,13
Q44475,13
Q305099,13
Q1433006,13
Q2356786,13
Q1891165,13
Q471835,13
Q93204,13
Q28945444,13
Q33100706,13
Q2536192,13
Q23902382,13
Q2668,13
Q4925355,13
Q587089,13
Q15911903,13
Q24335536,13
Q34542757,13
Q138840,13
Q265609,13
Q28866641,13
Q1510835,13
Q2104072,13
Q1026259,13
Q185973,13
Q1077701,13
Q2006518,13
Q25917154,13
Q2549,13
Q22341330,13
Q5328616,13
Q34165027,13
Q2304,13
Q2962,13
Q3571153,13
Q23757,13
Q210843,13
Q2705,13
Q206285,13
Q164841,13
Q878077,13
Q173091,12
Q24034552,12
Q290178,12
Q4620674,12
Q462778,12
Q17564712,12
Q721830,12
Q792929,12
Q13587321,12
Q101609,12
Q3496042,12
Q1790577,12
Q416796,12
Q1401527,12
Q468801,12
Q216712,12
Q28601953,12
Q6097,12
Q41614,12
Q842203,12
Q19944802,12
Q114380,12
Q1138251,12
Q1649443,12
Q630830,12
Q2464485,12
Q1039648,12
Q129558,12
Q1795024,12
Q16000047,12
Q268416,12
Q1343205,12
Q849854,12
Q208164,12
Q165116,12
Q21550639,12
Q22342927,12
Q7623897,12
Q132911,12
Q503354,12
Q240831,12
Q917824,12
Q1161047,12
Q1146429,12
Q188589,12
Q104251,12
Q1949963,12
Q14663,12
Q11223844,12
Q4057820,12
Q21684377,12
Q2080967,12
Q1916557,12
Q890269,12
Q29969141,12
Q1001378,12
Q83090,12
Q160683,12
Q4018,12
Q507204,12
Q763288,12
Q19753333,12
Q867567,12
Q1166178,12
Q826745,12
Q768267,12
Q1147752,12
Q265662,12
Q312457,12
Q16832612,12
Q9647,12
Q9367329,12
Q3482695,12
Q4057728,12
Q309168,12
Q325668,12
Q486983,12
Q842420,12
Q3317976,12
Q12063557,12
Q1816200,12
Q10422442,12
Q2093358,12
Q565410,12
Q20655548,12
Q181469,12
Q19588327,12
Q1334294,12
Q204194,12
Q2156429,12
Q13698,12
Q277565,12
Q15644465,12
Q28608087,12
Q9019918,12
Q1880708,12
Q45183,12
Q668349,12
Q19644409,12
Q838159,12
Q16948009,12
Q2451577,12
Q18449456,12
Q518261,12
Q1549234,12
Q3001292,12
Q3152908,12
Q6876,12
Q3084961,12
Q16685897,12
Q16465941,12
Q16603799,12
Q150129,12
Q8028,12
Q18450907,12
Q1403556,12
Q820243,12
Q15303351,12
Q27652616,12
Q920028,12
Q177597,12
Q907347,12
Q21293834,12
Q17486927,12
Q214183,12
Q190327,12
Q1518285,12
Q382996,12
Q829026,12
Q15548064,12
Q623319,12
Q193231,12
Q13861080,12
Q670258,12
Q12739,12
Q18454915,12
Q253326,12
Q188463,12
Q596886,12
Q115518,12
Q3402645,12
Q880722,12
Q959163,12
Q1235532,12
Q2518299,12
Q26211803,12
Q12135,12
Q383936,12
Q1194340,12
Q1735471,12
Q7935,12
Q3490799,12
Q16000417,12
Q24288,12
Q2119531,12
Q20488229,12
Q179651,12
Q1114515,12
Q11313190,12
Q23621081,12
Q353568,12
Q39888,12
Q1846372,12
Q21707838,12
Q3406566,12
Q15077303,12
Q80174,12
Q22266214,12
Q235113,12
Q160151,12
Q22341286,12
Q951437,12
Q272975,12
Q756820,12
Q13534286,12
Q22442634,12
Q1930934,12
Q2140214,12
Q221725,12
Q1258698,12
Q1298632,12
Q20656220,12
Q3851468,12
Q156030,12
Q6653802,12
Q2106220,12
Q6092436,12
Q15079724,12
Q16885408,12
Q184303,12
Q161779,12
Q955214,12
Q140,12
Q7751682,12
Q385378,12
Q444677,12
Q188467,12
Q263865,12
Q66055,12
Q1792321,12
Q1052426,12
Q15731904,12
Q3481047,12
Q810304,12
Q909906,12
Q299729,12
Q1638281,12
Q15912682,12
Q723916,12
Q10330441,12
Q23727539,12
Q3455362,12
Q3118015,12
Q456692,12
Q2845944,12
Q1385463,12
Q3815129,12
Q15063384,12
Q2947882,12
Q2954449,12
Q2528031,12
Q15548075,12
Q752106,12
Q17260562,12
Q1154859,12
Q1944068,12
Q21030243,12
Q82622,12
Q30103124,12
Q2578338,12
Q27907674,12
Q24567296,12
Q920093,12
Q17504814,12
Q693797,12
Q30275727,12
Q3550804,12
Q38918,12
Q769451,12
Q22342957,12
Q4155473,12
Q299206,12
Q3654237,12
Q13454063,12
Q2125551,12
Q211586,12
Q1626805,12
Q2035494,12
Q591226,12
Q326892,12
Q13222012,12
Q3267588,12
Q2305567,12
Q1415208,12
Q80831,12
Q4306036,12
Q4329294,12
Q1631226,12
Q1335143,12
Q17175676,12
Q545385,12
Q65224,12
Q2031947,12
Q493179,12
Q22958233,12
Q2338781,12
Q27064258,12
Q18451093,12
Q1054545,12
Q15985269,12
Q18872219,12
Q566905,12
Q42240,12
Q20708021,12
Q46335,12
Q2365748,12
Q7987,12
Q7603671,12
Q27095194,12
Q726235,12
Q1363997,12
Q5873161,12
Q26780690,12
Q7687464,12
Q2551394,12
Q6607,12
Q202008,12
Q191062,12
Q3244156,12
Q207961,12
Q22669601,12
Q18534571,12
Q845620,12
Q892554,12
Q732680,12
Q5761513,12
Q180846,12
Q369606,12
Q2982272,12
Q22342211,12
Q5074440,12
Q11700336,12
Q1150710,12
Q12938564,12
Q22695898,12
Q5153957,12
Q16986187,12
Q2986311,12
Q28100912,12
Q22669531,12
Q208322,12
Q642961,12
Q21521989,12
Q2341,12
Q2455,12
Q2344,12
Q2391,12
Q2547,12
Q2399,12
Q3933153,12
Q3517351,12
Q1071233,12
Q22696370,12
Q4851844,12
Q29898752,12
Q1190275,12
Q27151329,12
Q22911774,12
Q831844,12
Q911164,12
Q123737,12
Q998421,12
Q597018,12
Q1154592,12
Q1436181,12
Q614164,12
Q447877,12
Q133766,12
Q1537326,12
Q59126,12
Q27996466,12
Q2283121,12
Q14928320,12
Q3705329,12
Q2739000,12
Q16960965,12
Q156918,12
Q174514,12
Q136932,12
Q1307218,12
Q2819,12
Q2786,12
Q2983,12
Q2987,12
Q2852,12
Q2856,12
Q3019,12
Q2302,12
Q2676,12
Q2723,12
Q2699,12
Q2622,12
Q2996,12
Q2964,12
Q2954,12
Q2953,12
Q2438,12
Q2267,12
Q2279,12
Q2560,12
Q2588,12
Q2590,12
Q2956,12
Q2827,12
Q2816,12
Q2261,12
Q2265,12
Q2276,12
Q2284,12
Q2728,12
Q2697,12
Q2615,12
Q2392,12
Q2395,12
Q2589,12
Q2351,12
Q2356,12
Q2359,12
Q2847,12
Q2853,12
Q2552,12
Q16361747,12
Q3575969,12
Q2537821,12
Q15263377,12
Q2715,12
Q2537874,12
Q4468368,12
Q2578028,12
Q15991790,12
Q2775,12
Q2785,12
Q2687,12
Q2720,12
Q2717,12
Q2692,12
Q2202,12
Q2578,12
Q2579,12
Q24043375,12
Q686984,12
Q158301,12
Q22276331,12
Q416014,12
Q27698571,12
Q22984494,12
Q2537751,12
Q1391420,12
Q2955103,12
Q7283,12
Q5015574,12
Q1027471,12
Q5383567,12
Q4992749,12
Q2053928,12
Q2473512,12
Q1519385,12
Q2102521,12
Q17515846,12
Q22833408,12
Q164848,12
Q191431,12
Q2657,12
Q2097101,12
Q2332,12
Q2247,12
Q2255,12
Q2287,12
Q2701,12
Q2402,12
Q2614,12
Q2612,12
Q2342,12
Q2672,12
Q2424,12
Q2529,12
Q2456,12
Q2457,12
Q2461,12
Q2621,12
Q2323,12
Q2557,12
Q2322,12
Q2501,12
Q2851,12
Q2777,12
Q2498,12
Q2333,12
Q2848,12
Q2382,12
Q2561,12
Q2404,12
Q2574,12
Q3029,12
Q2575,12
Q2726,12
Q2824,12
Q2666,12
Q2823,12
Q2525,12
Q2891,12
Q2828,12
Q2725,12
Q2663,12
Q2435,12
Q2821,12
Q2722,12
Q2888,12
Q2453,12
Q2454,12
Q2886,12
Q2820,12
Q2661,12
Q2832,12
Q2862,12
Q2151,12
Q2932,12
Q2298,12
Q2156,12
Q2310,12
Q2929,12
Q2221,12
Q2695,12
Q2858,12
Q2694,12
Q2616,12
Q2989,12
Q2234,12
Q2555,12
Q2324,12
Q2238,12
Q2690,12
Q25378183,12
Q1848041,12
Q879844,12
Q1887849,12
Q2153495,12
Q6647667,12
Q1501660,12
Q2670,12
Q2583,12
Q2857,12
Q2531,12
Q2800,12
Q2669,12
Q2459,12
Q2859,12
Q2912,12
Q2335,12
Q2352,12
Q2659,12
Q2394,12
Q2591,12
Q2951,12
Q2921,12
Q2506,12
Q2556,12
Q2586,12
Q1104430,12
Q20717263,12
Q2171997,12
Q2700,12
Q2727,12
Q21010924,12
Q1549521,12
Q954772,12
Q11680468,12
Q2955,12
Q2422,12
Q2812,12
Q2369,12
Q2264,12
Q2285,12
Q2320,12
Q2390,12
Q2507,12
Q2524,12
Q2535,12
Q2576,12
Q2665,12
Q2686,12
Q2278,12
Q2896,12
Q2315,12
Q2553,12
Q2729,12
Q2401,12
Q2581,12
Q2671,12
Q2783,12
Q2920,12
Q2745,12
Q2562,12
Q2688,12
Q2383,12
Q2312,12
Q2505,12
Q2829,12
Q2890,12
Q19367404,12
Q391347,12
Q631425,12
Q49005,12
Q10971235,12
Q26266059,12
Q29446361,12
Q19292144,12
Q2460,12
Q2511,12
Q2587,12
Q2901570,12
Q28807560,12
Q183484,12
Q6516149,12
Q229788,12
Q2423499,12
Q14528440,12
Q15706459,12
Q26160672,12
Q26924395,12
Q368248,12
Q3099732,12
Q23739,12
Q21818572,12
Q3520161,12
Q10811,12
Q28772046,12
Q28038712,12
Q3663344,12
Q3392662,12
Q640040,12
Q14353858,12
Q193358,12
Q2383211,12
Q187459,12
Q185623,12
Q18812395,12
Q866199,12
Q9592,12
Q1406758,12
Q39908,12
Q3381561,12
Q1423339,12
Q29971738,12
Q1437688,12
Q1083662,12
Q32964842,12
Q50690,12
Q33829,12
Q27939,12
Q9137,12
Q28100128,12
Q2273310,12
Q1032130,12
Q1063423,12
Q24054178,12
Q174923,12
Q597052,12
Q1192819,12
Q341627,12
Q868250,12
Q1851815,12
Q20967942,12
Q1959194,12
Q16670127,12
Q327280,12
Q17064699,12
Q37073,12
Q1140722,12
Q24176345,12
Q140544,12
Q2617,12
Q2716,12
Q213643,12
Q16577368,12
Q2787,12
Q1186171,12
Q2559,12
Q2286,12
Q2731,12
Q20993481,12
Q26206570,12
Q29996089,12
Q2985549,11
Q11033,11
Q17042140,11
Q83116,11
Q19828,11
Q21507383,11
Q567357,11
Q3333855,11
Q17907810,11
Q14947863,11
Q207393,11
Q18454866,11
Q1868552,11
Q25283,11
Q2672914,11
Q3884033,11
Q24905,11
Q208467,11
Q203300,11
Q58199,11
Q2766,11
Q15614021,11
Q3370723,11
Q764285,11
Q2518047,11
Q1044551,11
Q831109,11
Q627436,11
Q678116,11
Q1686959,11
Q188800,11
Q201671,11
Q28968511,11
Q601401,11
Q101843,11
Q1355298,11
Q28937412,11
Q758871,11
Q657100,11
Q928667,11
Q422007,11
Q998840,11
Q309100,11
Q6934728,11
Q7217754,11
Q1196727,11
Q205299,11
Q24533670,11
Q193041,11
Q446354,11
Q1776834,11
Q1318274,11
Q14941854,11
Q1132300,11
Q2248485,11
Q168827,11
Q1054730,11
Q1317590,11
Q20151226,11
Q1834475,11
Q6988101,11
Q645745,11
Q1637368,11
Q177414,11
Q1859468,11
Q1547289,11
Q57607,11
Q7333270,11
Q24335044,11
Q209225,11
Q944816,11
Q18455108,11
Q697279,11
Q459459,11
Q1431554,11
Q19900542,11
Q2351078,11
Q3091916,11
Q8536775,11
Q47092,11
Q17912683,11
Q18451091,11
Q1971694,11
Q1941921,11
Q19844540,11
Q255592,11
Q641078,11
Q325261,11
Q838625,11
Q26263487,11
Q704813,11
Q1153462,11
Q474534,11
Q1150550,11
Q2475679,11
Q13424808,11
Q21866936,11
Q876459,11
Q18452301,11
Q2995256,11
Q499176,11
Q843065,11
Q219067,11
Q4359224,11
Q384748,11
Q868893,11
Q15273379,11
Q30174967,11
Q1221119,11
Q936821,11
Q23307699,11
Q1130496,11
Q28530564,11
Q22676,11
Q2903446,11
Q17364572,11
Q30307328,11
Q45529,11
Q1070167,11
Q2087773,11
Q16948252,11
Q6657015,11
Q11755860,11
Q2399482,11
Q1450515,11
Q1192543,11
Q1372205,11
Q1197552,11
Q26928534,11
Q2164956,11
Q2995808,11
Q937378,11
Q502899,11
Q93344,11
Q222749,11
Q1966910,11
Q3814081,11
Q1751850,11
Q484083,11
Q1141791,11
Q6024707,11
Q1504597,11
Q1401183,11
Q713223,11
Q1389311,11
Q627421,11
Q22341433,11
Q1671228,11
Q1627961,11
Q1574963,11
Q22341315,11
Q1609504,11
Q22341275,11
Q23384401,11
Q1292111,11
Q1575478,11
Q27907702,11
Q7444736,11
Q221275,11
Q20744362,11
Q660064,11
Q11442,11
Q3000849,11
Q130762,11
Q2776649,11
Q765940,11
Q7251263,11
Q12131673,11
Q2904233,11
Q580112,11
Q1052621,11
Q1146627,11
Q58734,11
Q2105250,11
Q3365965,11
Q7236487,11
Q273320,11
Q2773684,11
Q726929,11
Q964162,11
Q1359051,11
Q178692,11
Q1571667,11
Q27907692,11
Q3115577,11
Q15293315,11
Q14855244,11
Q2864342,11
Q209740,11
Q27907716,11
Q1048295,11
Q22275878,11
Q3908733,11
Q4534660,11
Q6055843,11
Q2155186,11
Q30329227,11
Q579569,11
Q29917259,11
Q622666,11
Q28148504,11
Q280275,11
Q939616,11
Q2951241,11
Q1088157,11
Q1090806,11
Q15618492,11
Q16261439,11
Q2954800,11
Q3067776,11
Q3036983,11
Q3124518,11
Q496098,11
Q19884415,11
Q17304098,11
Q6960199,11
Q3495267,11
Q6942541,11
Q756780,11
Q2142766,11
Q22342918,11
Q299668,11
Q20825630,11
Q3209941,11
Q6008757,11
Q30460,11
Q1526871,11
Q15698333,11
Q608152,11
Q2179685,11
Q3595457,11
Q3535487,11
Q300920,11
Q1322802,11
Q6057338,11
Q800101,11
Q14469408,11
Q996525,11
Q4330194,11
Q6541336,11
Q1647788,11
Q5191359,11
Q5378276,11
Q2339404,11
Q2087386,11
Q22276316,11
Q19464251,11
Q33189721,11
Q20635181,11
Q17305746,11
Q4150646,11
Q8524,11
Q26271642,11
Q22442774,11
Q79719,11
Q13300,11
Q936257,11
Q816759,11
Q18608359,11
Q18669875,11
Q36728566,11
Q35432882,11
Q7697093,11
Q2356441,11
Q19344578,11
Q2709918,11
Q19152599,11
Q29918292,11
Q126701,11
Q17260369,11
Q22343924,11
Q15838659,11
Q221662,11
Q334516,11
Q1075546,11
Q938253,11
Q587682,11
Q21042623,11
Q849706,11
Q22342312,11
Q7062022,11
Q757833,11
Q19832712,11
Q17000324,11
Q16888407,11
Q496341,11
Q2963,11
Q3023,11
Q2952,11
Q2300,11
Q1491746,11
Q22669611,11
Q10916116,11
Q4388320,11
Q17278671,11
Q24178042,11
Q1384955,11
Q12802,11
Q1140575,11
Q3933541,11
Q21286183,11
Q15031575,11
Q10267490,11
Q10713589,11
Q10703259,11
Q14083157,11
Q21224061,11
Q11279146,11
Q835803,11
Q22699,11
Q128430,11
Q9018710,11
Q19713589,11
Q5367899,11
Q19380415,11
Q13266,11
Q28054047,11
Q1081491,11
Q36180,11
Q2930,11
Q2297,11
Q2451,11
Q2301,11
Q2927,11
Q2926,11
Q2299,11
Q3021,11
Q2959,11
Q2928,11
Q2923,11
Q670265,11
Q33095807,11
Q28649023,11
Q2624,11
Q13425841,11
Q4401011,11
Q892168,11
Q1191380,11
Q1257171,11
Q25343621,11
Q397447,11
Q20743942,11
Q501058,11
Q3467906,11
Q2101438,11
Q17184725,11
Q28870819,11
Q2225045,11
Q5411847,11
Q3396433,11
Q16544598,11
Q20974480,11
Q2986,11
Q2925,11
Q2919,11
Q2913,11
Q2957,11
Q3022,11
Q2761,11
Q2296,11
Q2950,11
Q2995,11
Q2994,11
Q2993,11
Q1501212,11
Q2099270,11
Q18058299,11
Q29971416,11
Q2534542,11
Q19605764,11
Q3029575,11
Q2413,11
Q2603,11
Q1361559,11
Q3209535,11
Q20754884,11
Q4230425,11
Q3025,11
Q2992,11
Q2988,11
Q756637,11
Q2922,11
Q2990,11
Q2984,11
Q2982,11
Q1473950,11
Q260676,11
Q29182,11
Q36570165,11
Q193468,11
Q28938662,11
Q7978994,11
Q6908406,11
Q3027,11
Q3026,11
Q7630601,11
Q474157,11
Q2379,11
Q2949,11
Q2997,11
Q3018,11
Q2363,11
Q2901,11
Q2303,11
Q2620,11
Q2931,11
Q3016,11
Q22833421,11
Q507286,11
Q22976748,11
Q24698650,11
Q27042524,11
Q28954851,11
Q23070625,11
Q2045717,11
Q747357,11
Q20743938,11
Q1711361,11
Q4808723,11
Q27954955,11
Q165137,11
Q288558,11
Q157650,11
Q21384728,11
Q156895,11
Q1291195,11
Q850978,11
Q217577,11
Q26973022,11
Q10781974,11
Q196538,11
Q18696288,11
Q842293,11
Q27104461,11
Q27915853,11
Q27949697,11
Q28123792,11
Q33185258,11
Q16929810,11
Q809690,11
Q1089665,11
Q4127919,11
Q3882248,11
Q7724780,11
Q648608,11
Q1637151,11
Q1076099,11
Q467454,11
Q1004210,11
Q1415133,11
Q828450,11
Q33519835,11
Q34746188,11
Q2520755,11
Q1391583,11
Q214981,11
Q159391,11
Q177305,11
Q639030,11
Q19289629,11
Q143467,11
Q3032116,11
Q614101,11
Q1652352,11
Q1631888,11
Q202509,11
Q828414,11
Q1128219,11
Q21601225,11
Q2779957,11
Q1077135,11
Q385422,11
Q21866930,11
Q801780,11
Q192914,11
Q188628,11
Q848328,11
Q19832914,11
Q719395,11
Q474191,11
Q331357,11
Q24284321,11
Q216212,11
Q22669381,11
Q7579839,11
Q7362643,11
Q756903,11
Q210581,11
Q15666441,11
Q19593666,11
Q2958,11
Q2924,11
Q1484521,11
Q16001686,11
Q3028,11
Q27996460,11
Q245005,11
Q30559999,11
Q2259176,11
Q11828004,10
Q205585,10
Q184122,10
Q631147,10
Q1262438,10
Q15991290,10
Q33104069,10
Q22011935,10
Q2673092,10
Q28146196,10
Q29854000,10
Q1401585,10
Q1210300,10
Q1546073,10
Q1697305,10
Q6054776,10
Q3685477,10
Q48091,10
Q13414753,10
Q6583019,10
Q1095271,10
Q15328,10
Q29168168,10
Q3775042,10
Q32090,10
Q116609,10
Q1330941,10
Q21055677,10
Q862567,10
Q191093,10
Q13243303,10
Q483639,10
Q22330752,10
Q6630149,10
Q1069,10
Q28444913,10
Q1310653,10
Q1077067,10
Q14292916,10
Q273789,10
Q15313730,10
Q11466,10
Q1062352,10
Q18592633,10
Q64601,10
Q514860,10
Q1057504,10
Q19984014,10
Q928150,10
Q250050,10
Q369330,10
Q167172,10
Q3354859,10
Q3077423,10
Q1650922,10
Q1747906,10
Q27014177,10
Q3867179,10
Q19413015,10
Q1752459,10
Q830844,10
Q11079823,10
Q1076547,10
Q19201596,10
Q1138653,10
Q317669,10
Q1484173,10
Q1753652,10
Q3413331,10
Q18669740,10
Q695469,10
Q18600372,10
Q3966,10
Q943017,10
Q131138,10
Q22283539,10
Q14942889,10
Q668065,10
Q6979644,10
Q492425,10
Q492042,10
Q15231127,10
Q3301053,10
Q3032131,10
Q5894489,10
Q473094,10
Q1070521,10
Q20031543,10
Q1071523,10
Q324257,10
Q7281,10
Q614112,10
Q19845322,10
Q2976477,10
Q726761,10
Q18618832,10
Q1092661,10
Q861559,10
Q2613972,10
Q173212,10
Q865422,10
Q1199344,10
Q1365916,10
Q1057440,10
Q17414138,10
Q1062293,10
Q1303574,10
Q192810,10
Q1620824,10
Q15066925,10
Q3032132,10
Q2864107,10
Q17291456,10
Q17334112,10
Q1196126,10
Q269415,10
Q455403,10
Q3257930,10
Q1052743,10
Q2441427,10
Q1052804,10
Q27875987,10
Q7128792,10
Q166863,10
Q15411381,10
Q27147769,10
Q24529773,10
Q24176296,10
Q22342153,10
Q2516180,10
Q47568,10
Q4681865,10
Q2587942,10
Q273339,10
Q2127330,10
Q823310,10
Q869042,10
Q14524493,10
Q149985,10
Q2964429,10
Q62127,10
Q3048444,10
Q3562482,10
Q1816210,10
Q2138247,10
Q787,10
Q29048322,10
Q6458,10
Q911881,10
Q2894814,10
Q1025116,10
Q836985,10
Q30109942,10
Q426759,10
Q22669632,10
Q510548,10
Q15710038,10
Q3847997,10
Q1752049,10
Q309118,10
Q814254,10
Q7642168,10
Q390947,10
Q7075402,10
Q6867215,10
Q1649296,10
Q215911,10
Q116634,10
Q391394,10
Q194465,10
Q2512777,10
Q170539,10
Q1780353,10
Q1865249,10
Q7540587,10
Q861437,10
Q80638,10
Q2083958,10
Q19710423,10
Q167035,10
Q22341320,10
Q317671,10
Q2881272,10
Q3329375,10
Q444863,10
Q15077416,10
Q14390508,10
Q1405085,10
Q742318,10
Q16896124,10
Q61509,10
Q4672467,10
Q3692071,10
Q19914147,10
Q1815901,10
Q3330843,10
Q622772,10
Q31345,10
Q339784,10
Q14763130,10
Q30170627,10
Q4580177,10
Q327328,10
Q1328864,10
Q22442768,10
Q15222,10
Q1338983,10
Q182133,10
Q3347326,10
Q1926721,10
Q1977131,10
Q301869,10
Q161981,10
Q1954908,10
Q648191,10
Q1298292,10
Q28468092,10
Q192851,10
Q930866,10
Q171141,10
Q2114846,10
Q667018,10
Q1572600,10
Q693850,10
Q30245758,10
Q32050,10
Q595971,10
Q1542872,10
Q1071357,10
Q4534645,10
Q696794,10
Q2229672,10
Q13479680,10
Q22696395,10
Q4469598,10
Q201919,10
Q1402016,10
Q431622,10
Q203441,10
Q2936606,10
Q2394680,10
Q913970,10
Q3216918,10
Q3416955,10
Q2678375,10
Q1798603,10
Q16518,10
Q1465684,10
Q15630934,10
Q10737,10
Q944603,10
Q1369077,10
Q299821,10
Q576317,10
Q26696419,10
Q180570,10
Q921773,10
Q3041274,10
Q15623448,10
Q498604,10
Q4829908,10
Q15063373,10
Q1078001,10
Q15704878,10
Q2826640,10
Q859247,10
Q2393184,10
Q651019,10
Q3354412,10
Q1971570,10
Q6058937,10
Q386636,10
Q334451,10
Q7865637,10
Q82990,10
Q1138178,10
Q630415,10
Q153652,10
Q26989327,10
Q479901,10
Q979943,10
Q4014176,10
Q185203,10
Q22696400,10
Q8269924,10
Q22704041,10
Q4140371,10
Q963729,10
Q205901,10
Q1076223,10
Q1403239,10
Q1131379,10
Q22669582,10
Q22276186,10
Q2949877,10
Q616086,10
Q1542392,10
Q548126,10
Q576727,10
Q8776398,10
Q3535028,10
Q468939,10
Q3957457,10
Q2602314,10
Q299818,10
Q658116,10
Q7433672,10
Q4406645,10
Q4461688,10
Q1361088,10
Q1815675,10
Q22964231,10
Q20891148,10
Q7248528,10
Q385870,10
Q19828539,10
Q8785941,10
Q1311060,10
Q7155745,10
Q5187118,10
Q5448077,10
Q544199,10
Q26266060,10
Q375990,10
Q20857129,10
Q8001184,10
Q15630943,10
Q236371,10
Q28109822,10
Q28133323,10
Q4287745,10
Q2180497,10
Q170208,10
Q30572165,10
Q2243978,10
Q223573,10
Q126793,10
Q1669071,10
Q29043077,10
Q29857932,10
Q745877,10
Q7447672,10
Q1078286,10
Q12403873,10
Q1414671,10
Q78987,10
Q10873959,10
Q1011572,10
Q25369324,10
Q5668597,10
Q18286339,10
Q25369215,10
Q4538276,10
Q219407,10
Q26678366,10
Q1068705,10
Q4026292,10
Q7139410,10
Q22967432,10
Q24182685,10
Q5244910,10
Q1650942,10
Q114953,10
Q15909505,10
Q21522015,10
Q2591905,10
Q5259432,10
Q926439,10
Q2988353,10
Q380829,10
Q9680484,10
Q1089579,10
Q1188673,10
Q1158769,10
Q352956,10
Q11773922,10
Q3500690,10
Q844479,10
Q1358324,10
Q949819,10
Q24574428,10
Q1270126,10
Q15731190,10
Q3485795,10
Q4374856,10
Q22078284,10
Q579418,10
Q13012970,10
Q28762481,10
Q22964288,10
Q217177,10
Q843152,10
Q21079854,10
Q299159,10
Q25051296,10
Q6156156,10
Q17283573,10
Q186619,10
Q2699419,10
Q1813287,10
Q1724341,10
Q4919932,10
Q107400,10
Q24179666,10
Q1164196,10
Q16487290,10
Q6642845,10
Q22669513,10
Q2999797,10
Q2364254,10
Q5621421,10
Q17122058,10
Q2632544,10
Q6517928,10
Q28146463,10
Q4992609,10
Q7133619,10
Q17189483,10
Q17424291,10
Q2565860,10
Q18406136,10
Q1396022,10
Q13425842,10
Q3310776,10
Q217749,10
Q177600,10
Q28942401,10
Q118322,10
Q52946,10
Q327000,10
Q201664,10
Q21232064,10
Q1622132,10
Q20675,10
Q1137275,10
Q17074763,10
Q6643412,10
Q723685,10
Q35254629,10
Q819426,10
Q3066961,10
Q16942515,10
Q7813994,10
Q1433032,10
Q762042,10
Q2402047,10
Q816741,10
Q27949687,10
Q180856,10
Q411585,10
Q21406054,10
Q2008904,10
Q3214330,10
Q28649019,10
Q15900779,10
Q1975485,10
Q845242,10
Q23013985,10
Q1703577,10
Q22809610,10
Q23070675,10
Q23069351,10
Q1642267,10
Q2677790,10
Q17521458,10
Q670787,10
Q1811955,10
Q2951289,10
Q23069354,10
Q25395908,10
Q25398065,10
Q23069398,10
Q25398376,10
Q110874,10
Q25936252,10
Q23010327,10
Q18515478,10
Q1819703,10
Q30056023,10
Q29110152,10
Q28101756,10
Q26989423,10
Q26995804,10
Q82383,10
Q13483119,10
Q13425848,10
Q18936004,10
Q201783,10
Q180712,10
Q3139487,10
Q769696,10
Q7658863,10
Q28648966,10
Q28878279,10
Q783866,10
Q29011550,10
Q1963041,10
Q1485994,10
Q29054767,10
Q21281406,10
Q1317634,10
Q811177,10
Q273081,10
Q205295,10
Q29851044,10
Q19798645,10
Q208041,10
Q103184,10
Q32963407,10
Q34667244,10
Q184439,10
Q14784328,10
Q18279,10
Q11939023,10
Q28108,10
Q3401774,10
Q460338,10
Q19351429,10
Q1598759,10
Q18454706,10
Q273976,10
Q844531,10
Q946499,10
Q1382893,10
Q16513639,10
Q429976,10
Q529029,10
Q26958661,10
Q1483833,10
Q1035294,10
Q2423417,10
Q1763545,10
Q2733271,10
Q163829,10
Q1459367,10
Q918091,10
Q15985290,10
Q18039177,10
Q193762,10
Q7309309,10
Q2574170,10
Q6866556,10
Q131841,10
Q6640494,10
Q6853104,10
Q17542873,10
Q7205,10
Q964292,10
Q2890069,10
Q91285,10
Q12021359,10
Q887670,10
Q7318358,10
Q13420058,10
Q29608929,10
Q471898,10
Q2668288,10
Q180733,10
Q966353,10
Q21866939,10
Q18089186,10
Q239072,10
Q648405,10
Q1066984,9
Q6688521,9
Q223722,9
Q223832,9
Q11435,9
Q15127838,9
Q22330909,9
Q14083,9
Q234870,9
Q831740,9
Q4249901,9
Q23090938,9
Q193071,9
Q22269349,9
Q10553309,9
Q150147,9
Q20056177,9
Q9067653,9
Q467511,9
Q856663,9
Q261543,9
Q1188663,9
Q28017217,9
Q392893,9
Q1156329,9
Q60297,9
Q21009053,9
Q33270056,9
Q15991203,9
Q1569963,9
Q3591586,9
Q16335331,9
Q7307130,9
Q4012861,9
Q3771738,9
Q94920,9
Q22269333,9
Q27925057,9
Q630638,9
Q11364,9
Q15253706,9
Q1324042,9
Q2716508,9
Q15079751,9
Q223557,9
Q21286559,9
Q9430,9
Q1278791,9
Q8074,9
Q1200992,9
Q177719,9
Q83464,9
Q6600858,9
Q3965460,9
Q17152495,9
Q679206,9
Q17560936,9
Q1065742,9
Q30032916,9
Q1664428,9
Q276453,9
Q18577275,9
Q29642875,9
Q813912,9
Q1148974,9
Q1340555,9
Q2516297,9
Q1203196,9
Q635540,9
Q1061648,9
Q610038,9
Q170434,9
Q350509,9
Q898786,9
Q20203727,9
Q1156659,9
Q3058029,9
Q12370,9
Q177811,9
Q1802243,9
Q3514338,9
Q15632133,9
Q117879,9
Q7559,9
Q1558858,9
Q18751767,9
Q10829188,9
Q218010,9
Q990488,9
Q759783,9
Q28953987,9
Q20667393,9
Q112014,9
Q5551285,9
Q1868541,9
Q2902871,9
Q976521,9
Q29851519,9
Q49389,9
Q955236,9
Q830831,9
Q838296,9
Q27973511,9
Q184949,9
Q2374489,9
Q1536617,9
Q3109992,9
Q19323,9
Q645310,9
Q2560367,9
Q422069,9
Q5283563,9
Q598227,9
Q670053,9
Q11664270,9
Q571571,9
Q479048,9
Q254450,9
Q17308967,9
Q29054285,9
Q1660443,9
Q23953065,9
Q11255,9
Q24206770,9
Q739888,9
Q14506045,9
Q653596,9
Q989888,9
Q33294038,9
Q617945,9
Q2115448,9
Q26913948,9
Q468437,9
Q832003,9
Q11474,9
Q652812,9
Q193692,9
Q47307,9
Q864306,9
Q20732239,9
Q237338,9
Q9316670,9
Q16333842,9
Q850767,9
Q12323661,9
Q121750,9
Q22298551,9
Q2387050,9
Q1075561,9
Q732973,9
Q1898583,9
Q180537,9
Q28100918,9
Q719506,9
Q3625949,9
Q1203713,9
Q12041885,9
Q131214,9
Q3102603,9
Q18683244,9
Q22808060,9
Q1025961,9
Q4349624,9
Q671224,9
Q6149036,9
Q2835765,9
Q33532284,9
Q492255,9
Q22276208,9
Q22276008,9
Q2998321,9
Q8486,9
Q11396401,9
Q16640,9
Q216860,9
Q602963,9
Q21685333,9
Q3382072,9
Q897056,9
Q749400,9
Q26972235,9
Q1802087,9
Q7247847,9
Q13494477,9
Q355699,9
Q13357858,9
Q1476938,9
Q1863882,9
Q500041,9
Q27650858,9
Q1000809,9
Q3922925,9
Q22276298,9
Q220849,9
Q153918,9
Q871232,9
Q24568879,9
Q179435,9
Q818545,9
Q1430303,9
Q19969128,9
Q47128,9
Q2948379,9
Q1330402,9
Q3732793,9
Q28928544,9
Q897399,9
Q1810304,9
Q164274,9
Q41363,9
Q14957210,9
Q37620527,9
Q2112202,9
Q1532883,9
Q708457,9
Q1783329,9
Q1756454,9
Q905286,9
Q37146376,9
Q1993562,9
Q1543214,9
Q131207,9
Q1059232,9
Q512504,9
Q1352567,9
Q16710795,9
Q815553,9
Q598087,9
Q1747681,9
Q81727,9
Q191825,9
Q18606244,9
Q18913069,9
Q22669521,9
Q22276155,9
Q38867,9
Q847045,9
Q278329,9
Q21855049,9
Q261362,9
Q11771944,9
Q595968,9
Q27517998,9
Q388383,9
Q6674,9
Q178243,9
Q1621078,9
Q174726,9
Q7335381,9
Q2438381,9
Q4406986,9
Q1325137,9
Q5530594,9
Q18011141,9
Q1147341,9
Q924588,9
Q21976118,9
Q7905814,9
Q355505,9
Q2297602,9
Q2660156,9
Q2597772,9
Q937840,9
Q2403675,9
Q3656794,9
Q494588,9
Q209738,9
Q2933978,9
Q975128,9
Q1148887,9
Q16236249,9
Q3559019,9
Q1427700,9
Q33104129,9
Q895060,9
Q327197,9
Q2950887,9
Q59532,9
Q5956785,9
Q185600,9
Q17172702,9
Q2828309,9
Q1250263,9
Q20008620,9
Q36341,9
Q3178261,9
Q1628831,9
Q19627817,9
Q266487,9
Q283,9
Q17290932,9
Q3412210,9
Q1149219,9
Q8371,9
Q735427,9
Q19754671,9
Q21451686,9
Q3540478,9
Q20892660,9
Q15702004,9
Q7309306,9
Q1361400,9
Q897403,9
Q22669625,9
Q1072319,9
Q493576,9
Q1088927,9
Q303618,9
Q1744497,9
Q505804,9
Q1476019,9
Q2562982,9
Q299541,9
Q1752020,9
Q3854433,9
Q125576,9
Q839478,9
Q3927244,9
Q26912005,9
Q611946,9
Q1855128,9
Q1638045,9
Q737312,9
Q365627,9
Q2141106,9
Q601147,9
Q23069616,9
Q20973698,9
Q4375509,9
Q18616084,9
Q2399523,9
Q646740,9
Q1851368,9
Q1687222,9
Q4382347,9
Q719597,9
Q188889,9
Q7722016,9
Q214261,9
Q2582020,9
Q6128710,9
Q15056133,9
Q31691,9
Q2658271,9
Q5581144,9
Q492871,9
Q23901273,9
Q29546443,9
Q29973306,9
Q375102,9
Q6978245,9
Q1058891,9
Q261428,9
Q452393,9
Q22669528,9
Q937076,9
Q22669621,9
Q207137,9
Q1875618,9
Q2094158,9
Q1111310,9
Q605117,9
Q106833,9
Q1156895,9
Q645858,9
Q10980,9
Q179797,9
Q1372231,9
Q6815100,9
Q7603694,9
Q892278,9
Q21727188,9
Q2202754,9
Q319120,9
Q1207369,9
Q4657797,9
Q22669594,9
Q294422,9
Q28922083,9
Q3354468,9
Q18715646,9
Q34987520,9
Q15631336,9
Q15707454,9
Q22812944,9
Q230788,9
Q23007305,9
Q193605,9
Q15698359,9
Q12407601,9
Q15700834,9
Q3402519,9
Q24183035,9
Q178921,9
Q15831577,9
Q21282584,9
Q15631872,9
Q15631817,9
Q25546854,9
Q576603,9
Q2743357,9
Q752003,9
Q25448932,9
Q4430243,9
Q19886742,9
Q244179,9
Q169560,9
Q10648447,9
Q2235325,9
Q1780825,9
Q3566966,9
Q7310094,9
Q867738,9
Q786110,9
Q24041613,9
Q11632211,9
Q15296520,9
Q11448283,9
Q1090946,9
Q11438578,9
Q17364638,9
Q11774604,9
Q3333124,9
Q14551987,9
Q12060255,9
Q11902783,9
Q9641002,9
Q11994667,9
Q455695,9
Q724384,9
Q876500,9
Q1945774,9
Q4443227,9
Q23069609,9
Q17375963,9
Q1468524,9
Q7415384,9
Q628155,9
Q814232,9
Q811339,9
Q17280091,9
Q17275629,9
Q134574,9
Q15815906,9
Q1213895,9
Q297163,9
Q190686,9
Q2973966,9
Q4065173,9
Q1418214,9
Q492753,9
Q28464773,9
Q3508250,9
Q29032784,9
Q18972207,9
Q3091020,9
Q11284940,9
Q5151487,9
Q5150900,9
Q28607529,9
Q11293606,9
Q17490535,9
Q932410,9
Q17302981,9
Q1457145,9
Q923408,9
Q3031119,9
Q695207,9
Q28035482,9
Q614304,9
Q471251,9
Q16938385,9
Q18533987,9
Q7679101,9
Q1623243,9
Q15890340,9
Q4115030,9
Q22984545,9
Q929574,9
Q31603,9
Q10734,9
Q182683,9
Q505774,9
Q766983,9
Q26720885,9
Q210064,9
Q763213,9
Q6692780,9
Q30041186,9
Q1542838,9
Q2986700,9
Q20679712,9
Q720507,9
Q21130150,9
Q25467527,9
Q10882833,9
Q178985,9
Q7376362,9
Q14615142,9
Q1939370,9
Q21027609,9
Q28649030,9
Q1349300,9
Q1492515,9
Q6554910,9
Q23005603,9
Q23070620,9
Q3716807,9
Q5162999,9
Q637866,9
Q2387515,9
Q145794,9
Q24653904,9
Q526644,9
Q15847440,9
Q2217301,9
Q20098838,9
Q29868164,9
Q29973442,9
Q261398,9
Q157230,9
Q4330203,9
Q660088,9
Q5378251,9
Q9200127,9
Q7575362,9
Q27272451,9
Q22080713,9
Q572879,9
Q4164344,9
Q10857288,9
Q11398,9
Q15585661,9
Q2710737,9
Q28134060,9
Q24004557,9
Q82955,9
Q208382,9
Q30061268,9
Q917730,9
Q28648960,9
Q1334994,9
Q21031166,9
Q2872365,9
Q516992,9
Q800279,9
Q28054706,9
Q29167077,9
Q623941,9
Q76768,9
Q49634,9
Q3463426,9
Q1743100,9
Q1464870,9
Q446901,9
Q28849855,9
Q1978353,9
Q3683544,9
Q1211272,9
Q29898189,9
Q1424329,9
Q1425560,9
Q17489495,9
Q1264773,9
Q34739013,9
Q20820222,9
Q29028649,9
Q7876,9
Q484215,9
Q57368,9
Q15620174,9
Q27119593,9
Q11679502,9
Q209928,9
Q13415859,9
Q1762471,9
Q1266031,9
Q190652,9
Q11369,9
Q4863056,9
Q177749,9
Q7148059,9
Q1654395,9
Q2455463,9
Q1568118,9
Q1230116,9
Q1621308,9
Q2431801,9
Q657326,9
Q1625987,9
Q6576792,9
Q4566923,9
Q1520229,9
Q390580,9
Q32597970,9
Q476682,9
Q15848142,9
Q15631887,9
Q4345591,9
Q631931,9
Q28480345,9
Q3356060,9
Q3269648,9
Q38726,9
Q1089881,9
Q543127,9
Q10836209,9
Q987080,9
Q618618,9
Q598041,9
Q1754946,9
Q30167070,9
Q11893113,9
Q5515005,9
Q21727639,9
Q845477,9
Q22687823,9
Q215677,9
Q4379239,9
Q19563262,9
Q5171053,9
Q5146910,9
Q261636,9
Q3485574,9
Q14626453,9
Q148939,9
Q27886949,9
Q672075,9
Q28100241,9
Q2421212,9
Q107,9
Q40831,9
Q19979618,9
Q1370935,9
Q205723,9
Q1128906,9
Q23689636,9
Q17297633,9
Q1311669,9
Q1307580,9
Q680027,9
Q28941860,9
Q134194,9
Q187317,9
Q37622498,9
Q26883974,9
Q2445047,9
Q514050,9
Q2920604,9
Q334911,9
Q902814,8
Q2327515,8
Q166902,8
Q1067116,8
Q393259,8
Q121359,8
Q33742,8
Q2115026,8
Q2382369,8
Q1521067,8
Q1571814,8
Q179222,8
Q29045252,8
Q482329,8
Q335225,8
Q206592,8
Q558116,8
Q278379,8
Q167676,8
Q1006644,8
Q14762890,8
Q5551966,8
Q13414354,8
Q22330906,8
Q23646062,8
Q12067880,8
Q153813,8
Q878040,8
Q16748867,8
Q9223,8
Q6498784,8
Q2043034,8
Q580200,8
Q18228630,8
Q27104997,8
Q15057583,8
Q4375074,8
Q1574938,8
Q15487029,8
Q860641,8
Q2803758,8
Q673661,8
Q2578402,8
Q904201,8
Q3588149,8
Q28057030,8
Q629206,8
Q484298,8
Q1500615,8
Q2164499,8
Q15090615,8
Q367293,8
Q15742145,8
Q10872571,8
Q156351,8
Q131714,8
Q3529618,8
Q29982117,8
Q27868110,8
Q1412219,8
Q349843,8
Q218005,8
Q743074,8
Q4797221,8
Q30129411,8
Q20537528,8
Q108200,8
Q845804,8
Q15733640,8
Q372923,8
Q963908,8
Q992350,8
Q948516,8
Q194258,8
Q2712218,8
Q26832826,8
Q28841127,8
Q567555,8
Q5154933,8
Q697390,8
Q18451096,8
Q4925178,8
Q6866855,8
Q815844,8
Q203273,8
Q370330,8
Q320018,8
Q1484397,8
Q349084,8
Q1028939,8
Q15022033,8
Q1802210,8
Q22950320,8
Q10374569,8
Q7269458,8
Q3032137,8
Q708135,8
Q16334298,8
Q8458,8
Q234869,8
Q13323,8
Q36963,8
Q183731,8
Q31235,8
Q1164847,8
Q1601794,8
Q2294018,8
Q117205,8
Q17148674,8
Q946676,8
Q10856569,8
Q279919,8
Q3238851,8
Q867459,8
Q6843,8
Q1800152,8
Q2870166,8
Q184485,8
Q636819,8
Q18451099,8
Q33295822,8
Q1401304,8
Q11698189,8
Q908784,8
Q82550,8
Q6150991,8
Q167991,8
Q2531989,8
Q886837,8
Q1137923,8
Q328070,8
Q178648,8
Q1160533,8
Q16966,8
Q836571,8
Q1530824,8
Q12798329,8
Q178844,8
Q11765,8
Q15839299,8
Q293701,8
Q1320721,8
Q5484828,8
Q70252,8
Q24841413,8
Q211301,8
Q221221,8
Q20814410,8
Q714915,8
Q1676081,8
Q482526,8
Q582577,8
Q1235236,8
Q53831,8
Q13224353,8
Q379833,8
Q851824,8
Q1054671,8
Q910391,8
Q1338914,8
Q561845,8
Q4931516,8
Q19969196,8
Q29970158,8
Q1060750,8
Q2651160,8
Q6942574,8
Q1374739,8
Q2333621,8
Q1454827,8
Q492807,8
Q2325038,8
Q1381877,8
Q759721,8
Q431569,8
Q341302,8
Q2312770,8
Q184418,8
Q12254339,8
Q727028,8
Q1933026,8
Q11177275,8
Q4828720,8
Q1355866,8
Q281644,8
Q3348164,8
Q728266,8
Q460214,8
Q1850785,8
Q532716,8
Q352222,8
Q1791899,8
Q1370772,8
Q909459,8
Q689709,8
Q15701038,8
Q23712835,8
Q3494357,8
Q14936523,8
Q808,8
Q314687,8
Q447555,8
Q11461,8
Q754659,8
Q18560568,8
Q1803690,8
Q290460,8
Q6528244,8
Q3024870,8
Q37472001,8
Q1755998,8
Q560361,8
Q21070598,8
Q1307625,8
Q44946,8
Q2511760,8
Q50700,8
Q2728698,8
Q15484785,8
Q219087,8
Q1615988,8
Q43302,8
Q180720,8
Q169180,8
Q189720,8
Q20026824,8
Q1375427,8
Q12781,8
Q1870403,8
Q2366457,8
Q15707532,8
Q2473740,8
Q1588658,8
Q2235021,8
Q4258797,8
Q669272,8
Q621431,8
Q14500296,8
Q517596,8
Q7269443,8
Q2950879,8
Q548520,8
Q1414262,8
Q1249918,8
Q1070669,8
Q245810,8
Q610625,8
Q274079,8
Q5333510,8
Q28006240,8
Q28869447,8
Q340846,8
Q1068126,8
Q14414996,8
Q24668268,8
Q21855047,8
Q2828716,8
Q163875,8
Q378907,8
Q723748,8
Q182290,8
Q1322161,8
Q2951567,8
Q2951576,8
Q2972841,8
Q29042946,8
Q225672,8
Q17487523,8
Q2999942,8
Q161973,8
Q505744,8
Q1312529,8
Q3032536,8
Q11681271,8
Q156849,8
Q184651,8
Q1339459,8
Q32859621,8
Q2089784,8
Q479411,8
Q3034855,8
Q3142887,8
Q2229782,8
Q19594641,8
Q466544,8
Q762891,8
Q167737,8
Q329157,8
Q1576693,8
Q3066955,8
Q3338597,8
Q1148188,8
Q3364603,8
Q1936090,8
Q1812673,8
Q24712693,8
Q594886,8
Q516114,8
Q1850664,8
Q3478889,8
Q1417908,8
Q906520,8
Q1332219,8
Q7203108,8
Q22333025,8
Q33398009,8
Q1633700,8
Q3651832,8
Q2452950,8
Q3302335,8
Q1444840,8
Q4122815,8
Q1286790,8
Q1542396,8
Q299432,8
Q992184,8
Q18355257,8
Q2481400,8
Q1628936,8
Q47315,8
Q373315,8
Q19862850,8
Q4223088,8
Q2311958,8
Q4343720,8
Q224530,8
Q20973705,8
Q2668623,8
Q11783508,8
Q23790218,8
Q6136640,8
Q26208843,8
Q18325242,8
Q24992061,8
Q29439727,8
Q21814442,8
Q28057176,8
Q12187,8
Q29512005,8
Q19832479,8
Q18121429,8
Q745456,8
Q4431094,8
Q15987503,8
Q5810820,8
Q521097,8
Q5030901,8
Q22298492,8
Q644785,8
Q1743247,8
Q17344561,8
Q18603729,8
Q6104004,8
Q445972,8
Q558325,8
Q5610543,8
Q455638,8
Q459180,8
Q3338504,8
Q1549731,8
Q5348452,8
Q11392099,8
Q1329436,8
Q22669591,8
Q918270,8
Q3413449,8
Q5514956,8
Q103076,8
Q11748378,8
Q28382046,8
Q3663773,8
Q20489809,8
Q171947,8
Q32859630,8
Q352450,8
Q22669603,8
Q205011,8
Q3308902,8
Q811530,8
Q46982,8
Q1784036,8
Q1469195,8
Q29555171,8
Q5049884,8
Q734271,8
Q41498,8
Q41499,8
Q3326922,8
Q2943226,8
Q6459158,8
Q6460087,8
Q34984790,8
Q11284333,8
Q522972,8
Q208791,8
Q184158,8
Q26252263,8
Q10674551,8
Q22669547,8
Q1986232,8
Q2506352,8
Q30103121,8
Q670044,8
Q1392197,8
Q25438796,8
Q510474,8
Q15816787,8
Q466960,8
Q7833250,8
Q7258780,8
Q1057179,8
Q21122879,8
Q18697071,8
Q464852,8
Q6073798,8
Q612780,8
Q3982946,8
Q2270185,8
Q3539925,8
Q12760,8
Q2216973,8
Q7605392,8
Q18950356,8
Q277845,8
Q3389554,8
Q2062594,8
Q178048,8
Q28110309,8
Q214995,8
Q18647515,8
Q192249,8
Q1136095,8
Q430551,8
Q2133296,8
Q49958,8
Q15909866,8
Q10876319,8
Q15306849,8
Q19969268,8
Q11424432,8
Q562930,8
Q1001041,8
Q153068,8
Q905926,8
Q332784,8
Q2301851,8
Q17053025,8
Q1063457,8
Q653485,8
Q13403102,8
Q16519488,8
Q36214810,8
Q1052001,8
Q612418,8
Q27971903,8
Q2391887,8
Q10260412,8
Q26388,8
Q777562,8
Q3515239,8
Q1109747,8
Q23683568,8
Q15275192,8
Q913170,8
Q2864132,8
Q15304917,8
Q18341341,8
Q3564851,8
Q13017629,8
Q41497,8
Q21027105,8
Q1551671,8
Q763681,8
Q510255,8
Q210587,8
Q1746393,8
Q9676209,8
Q2705493,8
Q594504,8
Q2951213,8
Q2698718,8
Q21009831,8
Q16872946,8
Q252550,8
Q1088102,8
Q3775093,8
Q1066172,8
Q858177,8
Q28136925,8
Q17504958,8
Q21651662,8
Q337567,8
Q17310311,8
Q3521122,8
Q24410897,8
Q2423140,8
Q1871110,8
Q473814,8
Q913642,8
Q1320847,8
Q2046310,8
Q830,8
Q2188827,8
Q12018177,8
Q13221953,8
Q1349167,8
Q861508,8
Q1429889,8
Q3000614,8
Q13057942,8
Q18406306,8
Q1110992,8
Q26884850,8
Q18620277,8
Q6031029,8
Q19924530,8
Q467868,8
Q210390,8
Q14623258,8
Q4527099,8
Q7884274,8
Q210832,8
Q2438548,8
Q178588,8
Q465909,8
Q20085670,8
Q1064538,8
Q535067,8
Q2951508,8
Q2106202,8
Q19476593,8
Q18115939,8
Q9305463,8
Q23069713,8
Q15410629,8
Q16981758,8
Q2398004,8
Q21012976,8
Q161415,8
Q15138389,8
Q150962,8
Q2973941,8
Q282092,8
Q7417956,8
Q22683078,8
Q23418,8
Q3082251,8
Q23070686,8
Q19828919,8
Q6440368,8
Q1034198,8
Q159595,8
Q18120378,8
Q877353,8
Q609697,8
Q216169,8
Q23069375,8
Q25353905,8
Q25353457,8
Q25616491,8
Q20743945,8
Q22074483,8
Q10732476,8
Q28071147,8
Q156800,8
Q27032122,8
Q548275,8
Q2067749,8
Q214045,8
Q29898009,8
Q27253938,8
Q24573088,8
Q27032435,8
Q2325307,8
Q12022155,8
Q348741,8
Q27924222,8
Q229565,8
Q29607391,8
Q606332,8
Q4806651,8
Q28134126,8
Q1972,8
Q11083119,8
Q1823448,8
Q181790,8
Q11500,8
Q10520688,8
Q361665,8
Q20087728,8
Q133182,8
Q25294,8
Q2289223,8
Q2026730,8
Q23834,8
Q616204,8
Q30061299,8
Q181947,8
Q3391846,8
Q12043626,8
Q7201702,8
Q171917,8
Q3488319,8
Q1067958,8
Q7884983,8
Q16631188,8
Q21777259,8
Q30056294,8
Q4895508,8
Q11874654,8
Q33129345,8
Q304863,8
Q1238775,8
Q33260112,8
Q10685476,8
Q832084,8
Q1321241,8
Q29898619,8
Q130996,8
Q483501,8
Q569879,8
Q5107,8
Q1784293,8
Q30337763,8
Q9662,8
Q3327871,8
Q223662,8
Q941501,8
Q8070,8
Q13220372,8
Q1175522,8
Q18545295,8
Q192161,8
Q14825551,8
Q212434,8
Q17276572,8
Q941150,8
Q846303,8
Q9220,8
Q842100,8
Q4370110,8
Q869923,8
Q185698,8
Q104851,8
Q18330146,8
Q853697,8
Q392369,8
Q3558198,8
Q2363019,8
Q22160120,8
Q645143,8
Q28109781,8
Q104083,8
Q130122,8
Q16658189,8
Q833053,8
Q1967511,8
Q215605,8
Q1995305,8
Q28121404,8
Q917206,8
Q1246587,8
Q1798641,8
Q1578389,8
Q1618569,8
Q1308255,8
Q1087850,8
Q486775,8
Q1533470,8
Q1796671,8
Q1798622,8
Q22669526,8
Q585333,8
Q2468444,8
Q996954,8
Q2954965,8
Q476539,8
Q172451,8
Q3325635,8
Q3485476,8
Q2545446,8
Q3813127,8
Q22675614,8
Q2560248,8
Q1935147,8
Q193518,8
Q6955214,8
Q5613288,8
Q874599,8
Q30056302,8
Q275969,8
Q22980727,8
Q25570959,8
Q15197661,8
Q17276616,8
Q27131861,8
Q282939,8
Q5249472,8
Q10666342,8
Q7295180,8
Q182103,8
Q1857942,8
Q14928567,8
Q4914883,8
Q25343642,8
Q1365207,8
Q2499049,8
Q1940809,8
Q832230,8
Q3435924,8
Q18524061,8
Q28606291,8
Q1082980,8
Q3491832,8
Q4426710,8
Q25397642,8
Q24384,8
Q1641122,8
Q28134100,8
Q1553289,8
Q2141970,8
Q2144723,8
Q165938,8
Q491675,8
Q20703,8
Q747957,8
Q14192252,8
Q4688003,8
Q1225034,8
Q2923447,8
Q3558965,8
Q220463,8
Q2617766,8
Q19828548,8
Q6503358,8
Q4806451,8
Q6988077,8
Q41501,8
Q1311,8
Q28100549,8
Q14565197,8
Q29963999,8
Q3775289,8
Q1517904,8
Q41825,7
Q16748888,7
Q849866,7
Q1188693,7
Q278976,7
Q43747,7
Q1548525,7
Q198614,7
Q192276,7
Q185086,7
Q464235,7
Q30337748,7
Q11660,7
Q13085,7
Q1789452,7
Q313301,7
Q2097974,7
Q1790374,7
Q24279,7
Q16604158,7
Q204894,7
Q175208,7
Q1324426,7
Q1547548,7
Q19307174,7
Q164307,7
Q34049,7
Q10786901,7
Q179405,7
Q15899789,7
Q1412386,7
Q467745,7
Q12134916,7
Q37813,7
Q877707,7
Q1348073,7
Q2698455,7
Q231838,7
Q23901114,7
Q241871,7
Q1128023,7
Q135436,7
Q693039,7
Q4292136,7
Q1293536,7
Q7269,7
Q131557,7
Q409829,7
Q336181,7
Q1328578,7
Q5282923,7
Q498289,7
Q154954,7
Q15646485,7
Q19833031,7
Q50675,7
Q17379685,7
Q1645817,7
Q15648574,7
Q210729,7
Q105985,7
Q130901,7
Q5159627,7
Q21980538,7
Q1186723,7
Q5145844,7
Q193560,7
Q500669,7
Q1303814,7
Q161243,7
Q3241965,7
Q20971972,7
Q2138167,7
Q2920963,7
Q248797,7
Q23015685,7
Q26971562,7
Q1059791,7
Q15976022,7
Q1098174,7
Q327618,7
Q6363482,7
Q26763979,7
Q17315624,7
Q544823,7
Q1261534,7
Q30110959,7
Q104526,7
Q9229,7
Q26700376,7
Q2054441,7
Q3032333,7
Q1227095,7
Q179551,7
Q1197154,7
Q12014419,7
Q28920117,7
Q1478378,7
Q461741,7
Q168582,7
Q1378139,7
Q27996464,7
Q183427,7
Q7691226,7
Q20102367,7
Q1595289,7
Q22333190,7
Q1302778,7
Q1052919,7
Q909194,7
Q28491520,7
Q54259,7
Q16830604,7
Q233861,7
Q15883433,7
Q27042477,7
Q27042517,7
Q1357585,7
Q205805,7
Q12340140,7
Q426043,7
Q2073106,7
Q373442,7
Q16536908,7
Q1640962,7
Q34986717,7
Q446760,7
Q3707399,7
Q178795,7
Q28890616,7
Q213468,7
Q173799,7
Q205663,7
Q693369,7
Q11009,7
Q1474414,7
Q1723154,7
Q27042480,7
Q11606,7
Q332903,7
Q17485677,7
Q82231,7
Q4460,7
Q23498202,7
Q1911105,7
Q21514702,7
Q1075520,7
Q844713,7
Q1398645,7
Q682626,7
Q26132862,7
Q3233636,7
Q2982891,7
Q1752719,7
Q19705,7
Q17362054,7
Q900341,7
Q5969909,7
Q1802587,7
Q339969,7
Q19801853,7
Q674533,7
Q1941618,7
Q33104279,7
Q729378,7
Q729446,7
Q729670,7
Q562600,7
Q729930,7
Q13415160,7
Q3271471,7
Q731978,7
Q299802,7
Q777851,7
Q2533461,7
Q725960,7
Q18558685,7
Q178777,7
Q188844,7
Q220695,7
Q722547,7
Q5662019,7
Q3477367,7
Q1062135,7
Q3836406,7
Q21286623,7
Q42138,7
Q1184788,7
Q592312,7
Q28142754,7
Q33230858,7
Q19823,7
Q24334299,7
Q179448,7
Q517763,7
Q847573,7
Q207645,7
Q1434313,7
Q4456236,7
Q21055703,7
Q442799,7
Q1441324,7
Q1003607,7
Q21002266,7
Q33694,7
Q818463,7
Q2135500,7
Q2915243,7
Q2313686,7
Q25455090,7
Q3060065,7
Q28923,7
Q3399338,7
Q29057447,7
Q31566,7
Q28819924,7
Q911736,7
Q20986437,7
Q900729,7
Q129292,7
Q1751753,7
Q2862826,7
Q1444571,7
Q24040733,7
Q3661855,7
Q3991682,7
Q1783817,7
Q1534992,7
Q1752223,7
Q1364943,7
Q184353,7
Q2300449,7
Q1343179,7
Q350268,7
Q1430687,7
Q2000344,7
Q949525,7
Q1196984,7
Q904416,7
Q1343626,7
Q11895083,7
Q29568408,7
Q1803786,7
Q1607801,7
Q1720112,7
Q20741385,7
Q2325350,7
Q26701162,7
Q20658380,7
Q2826637,7
Q27863646,7
Q12797,7
Q30286488,7
Q29898040,7
Q1453654,7
Q1391561,7
Q840482,7
Q1162163,7
Q1495738,7
Q1752292,7
Q5333554,7
Q671370,7
Q1205140,7
Q13530412,7
Q10990,7
Q2298412,7
Q131790,7
Q51647,7
Q28343277,7
Q567559,7
Q617755,7
Q18050,7
Q1713577,7
Q8193744,7
Q828962,7
Q542668,7
Q131030,7
Q22669618,7
Q17156398,7
Q1787688,7
Q553036,7
Q1802611,7
Q80895,7
Q7695,7
Q18202446,7
Q189156,7
Q20032039,7
Q770987,7
Q354004,7
Q2388270,7
Q1125911,7
Q614316,7
Q898987,7
Q19595415,7
Q172331,7
Q1870831,7
Q2704778,7
Q1362233,7
Q19884438,7
Q722080,7
Q238156,7
Q584529,7
Q859170,7
Q2069999,7
Q2182987,7
Q107711,7
Q15912738,7
Q58884,7
Q18120271,7
Q17478752,7
Q201411,7
Q1781379,7
Q3573839,7
Q2165091,7
Q1376517,7
Q14517550,7
Q22330922,7
Q628523,7
Q1053916,7
Q11035,7
Q2527949,7
Q10998,7
Q2884295,7
Q14503036,7
Q184590,7
Q252189,7
Q19058732,7
Q11690026,7
Q15298221,7
Q1737230,7
Q397610,7
Q3478679,7
Q21009855,7
Q1995067,7
Q15063379,7
Q8789,7
Q16455611,7
Q3550864,7
Q3591580,7
Q6659501,7
Q16540464,7
Q3074,7
Q17627176,7
Q20667921,7
Q2994474,7
Q281,7
Q1453310,7
Q3042249,7
Q2304313,7
Q1348595,7
Q42962,7
Q5778278,7
Q15850083,7
Q2072432,7
Q1934708,7
Q2973801,7
Q201884,7
Q338814,7
Q200726,7
Q29970916,7
Q1463396,7
Q2586717,7
Q29555301,7
Q162604,7
Q30046,7
Q17853087,7
Q845371,7
Q2621126,7
Q22283516,7
Q1966034,7
Q3653631,7
Q3501108,7
Q186218,7
Q5198662,7
Q2499115,7
Q299359,7
Q16620760,7
Q1526855,7
Q684154,7
Q627603,7
Q1617899,7
Q3257518,7
Q1460138,7
Q3869416,7
Q299634,7
Q3883169,7
Q3533389,7
Q3456497,7
Q299719,7
Q4229164,7
Q1922419,7
Q4144557,7
Q1498804,7
Q3623811,7
Q27518087,7
Q11396408,7
Q280783,7
Q4389321,7
Q955920,7
Q48352,7
Q2397410,7
Q26835642,7
Q25345691,7
Q1134131,7
Q1773662,7
Q18215814,7
Q18575573,7
Q2137778,7
Q4825004,7
Q4002083,7
Q26208812,7
Q577764,7
Q3247681,7
Q27554677,7
Q30056349,7
Q28166645,7
Q43060,7
Q7138164,7
Q267628,7
Q935337,7
Q165028,7
Q3231410,7
Q5115542,7
Q407752,7
Q18498,7
Q2319401,7
Q444706,7
Q2983548,7
Q15710942,7
Q30301644,7
Q5021202,7
Q4350754,7
Q27031827,7
Q33216710,7
Q11472,7
Q2311038,7
Q28119403,7
Q1457747,7
Q267995,7
Q3077240,7
Q117364,7
Q7167858,7
Q15979581,7
Q22669480,7
Q3312129,7
Q33188071,7
Q41884,7
Q46433,7
Q12161100,7
Q1074,7
Q5058975,7
Q46980,7
Q46454,7
Q7170392,7
Q165199,7
Q653848,7
Q4146861,7
Q24879106,7
Q737988,7
Q3070220,7
Q1751429,7
Q27038669,7
Q836828,7
Q4680764,7
Q3030189,7
Q1054898,7
Q13526752,7
Q15851373,7
Q4358663,7
Q29677,7
Q830565,7
Q45559,7
Q28924735,7
Q170774,7
Q28737301,7
Q83034,7
Q23700891,7
Q2717948,7
Q3423635,7
Q198982,7
Q7003418,7
Q395,7
Q3447871,7
Q2938159,7
Q1468807,7
Q7354179,7
Q22980233,7
Q22074863,7
Q1921834,7
Q17457202,7
Q7123071,7
Q1043639,7
Q1614239,7
Q15925542,7
Q1850936,7
Q722218,7
Q4588528,7
Q6970012,7
Q3679597,7
Q21814441,7
Q2035668,7
Q569500,7
Q913318,7
Q29006203,7
Q941143,7
Q10369211,7
Q2720239,7
Q10411861,7
Q1443316,7
Q3020403,7
Q3747828,7
Q943876,7
Q15982170,7
Q30063931,7
Q621184,7
Q12024,7
Q11235728,7
Q11345451,7
Q11455533,7
Q11480011,7
Q756712,7
Q11631628,7
Q19937943,7
Q4761543,7
Q983696,7
Q1424777,7
Q2369287,7
Q1770249,7
Q3193890,7
Q12011063,7
Q1417393,7
Q8454,7
Q1179791,7
Q11629,7
Q4774348,7
Q1143768,7
Q14545639,7
Q24339660,7
Q455550,7
Q599510,7
Q12882986,7
Q18586707,7
Q17143070,7
Q22964818,7
Q3808937,7
Q19858569,7
Q3679744,7
Q29575308,7
Q12046766,7
Q14589648,7
Q1062780,7
Q749151,7
Q14732986,7
Q6641762,7
Q2401770,7
Q217602,7
Q15149863,7
Q22342178,7
Q501128,7
Q1501813,7
Q622416,7
Q2856460,7
Q951215,7
Q47276,7
Q1285444,7
Q568793,7
Q7246209,7
Q15900616,7
Q2491892,7
Q17450342,7
Q1660427,7
Q28089258,7
Q1341486,7
Q1139923,7
Q42486,7
Q1936511,7
Q1886688,7
Q17166803,7
Q83307,7
Q7863243,7
Q16586550,7
Q3957450,7
Q1997710,7
Q1047299,7
Q6457227,7
Q1156016,7
Q886568,7
Q605886,7
Q2091354,7
Q485027,7
Q7257715,7
Q557770,7
Q910597,7
Q17504920,7
Q11670314,7
Q1257444,7
Q675824,7
Q48963,7
Q17480830,7
Q26279994,7
Q4993677,7
Q220499,7
Q1150070,7
Q3652330,7
Q13397636,7
Q16162632,7
Q21996849,7
Q3244549,7
Q11517533,7
Q11457461,7
Q1546403,7
Q2625893,7
Q7643937,7
Q18596004,7
Q10509147,7
Q550637,7
Q15980953,7
Q27566198,7
Q2743716,7
Q28097703,7
Q471223,7
Q1139274,7
Q20737420,7
Q17537576,7
Q2250271,7
Q1675712,7
Q209671,7
Q2494447,7
Q15919135,7
Q19595246,7
Q3074486,7
Q28649017,7
Q16591745,7
Q19826646,7
Q546831,7
Q374614,7
Q3241565,7
Q278485,7
Q583866,7
Q877729,7
Q5753347,7
Q19803074,7
Q3323839,7
Q115667,7
Q3533807,7
Q13422698,7
Q3785701,7
Q22969262,7
Q28919033,7
Q283977,7
Q21114371,7
Q3977848,7
Q1417174,7
Q1246312,7
Q24575337,7
Q15262,7
Q7372072,7
Q729567,7
Q628010,7
Q2169635,7
Q7417960,7
Q82744,7
Q886519,7
Q16889960,7
Q22920529,7
Q3228714,7
Q23014490,7
Q15879704,7
Q24052406,7
Q23811260,7
Q565507,7
Q23817731,7
Q15234658,7
Q3323427,7
Q26674207,7
Q22676004,7
Q16982488,7
Q12592379,7
Q3300719,7
Q1494307,7
Q25353449,7
Q12378030,7
Q3092943,7
Q22969167,7
Q29986627,7
Q252496,7
Q751997,7
Q27114950,7
Q26708074,7
Q6501349,7
Q852572,7
Q157518,7
Q1249099,7
Q798134,7
Q27145256,7
Q729417,7
Q729514,7
Q729488,7
Q27030820,7
Q34467,7
Q27526303,7
Q863970,7
Q3323788,7
Q26897926,7
Q27915572,7
Q26696044,7
Q1501855,7
Q12047884,7
Q28109814,7
Q1805497,7
Q30056446,7
Q15726290,7
Q932689,7
Q28732980,7
Q1753764,7
Q1580082,7
Q28866457,7
Q26958986,7
Q1475062,7
Q29053757,7
Q28054731,7
Q10298203,7
Q4821437,7
Q3248660,7
Q1515419,7
Q1721055,7
Q1264081,7
Q221326,7
Q92069,7
Q2631842,7
Q929478,7
Q7383772,7
Q7239308,7
Q30064737,7
Q5057302,7
Q4114147,7
Q23660208,7
Q27429979,7
Q1472600,7
Q986699,7
Q1065413,7
Q134307,7
Q33129347,7
Q29982285,7
Q33971,7
Q19883123,7
Q7849,7
Q3736622,7
Q13226541,7
Q28169136,7
Q867597,7
Q27305032,7
Q3629395,7
Q125465,7
Q32483,7
Q300009,7
Q313827,7
Q11101,7
Q19334262,7
Q2717322,7
Q20202982,7
Q901,7
Q18760,7
Q5282521,7
Q1025636,7
Q28846085,7
Q1103699,7
Q337820,7
Q26509571,7
Q11827301,7
Q806824,7
Q22330839,7
Q11619980,7
Q155656,7
Q729601,7
Q729814,7
Q27303890,7
Q10978,7
Q4418079,7
Q166502,7
Q799452,7
Q25619,7
Q551817,7
Q1335878,7
Q15072454,7
Q859869,7
Q21115902,7
Q34505,7
Q1017324,7
Q857909,7
Q355134,7
Q482980,7
Q14754903,7
Q12334344,7
Q676202,7
Q791801,7
Q24529812,7
Q787116,7
Q1788742,7
Q6147123,7
Q1955251,7
Q2731728,7
Q12404340,7
Q20724791,7
Q967145,7
Q1466064,7
Q20948671,7
Q1059659,7
Q21782627,7
Q591041,7
Q19753332,7
Q1569856,7
Q1429577,7
Q9620,7
Q28597224,7
Q26857732,7
Q3579160,7
Q402330,7
Q2432002,7
Q1757358,7
Q35232,7
Q2411013,7
Q161837,7
Q672603,7
Q17004698,7
Q1654339,7
Q3621673,7
Q3653663,7
Q1526884,7
Q1419683,7
Q630010,7
Q3899422,7
Q6008527,7
Q8463,7
Q10943,7
Q22696414,7
Q1689156,7
Q18592110,7
Q1751323,7
Q230731,7
Q15623421,7
Q15650103,7
Q5448075,7
Q7245083,7
Q2918795,7
Q8096,7
Q27881680,7
Q54505,7
Q16761700,7
Q27231595,7
Q19838071,7
Q5393378,7
Q30068647,7
Q3267569,7
Q3267769,7
Q15985276,7
Q3049264,7
Q50963,7
Q11499242,7
Q3408487,7
Q3103807,7
Q15279734,7
Q26235166,7
Q3009575,7
Q125770,7
Q187947,7
Q696100,7
Q250,7
Q17525365,7
Q2151613,7
Q28100865,7
Q22833376,7
Q4735619,7
Q2177040,7
Q1089246,7
Q20830278,7
Q290,7
Q7309296,7
Q1537820,7
Q41551,7
Q17197366,7
Q11722126,7
Q16641149,7
Q23811265,7
Q238354,7
Q815240,7
Q25397629,7
Q25398378,7
Q1048772,7
Q16974973,7
Q27971671,7
Q3759600,7
Q1116515,7
Q27030766,7
Q170124,7
Q21751045,7
Q27147375,7
Q27031439,7
Q28123510,7
Q13218805,7
Q2721136,7
Q8001309,7
Q1817107,7
Q861725,7
Q1365301,7
Q30329495,7
Q16824770,7
Q3685476,7
Q749997,7
Q569289,7
Q913035,7
Q20857065,7
Q3032122,7
Q811582,7
Q3579158,7
Q332614,7
Q788819,7
Q15646510,7
Q208631,7
Q891841,7
Q1280061,7
Q30313989,7
Q7885,7
Q1071,7
Q46949,7
Q7192831,7
Q3010205,7
Q3784092,7
Q1402845,7
Q20656445,7
Q17480821,7
Q427926,7
Q653038,7
Q216640,7
Q277583,7
Q2841895,7
Q562605,7
Q28858032,7
Q1585442,7
Q1345239,6
Q5852411,6
Q1977835,6
Q185056,6
Q10571400,6
Q1345691,6
Q748720,6
Q26263224,6
Q104934,6
Q189053,6
Q3573632,6
Q482821,6
Q17525437,6
Q11862723,6
Q17525433,6
Q406957,6
Q874223,6
Q392399,6
Q24284226,6
Q17342348,6
Q1067867,6
Q15925165,6
Q196353,6
Q18109,6
Q59136,6
Q2603776,6
Q71550,6
Q178342,6
Q42848,6
Q11402,6
Q13455770,6
Q5961279,6
Q11274709,6
Q29639345,6
Q173253,6
Q21104425,6
Q1352230,6
Q1129232,6
Q369042,6
Q2485083,6
Q207004,6
Q2420179,6
Q131123,6
Q1269627,6
Q691907,6
Q1378470,6
Q2713379,6
Q182603,6
Q209325,6
Q185836,6
Q108163,6
Q726611,6
Q173341,6
Q177923,6
Q2933820,6
Q742736,6
Q6680005,6
Q7970362,6
Q11082837,6
Q624038,6
Q1007767,6
Q27229996,6
Q4035705,6
Q724473,6
Q292329,6
Q4697624,6
Q4018575,6
Q2429814,6
Q20180957,6
Q923991,6
Q751850,6
Q991937,6
Q126017,6
Q22808320,6
Q860760,6
Q6499736,6
Q1561361,6
Q181360,6
Q18343076,6
Q1364192,6
Q977367,6
Q6156112,6
Q662959,6
Q499932,6
Q924146,6
Q427523,6
Q28147500,6
Q1517900,6
Q178059,6
Q17028020,6
Q13219330,6
Q27849269,6
Q3409113,6
Q29175,6
Q211790,6
Q765865,6
Q7816242,6
Q17951,6
Q10374566,6
Q4369087,6
Q754501,6
Q583152,6
Q3186988,6
Q2811650,6
Q847299,6
Q27067659,6
Q249997,6
Q727407,6
Q15975278,6
Q739302,6
Q20198105,6
Q2991775,6
Q1255689,6
Q2100658,6
Q334600,6
Q2266278,6
Q191072,6
Q253302,6
Q24267081,6
Q20679883,6
Q24176839,6
Q864133,6
Q150986,6
Q1728107,6
Q21032902,6
Q4030620,6
Q367914,6
Q2071002,6
Q5381350,6
Q232984,6
Q7314108,6
Q2520975,6
Q140686,6
Q1227557,6
Q47232,6
Q3753913,6
Q811701,6
Q1515437,6
Q115940,6
Q1369650,6
Q1648707,6
Q23394,6
Q28169064,6
Q35758,6
Q1195475,6
Q737125,6
Q21295041,6
Q842112,6
Q6553474,6
Q3997951,6
Q11538,6
Q17277998,6
Q551327,6
Q49845,6
Q914359,6
Q1359142,6
Q698417,6
Q2142361,6
Q654502,6
Q1500932,6
Q1612699,6
Q2225,6
Q13584036,6
Q427457,6
Q554394,6
Q191713,6
Q1510056,6
Q191503,6
Q1168120,6
Q2779745,6
Q873506,6
Q1009170,6
Q1009272,6
Q2138556,6
Q783186,6
Q176452,6
Q432536,6
Q842876,6
Q281039,6
Q190967,6
Q622679,6
Q40998,6
Q242663,6
Q154012,6
Q4349921,6
Q725249,6
Q3397572,6
Q1116433,6
Q1116478,6
Q1116644,6
Q1116790,6
Q616031,6
Q864011,6
Q17059355,6
Q1299714,6
Q6584340,6
Q28919943,6
Q1772282,6
Q22342180,6
Q1141770,6
Q756689,6
Q18173381,6
Q332225,6
Q265424,6
Q4736543,6
Q1623338,6
Q5552186,6
Q18653,6
Q169207,6
Q21282141,6
Q1667127,6
Q6708227,6
Q646683,6
Q3991146,6
Q7940364,6
Q40867,6
Q12146012,6
Q2727213,6
Q15562063,6
Q1430419,6
Q4128699,6
Q29856941,6
Q824540,6
Q30128,6
Q16605260,6
Q299582,6
Q7247749,6
Q7852,6
Q193795,6
Q5278332,6
Q16829513,6
Q1429192,6
Q848960,6
Q654051,6
Q146768,6
Q602202,6
Q1329578,6
Q1944508,6
Q463796,6
Q184876,6
Q1953305,6
Q2404903,6
Q2048934,6
Q1426198,6
Q358738,6
Q1507070,6
Q188924,6
Q148942,6
Q1136525,6
Q204034,6
Q741490,6
Q2800279,6
Q877671,6
Q287,6
Q16905219,6
Q2164323,6
Q1123481,6
Q7655015,6
Q7705752,6
Q239617,6
Q1663792,6
Q494978,6
Q1281105,6
Q1898464,6
Q622645,6
Q132659,6
Q3769299,6
Q355437,6
Q1133614,6
Q2072285,6
Q2915873,6
Q3404720,6
Q1027879,6
Q17522177,6
Q17456505,6
Q2859800,6
Q2300833,6
Q30103,6
Q14630046,6
Q1418253,6
Q1970128,6
Q1415691,6
Q15078732,6
Q3748441,6
Q27560760,6
Q207956,6
Q13466456,6
Q324618,6
Q825648,6
Q22280876,6
Q173366,6
Q25531251,6
Q531645,6
Q1479248,6
Q14875,6
Q1756073,6
Q7715973,6
Q12985603,6
Q930194,6
Q922448,6
Q653475,6
Q361132,6
Q15632117,6
Q16861376,6
Q2194371,6
Q15263584,6
Q2478386,6
Q1975176,6
Q17297723,6
Q25836430,6
Q3587397,6
Q1184840,6
Q1638287,6
Q18311760,6
Q18233199,6
Q119814,6
Q17166730,6
Q1916943,6
Q1139493,6
Q24288504,6
Q4008465,6
Q15783838,6
Q169,6
Q2308614,6
Q1843439,6
Q4140891,6
Q574594,6
Q1128637,6
Q3333432,6
Q127583,6
Q785020,6
Q2425513,6
Q1651460,6
Q2565995,6
Q17597793,6
Q2034632,6
Q26921434,6
Q89691,6
Q208555,6
Q18574943,6
Q1205074,6
Q22333339,6
Q964257,6
Q1763090,6
Q10756188,6
Q3287051,6
Q1020767,6
Q17351862,6
Q12883402,6
Q28059995,6
Q2425642,6
Q1940040,6
Q3355775,6
Q974828,6
Q4598183,6
Q15076371,6
Q80284,6
Q30319772,6
Q2135361,6
Q3457672,6
Q5162954,6
Q2941183,6
Q14752541,6
Q6431149,6
Q1358138,6
Q211115,6
Q849939,6
Q16211218,6
Q17525337,6
Q11862729,6
Q537993,6
Q644118,6
Q3653690,6
Q525365,6
Q3736908,6
Q3744090,6
Q21286561,6
Q1526877,6
Q1570255,6
Q576342,6
Q592618,6
Q570,6
Q1129634,6
Q3534722,6
Q2053163,6
Q11189,6
Q1193885,6
Q10608125,6
Q845648,6
Q1136607,6
Q3267908,6
Q677466,6
Q954187,6
Q27229763,6
Q3704243,6
Q29820118,6
Q30103545,6
Q3652329,6
Q4819187,6
Q17094485,6
Q4509412,6
Q493513,6
Q16191899,6
Q7963823,6
Q13060354,6
Q6685041,6
Q23905058,6
Q195385,6
Q1976393,6
Q29546563,6
Q3418492,6
Q22160593,6
Q25468000,6
Q5368307,6
Q21945604,6
Q870780,6
Q19768182,6
Q2512624,6
Q2073644,6
Q240625,6
Q2943502,6
Q28779577,6
Q1190017,6
Q744112,6
Q15634581,6
Q5356436,6
Q203659,6
Q2594143,6
Q7157511,6
Q4828661,6
Q178476,6
Q1006733,6
Q21679791,6
Q17260827,6
Q20814948,6
Q15810910,6
Q1341376,6
Q19862406,6
Q18591647,6
Q1578,6
Q20022284,6
Q1188223,6
Q26102,6
Q5049564,6
Q179550,6
Q6017407,6
Q6484865,6
Q44337,6
Q7900188,6
Q5283522,6
Q350723,6
Q7247618,6
Q1520392,6
Q22704045,6
Q1777515,6
Q1195153,6
Q2540029,6
Q4120211,6
Q5189488,6
Q1627346,6
Q428044,6
Q187051,6
Q56155,6
Q18535,6
Q15544757,6
Q1061108,6
Q19850234,6
Q22704308,6
Q5435556,6
Q2826641,6
Q24452127,6
Q4364290,6
Q1416278,6
Q30057184,6
Q29511856,6
Q30057174,6
Q932586,6
Q24337101,6
Q782543,6
Q653260,6
Q156428,6
Q4120025,6
Q2516436,6
Q11666766,6
Q201662,6
Q10623225,6
Q15955535,6
Q10713147,6
Q186637,6
Q1204499,6
Q750656,6
Q36557,6
Q11446810,6
Q3551775,6
Q12681,6
Q11570893,6
Q744967,6
Q11912890,6
Q20103363,6
Q336764,6
Q602446,6
Q5666568,6
Q656656,6
Q14942766,6
Q73600,6
Q17525380,6
Q586744,6
Q2116397,6
Q152841,6
Q13156520,6
Q208084,6
Q668984,6
Q2267705,6
Q2629108,6
Q2570058,6
Q15910804,6
Q348188,6
Q28106485,6
Q1797205,6
Q1353202,6
Q29588910,6
Q1188480,6
Q3652332,6
Q2007498,6
Q2954100,6
Q5784097,6
Q8803,6
Q635366,6
Q3298291,6
Q3252662,6
Q3652334,6
Q368394,6
Q6006,6
Q170552,6
Q44854,6
Q13360264,6
Q40795,6
Q1978454,6
Q1886744,6
Q892367,6
Q964444,6
Q389888,6
Q30185,6
Q537460,6
Q209918,6
Q2856451,6
Q37083,6
Q8192354,6
Q20681814,6
Q3152824,6
Q692114,6
Q12623246,6
Q17525415,6
Q1869039,6
Q1783121,6
Q1475455,6
Q10387685,6
Q1059167,6
Q24451601,6
Q11028,6
Q5317457,6
Q6517465,6
Q1294855,6
Q7189713,6
Q17560478,6
Q5302441,6
Q2717396,6
Q3333220,6
Q15963947,6
Q17525374,6
Q15033,6
Q11862728,6
Q17600144,6
Q18759904,6
Q15974720,6
Q225230,6
Q869457,6
Q28051899,6
Q2345080,6
Q15976349,6
Q4308,6
Q3677930,6
Q3354777,6
Q22964032,6
Q1122588,6
Q202167,6
Q591250,6
Q9418143,6
Q8266486,6
Q630055,6
Q30249126,6
Q29509639,6
Q5152362,6
Q2995130,6
Q21275208,6
Q1478906,6
Q16968990,6
Q13506957,6
Q1513830,6
Q1415086,6
Q2564408,6
Q3088348,6
Q3928536,6
Q1418979,6
Q3246603,6
Q1474754,6
Q23579700,6
Q19838177,6
Q18888605,6
Q18658261,6
Q27043907,6
Q1226512,6
Q2404861,6
Q10271630,6
Q6621940,6
Q14916053,6
Q174219,6
Q1923282,6
Q763631,6
Q26965868,6
Q34760007,6
Q21993397,6
Q2111259,6
Q19778981,6
Q4498092,6
Q1767348,6
Q817056,6
Q5051821,6
Q22338329,6
Q203895,6
Q20202072,6
Q5279053,6
Q9588290,6
Q129010,6
Q208505,6
Q51616,6
Q21128169,6
Q3977833,6
Q69883,6
Q21333999,6
Q1045608,6
Q164992,6
Q3618768,6
Q24198315,6
Q185148,6
Q21814438,6
Q19162210,6
Q628235,6
Q15974764,6
Q26944989,6
Q20018673,6
Q22342947,6
Q3306713,6
Q4493539,6
Q3482281,6
Q11244,6
Q22935148,6
Q3427292,6
Q714737,6
Q688829,6
Q26844385,6
Q19828524,6
Q24715377,6
Q15728919,6
Q648329,6
Q15812758,6
Q5401510,6
Q152563,6
Q7246202,6
Q24262056,6
Q1092879,6
Q405510,6
Q249565,6
Q30225036,6
Q910360,6
Q11894661,6
Q25661771,6
Q19311212,6
Q25381857,6
Q23069360,6
Q25398381,6
Q23069406,6
Q904510,6
Q10368615,6
Q29973348,6
Q192623,6
Q28970840,6
Q22137478,6
Q26678730,6
Q185220,6
Q180225,6
Q131113,6
Q26856898,6
Q1160546,6
Q1021128,6
Q18562917,6
Q12021314,6
Q2801262,6
Q112960,6
Q1116367,6
Q1116548,6
Q27230132,6
Q30061057,6
Q729341,6
Q19354983,6
Q11679907,6
Q130617,6
Q1669493,6
Q187776,6
Q27996898,6
Q19285917,6
Q1642648,6
Q3968718,6
Q132151,6
Q28123509,6
Q1483341,6
Q170198,6
Q2640207,6
Q1275625,6
Q79782,6
Q2120129,6
Q168678,6
Q12677,6
Q689445,6
Q1444982,6
Q28872927,6
Q18821702,6
Q28980086,6
Q1053956,6
Q1416494,6
Q2007770,6
Q883746,6
Q3129913,6
Q1146040,6
Q22662103,6
Q125161,6
Q1566976,6
Q107444,6
Q4327778,6
Q2932508,6
Q29353484,6
Q661140,6
Q9604,6
Q40763,6
Q16958367,6
Q421829,6
Q179911,6
Q1193236,6
Q18123400,6
Q30225501,6
Q13362122,6
Q18549872,6
Q1665351,6
Q16837108,6
Q30113226,6
Q188669,6
Q657304,6
Q15623392,6
Q30105252,6
Q1540416,6
Q30504342,6
Q5335686,6
Q1937879,6
Q11022655,6
Q37555,6
Q28854537,6
Q17484395,6
Q14524659,6
Q2739328,6
Q15978631,6
Q11871664,6
Q13019496,6
Q1375749,6
Q2601071,6
Q829277,6
Q951873,6
Q16726185,6
Q17525358,6
Q15896028,6
Q769628,6
Q399495,6
Q16873390,6
Q482517,6
Q963760,6
Q1924819,6
Q2004692,6
Q222912,6
Q6145694,6
Q3032124,6
Q2118549,6
Q891382,6
Q851990,6
Q185357,6
Q257075,6
Q2225003,6
Q1054403,6
Q9266,6
Q15149791,6
Q467717,6
Q836575,6
Q1317848,6
Q3041792,6
Q369639,6
Q507720,6
Q17525400,6
Q1221126,6
Q864737,6
Q1475563,6
Q1925081,6
Q299795,6
Q4765290,6
Q719523,6
Q407350,6
Q41521,6
Q116269,6
Q789026,6
Q1542938,6
Q671188,6
Q3244907,6
Q207101,6
Q1147660,6
Q13005188,6
Q163709,6
Q62505,6
Q6644759,6
Q1202812,6
Q36465,6
Q2599160,6
Q2864207,6
Q18123741,6
Q790341,6
Q2006324,6
Q270088,6
Q9050568,6
Q2613048,6
Q19856510,6
Q3658681,6
Q27506396,6
Q26921397,6
Q856566,6
Q27554850,6
Q1478443,6
Q851124,6
Q1471571,6
Q5659726,6
Q24649023,6
Q5326904,6
Q278697,6
Q1451906,6
Q956086,6
Q1470641,6
Q936531,6
Q1478783,6
Q863404,6
Q20183653,6
Q1781258,6
Q595851,6
Q20683475,6
Q989470,6
Q1047443,6
Q20973135,6
Q6006020,6
Q2803264,6
Q30158196,6
Q1750863,6
Q1622875,6
Q1197120,6
Q877017,6
Q15921300,6
Q1219515,6
Q456579,6
Q738031,6
Q314862,6
Q3062593,6
Q4303352,6
Q3898745,6
Q1148747,6
Q14528644,6
Q44127,6
Q3273292,6
Q932103,6
Q5357209,6
Q109391,6
Q174733,6
Q189756,6
Q280413,6
Q1994590,6
Q505799,6
Q8094,6
Q804292,6
Q327269,6
Q1293150,6
Q664702,6
Q3267904,6
Q81610,6
Q188193,6
Q21361486,6
Q9209,6
Q4650564,6
Q5399932,6
Q2021268,6
Q30057152,6
Q24719004,6
Q60451,6
Q254508,6
Q25671,6
Q937312,6
Q10692566,6
Q16334444,6
Q309066,6
Q7100972,6
Q1709184,6
Q22276226,6
Q1762591,6
Q3882785,6
Q28380029,6
Q2814066,6
Q959013,6
Q22333685,6
Q30063875,6
Q30057169,6
Q17280916,6
Q952474,6
Q29586452,6
Q3624938,6
Q16266378,6
Q8100696,6
Q1030987,6
Q9390575,6
Q5283515,6
Q149757,6
Q11997320,6
Q1331296,6
Q17525344,6
Q717954,6
Q3402554,6
Q1348351,6
Q1758354,6
Q193010,6
Q1802763,6
Q2152739,6
Q5399907,6
Q6710098,6
Q845877,6
Q1334580,6
Q1062345,6
Q15750017,6
Q16692334,6
Q28934204,6
Q7240390,6
Q828322,6
Q1384134,6
Q2586205,6
Q2290276,6
Q741226,6
Q1683337,6
Q531953,6
Q2801289,6
Q3258558,6
Q392389,6
Q36962099,6
Q19935991,6
Q3540531,6
Q2305332,6
Q25378093,6
Q21804540,6
Q383453,6
Q23683425,6
Q21601419,6
Q4204479,6
Q11801536,6
Q30057141,6
Q6017411,6
Q303808,6
Q23015153,6
Q23069350,6
Q23811267,6
Q2974115,6
Q28867458,6
Q29971792,6
Q148950,6
Q20653570,6
Q15847997,6
Q27032320,6
Q27997185,6
Q202534,6
Q18416783,6
Q1640682,6
Q1923257,6
Q26202706,6
Q201788,6
Q1707496,6
Q1934969,6
Q604500,6
Q5771190,6
Q1779838,6
Q2626671,6
Q22964119,6
Q2601788,6
Q979617,6
Q50769,6
Q193521,6
Q29624028,6
Q132041,6
Q29866603,6
Q111698,6
Q30052130,6
Q1261026,6
Q15868218,6
Q28869365,6
Q5146998,6
Q528892,6
Q1639024,6
Q18533943,6
Q3032126,6
Q2630831,6
Q995347,6
Q3407658,6
Q743968,6
Q3639561,6
Q20671152,6
Q844054,6
Q1110379,6
Q2011365,6
Q1126867,6
Q2948359,6
Q1920810,6
Q3108600,6
Q1354775,6
Q856058,6
Q1944455,6
Q1797813,6
Q13419255,6
Q187304,6
Q13410445,6
Q27518266,6
Q1204262,6
Q28071226,6
Q20010297,6
Q3774607,6
Q14957221,6
Q6503186,6
Q11567051,6
Q2997316,6
Q16352832,6
Q17525296,6
Q17525407,6
Q29642812,6
Q164885,6
Q43013,6
Q1116456,6
Q2726103,6
Q21532944,6
Q3457472,6
Q2845269,6
Q192388,6
Q1377111,6
Q634,5
Q2199,5
Q9465,5
Q202216,5
Q273005,5
Q1641112,5
Q11197007,5
Q1790360,5
Q4272761,5
Q230937,5
Q985394,5
Q5875,5
Q6227,5
Q726378,5
Q18534278,5
Q57362,5
Q216749,5
Q17525361,5
Q15101896,5
Q1401522,5
Q29556,5
Q16928212,5
Q1133705,5
Q15304003,5
Q62326,5
Q855697,5
Q26561,5
Q317,5
Q811906,5
Q719487,5
Q7191,5
Q385853,5
Q1335652,5
Q718074,5
Q3092938,5
Q11391922,5
Q1643757,5
Q21506450,5
Q37436391,5
Q13414764,5
Q1064394,5
Q513408,5
Q2796,5
Q5535082,5
Q2620004,5
Q912807,5
Q515449,5
Q4818345,5
Q62301,5
Q931260,5
Q1316973,5
Q131401,5
Q207520,5
Q22670336,5
Q43177,5
Q1751943,5
Q1924069,5
Q258913,5
Q1136075,5
Q18536323,5
Q25595203,5
Q15080,5
Q799477,5
Q849392,5
Q10210,5
Q2628882,5
Q26807495,5
Q233132,5
Q1047683,5
Q799492,5
Q15700808,5
Q15344922,5
Q904423,5
Q863936,5
Q40348,5
Q1226318,5
Q4153443,5
Q270496,5
Q2560551,5
Q11214,5
Q827335,5
Q848963,5
Q213363,5
Q855591,5
Q862562,5
Q1453431,5
Q30337878,5
Q1500131,5
Q2247863,5
Q156246,5
Q799554,5
Q390585,5
Q381045,5
Q24262978,5
Q15731071,5
Q463080,5
Q2356542,5
Q859477,5
Q1826986,5
Q3496793,5
Q9444,5
Q752374,5
Q3622819,5
Q875765,5
Q4833830,5
Q170063,5
Q2720536,5
Q139228,5
Q1265865,5
Q1497384,5
Q1784333,5
Q543813,5
Q867606,5
Q1475466,5
Q30057159,5
Q162768,5
Q138756,5
Q374040,5
Q2979,5
Q424197,5
Q421360,5
Q7708485,5
Q838368,5
Q218819,5
Q753113,5
Q12014176,5
Q234077,5
Q272447,5
Q570529,5
Q7958155,5
Q29157559,5
Q2166541,5
Q3032133,5
Q4295041,5
Q21608615,5
Q3491904,5
Q170043,5
Q1616547,5
Q27731,5
Q3403338,5
Q543,5
Q60797,5
Q1510355,5
Q170963,5
Q463742,5
Q1005416,5
Q7203483,5
Q22276354,5
Q16760642,5
Q17277414,5
Q15078788,5
Q10374571,5
Q845913,5
Q7631958,5
Q1172313,5
Q23012297,5
Q841176,5
Q2425052,5
Q18616317,5
Q20153912,5
Q208502,5
Q19369201,5
Q282792,5
Q799333,5
Q799447,5
Q799466,5
Q799472,5
Q799486,5
Q799505,5
Q799526,5
Q799540,5
Q668458,5
Q799571,5
Q799578,5
Q1426546,5
Q10289,5
Q3944822,5
Q3918374,5
Q1149537,5
Q739936,5
Q821810,5
Q334637,5
Q864553,5
Q28090496,5
Q15978876,5
Q165758,5
Q22949126,5
Q800517,5
Q2387901,5
Q18692717,5
Q428729,5
Q1186933,5
Q919065,5
Q206989,5
Q919080,5
Q1406822,5
Q193206,5
Q221329,5
Q26944999,5
Q1816217,5
Q749827,5
Q2612572,5
Q1154323,5
Q3284867,5
Q117247,5
Q1363599,5
Q1003889,5
Q163887,5
Q1005976,5
Q831941,5
Q2259825,5
Q357375,5
Q2111165,5
Q2265431,5
Q355813,5
Q1097498,5
Q1373492,5
Q25929318,5
Q1581509,5
Q1431020,5
Q27055917,5
Q1126018,5
Q7250392,5
Q5259402,5
Q1140717,5
Q83376,5
Q2470796,5
Q16154635,5
Q234343,5
Q1377163,5
Q32098,5
Q17277975,5
Q3054037,5
Q613299,5
Q2191807,5
Q863511,5
Q1200935,5
Q542212,5
Q162378,5
Q3305019,5
Q2975537,5
Q3732792,5
Q5034569,5
Q6501028,5
Q5961257,5
Q3882219,5
Q830414,5
Q30504603,5
Q33103999,5
Q917566,5
Q20789664,5
Q6497384,5
Q5367,5
Q178218,5
Q191110,5
Q1780029,5
Q30559504,5
Q863906,5
Q4272038,5
Q21752084,5
Q8380731,5
Q1469420,5
Q244741,5
Q1166770,5
Q24457192,5
Q788553,5
Q1200524,5
Q661627,5
Q1192191,5
Q468756,5
Q2300466,5
Q2035809,5
Q17167101,5
Q15815716,5
Q192150,5
Q1415343,5
Q294362,5
Q2301074,5
Q1391494,5
Q50513,5
Q2539769,5
Q2264838,5
Q2259731,5
Q1476845,5
Q701555,5
Q13004840,5
Q842047,5
Q7574919,5
Q967847,5
Q1140316,5
Q299511,5
Q1861288,5
Q2416712,5
Q10882966,5
Q1918135,5
Q190100,5
Q2205070,5
Q1815771,5
Q1094729,5
Q1023340,5
Q1185274,5
Q1368899,5
Q33956,5
Q1743029,5
Q20683379,5
Q1416745,5
Q741629,5
Q18227834,5
Q211496,5
Q2908004,5
Q29168167,5
Q2091262,5
Q828803,5
Q772289,5
Q618465,5
Q9064375,5
Q3590573,5
Q1233720,5
Q2795484,5
Q4505959,5
Q1259114,5
Q159964,5
Q209333,5
Q2105663,5
Q391074,5
Q1548084,5
Q18630858,5
Q1365703,5
Q858012,5
Q1897785,5
Q1370617,5
Q846636,5
Q20867284,5
Q1528578,5
Q2064133,5
Q17627622,5
Q20871196,5
Q586277,5
Q2138204,5
Q7309100,5
Q38677,5
Q18573266,5
Q15635173,5
Q191830,5
Q1848211,5
Q2192508,5
Q7233193,5
Q3085683,5
Q2751984,5
Q21479969,5
Q377709,5
Q3543088,5
Q651760,5
Q7448010,5
Q1064392,5
Q5449702,5
Q1886911,5
Q2445527,5
Q6936383,5
Q3394132,5
Q4815579,5
Q794598,5
Q20918933,5
Q279239,5
Q18346616,5
Q9247597,5
Q320289,5
Q2267919,5
Q2955743,5
Q2723958,5
Q610018,5
Q24806,5
Q10927834,5
Q5418962,5
Q17628400,5
Q1751770,5
Q1098590,5
Q272735,5
Q2752458,5
Q107013,5
Q1297322,5
Q33297169,5
Q189279,5
Q410780,5
Q210403,5
Q630531,5
Q5982983,5
Q19189865,5
Q152,5
Q28094186,5
Q780,5
Q28803029,5
Q387025,5
Q914425,5
Q15077165,5
Q509037,5
Q2375914,5
Q923298,5
Q23764086,5
Q747810,5
Q20741228,5
Q3497366,5
Q299415,5
Q29968296,5
Q18285132,5
Q19707,5
Q3653348,5
Q3653708,5
Q3654054,5
Q6941730,5
Q2962944,5
Q299274,5
Q3682571,5
Q429917,5
Q659136,5
Q1526866,5
Q1936581,5
Q760086,5
Q15097531,5
Q3744532,5
Q5518,5
Q3857832,5
Q845751,5
Q22671115,5
Q4045891,5
Q3927247,5
Q18762344,5
Q2656767,5
Q14559724,5
Q299517,5
Q4457957,5
Q287198,5
Q1284677,5
Q2383962,5
Q3373213,5
Q897755,5
Q12684,5
Q4300320,5
Q121982,5
Q21850178,5
Q1055303,5
Q3267592,5
Q210988,5
Q2049337,5
Q3058675,5
Q1257934,5
Q1069698,5
Q5256962,5
Q5412849,5
Q5602916,5
Q949139,5
Q6383498,5
Q542,5
Q15700818,5
Q877802,5
Q2908791,5
Q161380,5
Q1311064,5
Q22964357,5
Q15726209,5
Q1033831,5
Q4836492,5
Q926196,5
Q14915208,5
Q773944,5
Q4298922,5
Q509827,5
Q46384,5
Q1623035,5
Q202875,5
Q1071015,5
Q6918183,5
Q2984259,5
Q17627205,5
Q1753063,5
Q2151331,5
Q12056094,5
Q5095976,5
Q680838,5
Q4529866,5
Q591763,5
Q30301606,5
Q752080,5
Q826059,5
Q5090,5
Q5124673,5
Q920600,5
Q914229,5
Q221173,5
Q231302,5
Q29842052,5
Q6564784,5
Q755309,5
Q909267,5
Q48277,5
Q1056408,5
Q7972817,5
Q105611,5
Q613611,5
Q21274963,5
Q15985282,5
Q733553,5
Q1294703,5
Q1621044,5
Q1150958,5
Q11910247,5
Q1407219,5
Q960320,5
Q489789,5
Q1593564,5
Q1047698,5
Q5640773,5
Q1506792,5
Q17378017,5
Q5978208,5
Q2711829,5
Q10720975,5
Q1339359,5
Q163569,5
Q27108230,5
Q7623056,5
Q132980,5
Q8963323,5
Q4042479,5
Q845132,5
Q21822439,5
Q192776,5
Q6958514,5
Q12408338,5
Q19842652,5
Q1982918,5
Q471894,5
Q11788382,5
Q15489667,5
Q145806,5
Q1760328,5
Q29981662,5
Q24180038,5
Q28109475,5
Q17108296,5
Q2632011,5
Q2483208,5
Q28545697,5
Q24183876,5
Q3498109,5
Q918333,5
Q1006612,5
Q55491,5
Q18592540,5
Q5589413,5
Q1791429,5
Q28920121,5
Q1707847,5
Q1570182,5
Q261434,5
Q114375,5
Q15242449,5
Q3545010,5
Q28038722,5
Q30057146,5
Q2860136,5
Q7673025,5
Q3217190,5
Q28326461,5
Q33296715,5
Q29045212,5
Q3456301,5
Q10535394,5
Q4944749,5
Q23006196,5
Q7603,5
Q11423,5
Q567998,5
Q10669274,5
Q20000955,5
Q453909,5
Q3103808,5
Q357742,5
Q502048,5
Q551334,5
Q11757551,5
Q5446571,5
Q29224491,5
Q7829079,5
Q30020391,5
Q14723701,5
Q14373,5
Q22964093,5
Q12860009,5
Q16597783,5
Q6516983,5
Q26791288,5
Q14420,5
Q21268738,5
Q3488547,5
Q5341296,5
Q20733617,5
Q4166005,5
Q209715,5
Q2386997,5
Q7593,5
Q752112,5
Q9369429,5
Q4868757,5
Q241618,5
Q7315048,5
Q380962,5
Q789097,5
Q19826163,5
Q799589,5
Q15079042,5
Q17310396,5
Q5690751,5
Q18481855,5
Q5531821,5
Q859595,5
Q27149557,5
Q23686802,5
Q14920651,5
Q14941962,5
Q4273135,5
Q799334,5
Q3954480,5
Q34749,5
Q3238123,5
Q188619,5
Q14614008,5
Q15199248,5
Q12313324,5
Q55484,5
Q2029884,5
Q120804,5
Q540636,5
Q1225300,5
Q15847833,5
Q778692,5
Q5304570,5
Q7569,5
Q16034435,5
Q818600,5
Q15639377,5
Q15083,5
Q2476000,5
Q136822,5
Q1797381,5
Q666791,5
Q7000382,5
Q28654168,5
Q19939,5
Q2857578,5
Q20897549,5
Q28914,5
Q955021,5
Q27861737,5
Q1273266,5
Q14847063,5
Q11799101,5
Q12782082,5
Q4224218,5
Q4120621,5
Q15624001,5
Q1369774,5
Q1544071,5
Q36238480,5
Q3418125,5
Q607463,5
Q12743,5
Q3365469,5
Q641769,5
Q13381944,5
Q7157572,5
Q697434,5
Q179289,5
Q17165335,5
Q190065,5
Q17407953,5
Q17189807,5
Q557951,5
Q3780077,5
Q15081,5
Q2978772,5
Q3000253,5
Q1365924,5
Q675723,5
Q3611912,5
Q46311,5
Q5159064,5
Q112110,5
Q3689421,5
Q18379871,5
Q27870307,5
Q134154,5
Q1020018,5
Q16939336,5
Q215819,5
Q12348913,5
Q1466031,5
Q22328415,5
Q13406660,5
Q2149189,5
Q365680,5
Q1804506,5
Q1266209,5
Q3533782,5
Q7958,5
Q1456936,5
Q327611,5
Q12799021,5
Q546692,5
Q26997323,5
Q5916199,5
Q1436139,5
Q3121999,5
Q11643859,5
Q19984037,5
Q3475015,5
Q24074760,5
Q152395,5
Q636954,5
Q20181516,5
Q459409,5
Q20830283,5
Q8075530,5
Q939770,5
Q324127,5
Q13357840,5
Q124922,5
Q16556419,5
Q913895,5
Q19887243,5
Q735035,5
Q1641572,5
Q15852455,5
Q591644,5
Q2881236,5
Q2539,5
Q331586,5
Q16562565,5
Q15813069,5
Q21675917,5
Q1404878,5
Q21931615,5
Q20182553,5
Q2068481,5
Q1847518,5
Q807020,5
Q980357,5
Q2663913,5
Q161851,5
Q89938,5
Q192411,5
Q17012367,5
Q24561543,5
Q1818394,5
Q24710760,5
Q28326730,5
Q23649978,5
Q30057158,5
Q19298688,5
Q6926878,5
Q22809413,5
Q1759646,5
Q30057171,5
Q8207021,5
Q611796,5
Q3896077,5
Q512573,5
Q864574,5
Q4173974,5
Q191801,5
Q28867786,5
Q831477,5
Q7240326,5
Q2945053,5
Q23069377,5
Q25397623,5
Q820988,5
Q207707,5
Q3746596,5
Q2412849,5
Q25842248,5
Q26212864,5
Q30057178,5
Q26395434,5
Q26461358,5
Q772298,5
Q26325,5
Q157969,5
Q16702447,5
Q1401155,5
Q29973520,5
Q1607826,5
Q1252133,5
Q469652,5
Q26696664,5
Q1092832,5
Q5305319,5
Q421951,5
Q799303,5
Q13481908,5
Q658769,5
Q22669664,5
Q1116346,5
Q1149426,5
Q13487116,5
Q1149410,5
Q1149415,5
Q13487073,5
Q13487096,5
Q13487108,5
Q1149391,5
Q1149398,5
Q1149411,5
Q1149404,5
Q1149428,5
Q1149399,5
Q13487099,5
Q1152281,5
Q1152285,5
Q1152294,5
Q1152308,5
Q1152313,5
Q1152272,5
Q1152288,5
Q1152299,5
Q1152297,5
Q1152300,5
Q1152320,5
Q1152321,5
Q1152326,5
Q1152276,5
Q1152292,5
Q1152309,5
Q1152306,5
Q1152301,5
Q1152317,5
Q1152322,5
Q474008,5
Q562803,5
Q1667865,5
Q1667860,5
Q1303539,5
Q1667861,5
Q1667855,5
Q1432495,5
Q1667862,5
Q1414896,5
Q1667864,5
Q1281363,5
Q27302146,5
Q2647572,5
Q1629546,5
Q2647576,5
Q2647595,5
Q2647639,5
Q984250,5
Q260243,5
Q2647656,5
Q1377457,5
Q2647677,5
Q1504005,5
Q2647697,5
Q2647705,5
Q1697583,5
Q2647744,5
Q1423338,5
Q540303,5
Q2647571,5
Q766683,5
Q2647580,5
Q1372537,5
Q2647613,5
Q1667587,5
Q2647629,5
Q475486,5
Q1341585,5
Q2647658,5
Q2647671,5
Q2647723,5
Q2647725,5
Q2647749,5
Q2647758,5
Q1266239,5
Q2603482,5
Q1486632,5
Q20903338,5
Q2647593,5
Q2647641,5
Q2647647,5
Q178489,5
Q2647690,5
Q762391,5
Q1341294,5
Q1396376,5
Q2647718,5
Q2647741,5
Q2647763,5
Q2647764,5
Q1737154,5
Q117890,5
Q2647590,5
Q2647623,5
Q2647626,5
Q1784306,5
Q914246,5
Q182122,5
Q2647686,5
Q2647728,5
Q2647732,5
Q2647753,5
Q2647754,5
Q239418,5
Q1737966,5
Q1363948,5
Q1603178,5
Q2647692,5
Q2647709,5
Q2647779,5
Q830030,5
Q18697401,5
Q2543577,5
Q23015336,5
Q2101345,5
Q18817320,5
Q1703612,5
Q2101349,5
Q1799783,5
Q13486625,5
Q2101354,5
Q2101357,5
Q1284209,5
Q1690818,5
Q1489740,5
Q18713224,5
Q2101342,5
Q26844414,5
Q2101352,5
Q2101359,5
Q2101361,5
Q13486627,5
Q26844415,5
Q2101346,5
Q2101353,5
Q2101356,5
Q2101348,5
Q23666616,5
Q18720370,5
Q13486666,5
Q1480079,5
Q1637762,5
Q1637774,5
Q1637785,5
Q1637786,5
Q21282426,5
Q1637742,5
Q1627607,5
Q1637743,5
Q1637745,5
Q18748171,5
Q18415591,5
Q27521093,5
Q13486584,5
Q13511894,5
Q1637750,5
Q1637755,5
Q1426962,5
Q1637765,5
Q1637777,5
Q1637779,5
Q1637783,5
Q13511903,5
Q1115114,5
Q1637763,5
Q1637770,5
Q13486555,5
Q1637757,5
Q1637767,5
Q1637776,5
Q15126689,5
Q18752884,5
Q1003617,5
Q1003640,5
Q1003659,5
Q1003669,5
Q1003675,5
Q18193708,5
Q27055229,5
Q1003628,5
Q1003665,5
Q1003668,5
Q1003657,5
Q1003653,5
Q1003660,5
Q1003663,5
Q27150509,5
Q1003635,5
Q1003642,5
Q1003648,5
Q1003650,5
Q15045286,5
Q1561845,5
Q2372346,5
Q2372351,5
Q1622746,5
Q2372362,5
Q2372359,5
Q1699017,5
Q2372379,5
Q2372383,5
Q2372324,5
Q1600213,5
Q2372350,5
Q1700184,5
Q2372357,5
Q2372367,5
Q2372385,5
Q1423634,5
Q1531414,5
Q1586599,5
Q1413477,5
Q2372332,5
Q2372375,5
Q1347045,5
Q1580945,5
Q14373258,5
Q27115727,5
Q18713226,5
Q978412,5
Q18720351,5
Q1527148,5
Q2468223,5
Q13512133,5
Q2468231,5
Q26844397,5
Q1238026,5
Q2468234,5
Q2674618,5
Q1188746,5
Q1188748,5
Q2674629,5
Q1188765,5
Q1188775,5
Q1188783,5
Q1188801,5
Q1188809,5
Q834535,5
Q1188838,5
Q15023928,5
Q1188744,5
Q1188772,5
Q1188777,5
Q1188785,5
Q1188803,5
Q1188830,5
Q1188844,5
Q20884731,5
Q1723153,5
Q2674615,5
Q1188739,5
Q2674628,5
Q1188755,5
Q1188754,5
Q2674632,5
Q1188796,5
Q1188812,5
Q1188826,5
Q1188780,5
Q1188779,5
Q1568176,5
Q1188749,5
Q303709,5
Q1188821,5
Q1188824,5
Q261908,5
Q20899371,5
Q1423932,5
Q2699432,5
Q1513972,5
Q1513974,5
Q990023,5
Q1513980,5
Q1513978,5
Q13506687,5
Q1513988,5
Q1513985,5
Q1513993,5
Q1513996,5
Q1513999,5
Q1514001,5
Q1514018,5
Q1514019,5
Q6388585,5
Q1477237,5
Q1513963,5
Q1426880,5
Q1513982,5
Q1514017,5
Q1514022,5
Q1514024,5
Q1514025,5
Q15741914,5
Q1513965,5
Q13506684,5
Q1513995,5
Q1500377,5
Q1514003,5
Q1514007,5
Q1514008,5
Q1514014,5
Q1171083,5
Q21866828,5
Q1513960,5
Q1337228,5
Q1514002,5
Q1514012,5
Q1167584,5
Q18888607,5
Q1267831,5
Q1267837,5
Q1267842,5
Q1267854,5
Q1267852,5
Q1267859,5
Q1267928,5
Q14944286,5
Q1267826,5
Q1267833,5
Q1267861,5
Q1267867,5
Q1267868,5
Q1267873,5
Q1267872,5
Q1267896,5
Q20651830,5
Q2677995,5
Q2677997,5
Q2677999,5
Q1267876,5
Q1267878,5
Q1267883,5
Q1267923,5
Q1267917,5
Q1267925,5
Q1267840,5
Q1267864,5
Q1267871,5
Q1267906,5
Q1267899,5
Q1267920,5
Q1267938,5
Q1267827,5
Q1267830,5
Q1267884,5
Q1267894,5
Q1267904,5
Q18219623,5
Q1455271,5
Q1455278,5
Q2696622,5
Q2696625,5
Q1455285,5
Q2696631,5
Q1455287,5
Q1251802,5
Q1455301,5
Q1455313,5
Q1455350,5
Q2696640,5
Q2696642,5
Q2696649,5
Q1455375,5
Q1455401,5
Q1455408,5
Q1455419,5
Q1455468,5
Q1455472,5
Q1455474,5
Q18319942,5
Q1455282,5
Q2696621,5
Q2696629,5
Q1455303,5
Q1455305,5
Q1455315,5
Q1455354,5
Q1455389,5
Q1455397,5
Q833833,5
Q15077362,5
Q1455297,5
Q1455311,5
Q1455310,5
Q1455317,5
Q1455321,5
Q2696639,5
Q1455370,5
Q1455377,5
Q1455381,5
Q1455426,5
Q1455429,5
Q1455266,5
Q1455281,5
Q1455294,5
Q1455295,5
Q1455308,5
Q1455318,5
Q2696634,5
Q1455404,5
Q2696632,5
Q1455299,5
Q1367006,5
Q2696641,5
Q2696647,5
Q1455384,5
Q1455390,5
Q1230000,5
Q1202095,5
Q1202097,5
Q1202099,5
Q1150634,5
Q1202104,5
Q1202110,5
Q1202114,5
Q1202116,5
Q1202120,5
Q1202126,5
Q1202134,5
Q1202139,5
Q1202142,5
Q1202164,5
Q1202163,5
Q13506600,5
Q18936408,5
Q1202103,5
Q1202113,5
Q1202135,5
Q1202147,5
Q1202150,5
Q1202155,5
Q1202154,5
Q1202159,5
Q1202168,5
Q989868,5
Q1202100,5
Q1202112,5
Q1202115,5
Q1202121,5
Q1202125,5
Q1202137,5
Q1202145,5
Q1202165,5
Q1202107,5
Q1202118,5
Q1202122,5
Q1202131,5
Q1202141,5
Q1202153,5
Q1202160,5
Q1202127,5
Q1202138,5
Q1202143,5
Q1202151,5
Q1202157,5
Q15708045,5
Q1402832,5
Q1661708,5
Q1536717,5
Q1661721,5
Q1661722,5
Q1661724,5
Q1661728,5
Q1345381,5
Q1661740,5
Q13426357,5
Q23894165,5
Q1661716,5
Q1661704,5
Q1661711,5
Q1499984,5
Q187055,5
Q1270590,5
Q1299123,5
Q1635261,5
Q1135375,5
Q167260,5
Q913869,5
Q1661709,5
Q1661720,5
Q253976,5
Q1886823,5
Q1886835,5
Q1886836,5
Q1886843,5
Q2776072,5
Q1886844,5
Q2776090,5
Q1886848,5
Q1689066,5
Q1886875,5
Q1516365,5
Q1270708,5
Q2776064,5
Q2776078,5
Q1886849,5
Q1886855,5
Q1886857,5
Q1886873,5
Q1745139,5
Q3388883,5
Q1886824,5
Q1886834,5
Q2776100,5
Q1886864,5
Q1886872,5
Q1886877,5
Q1116108,5
Q1886846,5
Q1551652,5
Q1886862,5
Q1886869,5
Q1268013,5
Q2776061,5
Q1406064,5
Q2776085,5
Q1294456,5
Q1886851,5
Q1423102,5
Q1420959,5
Q27538033,5
Q2255938,5
Q15895637,5
Q15895640,5
Q21154291,5
Q2373069,5
Q2373073,5
Q2373078,5
Q13507278,5
Q2373094,5
Q13507271,5
Q13507261,5
Q2373108,5
Q1713439,5
Q1739213,5
Q2373125,5
Q2373134,5
Q15838620,5
Q13503740,5
Q13503751,5
Q2255953,5
Q15895897,5
Q27020441,5
Q15895631,5
Q16101721,5
Q27020455,5
Q27020457,5
Q13476041,5
Q2255962,5
Q13506406,5
Q15708129,5
Q1592889,5
Q15012415,5
Q2373058,5
Q13507204,5
Q13507282,5
Q2373099,5
Q278008,5
Q2373165,5
Q10845945,5
Q18195861,5
Q21006942,5
Q1473536,5
Q13503749,5
Q13503754,5
Q13503763,5
Q13503765,5
Q2255942,5
Q2255947,5
Q2255952,5
Q15901280,5
Q27020444,5
Q15895633,5
Q1492578,5
Q2372976,5
Q15012422,5
Q2373082,5
Q1734168,5
Q2373113,5
Q2373122,5
Q27145,5
Q2373145,5
Q19118283,5
Q27020436,5
Q15895635,5
Q27020447,5
Q27020466,5
Q2255960,5
Q27535014,5
Q13507268,5
Q13507265,5
Q2373086,5
Q2373102,5
Q1270369,5
Q143860,5
Q2376397,5
Q13503761,5
Q27020438,5
Q27020462,5
Q13476039,5
Q1476383,5
Q2373049,5
Q2373131,5
Q2373137,5
Q2542285,5
Q2542297,5
Q13481599,5
Q13481568,5
Q13481477,5
Q13481418,5
Q13481396,5
Q13481376,5
Q13481364,5
Q13481258,5
Q13481247,5
Q2542319,5
Q13476076,5
Q1466254,5
Q2557942,5
Q2557950,5
Q2557963,5
Q2557966,5
Q2557979,5
Q2557987,5
Q2557989,5
Q13481850,5
Q13481849,5
Q13481835,5
Q13481834,5
Q1299528,5
Q1707790,5
Q1729227,5
Q2558029,5
Q2558037,5
Q19355376,5
Q2564866,5
Q2564871,5
Q2542299,5
Q2542309,5
Q2542313,5
Q13481609,5
Q13481558,5
Q13481546,5
Q13481534,5
Q13481443,5
Q13481434,5
Q13481326,5
Q13481298,5
Q2557931,5
Q2557929,5
Q2557943,5
Q2557956,5
Q13481841,5
Q13481840,5
Q2558024,5
Q1569249,5
Q19355385,5
Q13440405,5
Q2564864,5
Q2542291,5
Q13481590,5
Q13481497,5
Q13481386,5
Q13481285,5
Q2557980,5
Q13481838,5
Q2558006,5
Q1282798,5
Q1640890,5
Q21578425,5
Q19355387,5
Q19355383,5
Q19355382,5
Q13481579,5
Q13481465,5
Q13481452,5
Q13481195,5
Q13476068,5
Q2557952,5
Q13481837,5
Q13481831,5
Q1251095,5
Q2558027,5
Q15260738,5
Q19355378,5
Q2542288,5
Q2542317,5
Q2557977,5
Q1258220,5
Q2558034,5
Q2564412,5
Q19355380,5
Q2564867,5
Q15054601,5
Q1343159,5
Q2522754,5
Q13817340,5
Q13817364,5
Q2523814,5
Q2523824,5
Q2523829,5
Q2523830,5
Q2523833,5
Q13481878,5
Q16003616,5
Q1756929,5
Q17983370,5
Q26858686,5
Q26858687,5
Q26858690,5
Q2540637,5
Q16725893,5
Q16725891,5
Q1689001,5
Q2522266,5
Q13817294,5
Q2523844,5
Q1701319,5
Q1445734,5
Q23923672,5
Q26858691,5
Q2540641,5
Q2540645,5
Q22099438,5
Q19355368,5
Q19355367,5
Q1721352,5
Q2522264,5
Q2522743,5
Q993709,5
Q2805821,5
Q2523815,5
Q1237104,5
Q19660046,5
Q2523842,5
Q20751165,5
Q13486405,5
Q2540642,5
Q16725892,5
Q17279060,5
Q2522274,5
Q15852818,5
Q2522284,5
Q2522747,5
Q2523845,5
Q1689247,5
Q24082624,5
Q2522748,5
Q13817384,5
Q21500117,5
Q2523839,5
Q2523841,5
Q1312284,5
Q16747571,5
Q1323786,5
Q1683173,5
Q1530070,5
Q971761,5
Q20871790,5
Q20033526,5
Q2733694,5
Q2733699,5
Q2733702,5
Q2733708,5
Q15056563,5
Q1683234,5
Q1683236,5
Q1683239,5
Q1683243,5
Q27132226,5
Q1683249,5
Q1683259,5
Q1683261,5
Q719900,5
Q1319285,5
Q1437157,5
Q1548304,5
Q1739102,5
Q13817246,5
Q20652781,5
Q1304981,5
Q1784314,5
Q1784318,5
Q1784323,5
Q1784325,5
Q1784329,5
Q563081,5
Q2979671,5
Q15533059,5
Q642110,5
Q18643367,5
Q18643366,5
Q1243258,5
Q1230855,5
Q1631391,5
Q18936404,5
Q1667849,5
Q1810292,5
Q1328486,5
Q1649603,5
Q114116,5
Q1864982,5
Q1865342,5
Q1865348,5
Q24556573,5
Q14943524,5
Q1882517,5
Q1882519,5
Q1318517,5
Q1403540,5
Q1886796,5
Q1886804,5
Q1886811,5
Q15245110,5
Q21503635,5
Q1510624,5
Q1679827,5
Q26828108,5
Q1240620,5
Q1515908,5
Q201281,5
Q1398548,5
Q15711593,5
Q2733692,5
Q2733697,5
Q2733700,5
Q2733714,5
Q18811348,5
Q1683254,5
Q21680407,5
Q1703627,5
Q1739087,5
Q1466442,5
Q1318771,5
Q1798696,5
Q1805718,5
Q15925282,5
Q1810290,5
Q18336204,5
Q1864975,5
Q1630830,5
Q1865343,5
Q14943522,5
Q15121640,5
Q15562672,5
Q1878290,5
Q18545313,5
Q1679824,5
Q1683174,5
Q1683178,5
Q1440459,5
Q1614273,5
Q1683182,5
Q1405280,5
Q14888431,5
Q2733695,5
Q2733704,5
Q2733710,5
Q2733713,5
Q27132206,5
Q1683231,5
Q1683247,5
Q1683257,5
Q18641852,5
Q21996398,5
Q13534252,5
Q15966419,5
Q1739097,5
Q18001495,5
Q1668801,5
Q1519690,5
Q1784326,5
Q27113568,5
Q1798700,5
Q13506582,5
Q1532091,5
Q1810282,5
Q1434387,5
Q1864979,5
Q1864980,5
Q15708421,5
Q1440925,5
Q1268119,5
Q19117883,5
Q18549875,5
Q21533809,5
Q26869761,5
Q1484469,5
Q1886801,5
Q1886813,5
Q1683171,5
Q1683187,5
Q2733691,5
Q2733693,5
Q2733712,5
Q27132210,5
Q27132214,5
Q1683246,5
Q1683250,5
Q2696342,5
Q13476001,5
Q1739101,5
Q17279061,5
Q1124431,5
Q1784322,5
Q1753758,5
Q1784332,5
Q1715123,5
Q563126,5
Q21152475,5
Q1798697,5
Q1805720,5
Q1821182,5
Q1166947,5
Q1635532,5
Q1864977,5
Q20049334,5
Q14944285,5
Q1312531,5
Q1559086,5
Q15229761,5
Q1886800,5
Q1886816,5
Q1683177,5
Q1649846,5
Q2733685,5
Q2733687,5
Q2733690,5
Q2733701,5
Q2733707,5
Q27132216,5
Q1683237,5
Q1683240,5
Q1683244,5
Q1683248,5
Q1683256,5
Q26858901,5
Q1728271,5
Q1531313,5
Q1739098,5
Q995818,5
Q1499456,5
Q1244464,5
Q1784335,5
Q20871792,5
Q1798691,5
Q17166702,5
Q13504559,5
Q1776181,5
Q1865345,5
Q1865346,5
Q1878293,5
Q13506367,5
Q1499816,5
Q1394168,5
Q328172,5
Q1886794,5
Q1886810,5
Q1646277,5
Q639738,5
Q12037755,5
Q27020525,5
Q2304979,5
Q2304994,5
Q1695693,5
Q2305006,5
Q27020516,5
Q2304962,5
Q2304976,5
Q2304992,5
Q1724733,5
Q2304973,5
Q1771249,5
Q2304988,5
Q2304991,5
Q2304999,5
Q27020511,5
Q27020508,5
Q18811363,5
Q27020513,5
Q2304971,5
Q1517939,5
Q1799923,5
Q2305004,5
Q2102251,5
Q2102252,5
Q2102270,5
Q2102289,5
Q2102291,5
Q1643207,5
Q1575480,5
Q2102317,5
Q18936242,5
Q2102234,5
Q2102238,5
Q2102239,5
Q2102256,5
Q542479,5
Q2102271,5
Q1621511,5
Q2102283,5
Q968120,5
Q222869,5
Q16859921,5
Q26929412,5
Q2102249,5
Q178530,5
Q2102273,5
Q1800514,5
Q2102254,5
Q2102268,5
Q2102287,5
Q2102312,5
Q1680358,5
Q2102306,5
Q2102307,5
Q13504430,5
Q13504421,5
Q13504410,5
Q13504326,5
Q13504329,5
Q1473739,5
Q16859923,5
Q27030987,5
Q27030995,5
Q27030996,5
Q1417246,5
Q24698504,5
Q26858651,5
Q13504414,5
Q13504324,5
Q1446668,5
Q2801320,5
Q27031000,5
Q18871377,5
Q27031004,5
Q2306842,5
Q1379824,5
Q2306864,5
Q13440698,5
Q26844490,5
Q26858637,5
Q26992161,5
Q26992165,5
Q13504438,5
Q13504416,5
Q13504327,5
Q1759783,5
Q27030991,5
Q27030993,5
Q27030999,5
Q2306830,5
Q2306844,5
Q1614763,5
Q2306886,5
Q26858636,5
Q13504411,5
Q27031003,5
Q1628309,5
Q19965993,5
Q26858674,5
Q13504441,5
Q13504428,5
Q13504425,5
Q13504318,5
Q2306880,5
Q265960,5
Q799312,5
Q13481898,5
Q13481893,5
Q13481887,5
Q19057245,5
Q13487485,5
Q13487475,5
Q13487430,5
Q13487380,5
Q13487371,5
Q2087843,5
Q1417817,5
Q13506542,5
Q1418156,5
Q1418169,5
Q1418175,5
Q1418178,5
Q1418184,5
Q27668437,5
Q23774842,5
Q2696281,5
Q2696298,5
Q2696301,5
Q2696304,5
Q2696306,5
Q2696316,5
Q2696328,5
Q2696333,5
Q2696345,5
Q2696346,5
Q2696358,5
Q2696360,5
Q2696361,5
Q2696370,5
Q2696373,5
Q1450507,5
Q13506390,5
Q19697062,5
Q799307,5
Q475661,5
Q799314,5
Q799319,5
Q799323,5
Q13481901,5
Q13481900,5
Q13481890,5
Q19117870,5
Q27668434,5
Q1361417,5
Q1412273,5
Q1412280,5
Q1412283,5
Q13487478,5
Q2694940,5
Q1330498,5
Q1417823,5
Q15708130,5
Q1729380,5
Q21538473,5
Q18343087,5
Q19798527,5
Q2696288,5
Q2696302,5
Q2696309,5
Q2696310,5
Q2696313,5
Q2696314,5
Q2696322,5
Q2696325,5
Q2696331,5
Q2696339,5
Q2696351,5
Q2696369,5
Q2696381,5
Q2696383,5
Q13481877,5
Q16003618,5
Q799310,5
Q13481907,5
Q13481899,5
Q16725898,5
Q4613752,5
Q15977909,5
Q15977911,5
Q13487473,5
Q13487467,5
Q13487414,5
Q13487374,5
Q15548902,5
Q1417810,5
Q1418161,5
Q1418163,5
Q2696290,5
Q2696318,5
Q2696337,5
Q15810354,5
Q2696375,5
Q2696380,5
Q18937567,5
Q799311,5
Q533161,5
Q799327,5
Q24091215,5
Q799375,5
Q13481897,5
Q13481889,5
Q27864599,5
Q27864600,5
Q19057249,5
Q1412256,5
Q13487422,5
Q13487377,5
Q13487368,5
Q2694925,5
Q2694939,5
Q1417806,5
Q1417819,5
Q1417826,5
Q1418153,5
Q2696277,5
Q2696296,5
Q2696323,5
Q2696326,5
Q2696348,5
Q2696353,5
Q2696364,5
Q1450504,5
Q667432,5
Q985131,5
Q799380,5
Q799382,5
Q27668435,5
Q13487405,5
Q13487399,5
Q2694943,5
Q1417802,5
Q1418180,5
Q2696294,5
Q2696303,5
Q2696334,5
Q2696355,5
Q18123390,5
Q1767776,5
Q21808559,5
Q1568994,5
Q13485872,5
Q1887082,5
Q1887088,5
Q13481997,5
Q1750325,5
Q13486174,5
Q1552737,5
Q1753354,5
Q1911536,5
Q1911542,5
Q15834483,5
Q17152366,5
Q13503864,5
Q13503868,5
Q19308680,5
Q13503893,5
Q13503954,5
Q19308700,5
Q19308721,5
Q19309602,5
Q19309636,5
Q19309647,5
Q19309649,5
Q19310271,5
Q19310282,5
Q19310306,5
Q18175400,5
Q1498925,5
Q1716417,5
Q1926211,5
Q16325351,5
Q1282642,5
Q1563427,5
Q1926603,5
Q1948323,5
Q15245579,5
Q18713228,5
Q1977682,5
Q13503719,5
Q1981449,5
Q1981454,5
Q1981486,5
Q1981491,5
Q1981514,5
Q1983298,5
Q1437437,5
Q1442209,5
Q1983314,5
Q1983320,5
Q1983323,5
Q1492918,5
Q11219982,5
Q13506612,5
Q13506620,5
Q13506622,5
Q13506624,5
Q1801804,5
Q1998183,5
Q13506654,5
Q1264544,5
Q13506671,5
Q2000672,5
Q1564200,5
Q13504617,5
Q2790281,5
Q2790301,5
Q2790302,5
Q27036555,5
Q27036562,5
Q27036563,5
Q27036567,5
Q27036575,5
Q27036576,5
Q27036579,5
Q27036592,5
Q27036602,5
Q18958665,5
Q2001327,5
Q2001335,5
Q2001337,5
Q2001346,5
Q2001356,5
Q1287215,5
Q27036647,5
Q27036649,5
Q27036651,5
Q27036688,5
Q2001390,5
Q2001414,5
Q2001416,5
Q15966416,5
Q2002644,5
Q1688639,5
Q19328805,5
Q1693464,5
Q2792236,5
Q2792240,5
Q15831097,5
Q15831100,5
Q2046682,5
Q1752888,5
Q2048942,5
Q2052328,5
Q1798346,5
Q2068596,5
Q2793212,5
Q2072653,5
Q19467951,5
Q15548883,5
Q1886880,5
Q1444153,5
Q14920643,5
Q1887084,5
Q1001287,5
Q13503964,5
Q19308710,5
Q19308713,5
Q19309581,5
Q19309644,5
Q19310279,5
Q19310288,5
Q19310298,5
Q21797995,5
Q1265555,5
Q18175406,5
Q1747388,5
Q18811331,5
Q1926204,5
Q1367975,5
Q1926208,5
Q15245118,5
Q21004340,5
Q26995723,5
Q22695817,5
Q1944459,5
Q18524084,5
Q1981461,5
Q1981464,5
Q1981500,5
Q1767024,5
Q1983302,5
Q1983325,5
Q1989631,5
Q1349403,5
Q1753195,5
Q13506627,5
Q13506630,5
Q13506669,5
Q15629332,5
Q2000903,5
Q2790282,5
Q2790293,5
Q2790296,5
Q2790305,5
Q2790306,5
Q27036550,5
Q27036570,5
Q27036573,5
Q27036578,5
Q27036588,5
Q27036601,5
Q13506418,5
Q15710711,5
Q2001354,5
Q13486487,5
Q27036692,5
Q1521149,5
Q1294628,5
Q2001403,5
Q1356771,5
Q1562456,5
Q2002647,5
Q991470,5
Q13883055,5
Q799421,5
Q13476129,5
Q19328803,5
Q1805955,5
Q2032500,5
Q2046664,5
Q2792237,5
Q2792238,5
Q15831087,5
Q15831103,5
Q2048937,5
Q1538818,5
Q18325690,5
Q23987459,5
Q14622591,5
Q2068603,5
Q1768887,5
Q2072635,5
Q2072651,5
Q1332951,5
Q19516734,5
Q2793366,5
Q15925295,5
Q18914833,5
Q13481995,5
Q13481994,5
Q1891861,5
Q13486178,5
Q1697070,5
Q1911531,5
Q1911537,5
Q13476050,5
Q13503876,5
Q13503913,5
Q13503918,5
Q19308703,5
Q19308717,5
Q19309589,5
Q19309597,5
Q19309638,5
Q19310273,5
Q18175403,5
Q1926597,5
Q1926605,5
Q21245170,5
Q13503703,5
Q13503706,5
Q13503712,5
Q1981445,5
Q1981473,5
Q1624945,5
Q1751328,5
Q1981495,5
Q1981508,5
Q1981519,5
Q1666247,5
Q14564873,5
Q27037171,5
Q1983300,5
Q1983310,5
Q1664725,5
Q19803072,5
Q15140855,5
Q1998171,5
Q13506634,5
Q1347451,5
Q2790286,5
Q2790289,5
Q2790292,5
Q27036549,5
Q27036559,5
Q27036585,5
Q27036590,5
Q27036599,5
Q27036618,5
Q1671126,5
Q27036693,5
Q1741472,5
Q2001392,5
Q2001412,5
Q799430,5
Q1580162,5
Q2032496,5
Q13469427,5
Q27826541,5
Q15831082,5
Q1685963,5
Q1317503,5
Q2072641,5
Q1584624,5
Q2072656,5
Q2072660,5
Q16322449,5
Q2072663,5
Q2072668,5
Q73258,5
Q1886906,5
Q13485838,5
Q14920649,5
Q13462241,5
Q1887650,5
Q13481991,5
Q1718029,5
Q1508726,5
Q19309584,5
Q19309633,5
Q19310277,5
Q19310286,5
Q19310294,5
Q18175399,5
Q1639283,5
Q1981442,5
Q1694399,5
Q1637930,5
Q1981483,5
Q1647729,5
Q1981512,5
Q1249968,5
Q1532918,5
Q18364316,5
Q21088290,5
Q1998165,5
Q1464640,5
Q13506618,5
Q1531272,5
Q2790279,5
Q2790288,5
Q2790295,5
Q2790298,5
Q2790303,5
Q27036551,5
Q27036554,5
Q27036564,5
Q27036586,5
Q27036690,5
Q2001381,5
Q2001383,5
Q799433,5
Q799435,5
Q17152497,5
Q15831105,5
Q1461965,5
Q1612673,5
Q19833255,5
Q26828104,5
Q2072666,5
Q19211060,5
Q1664020,5
Q1413229,5
Q1749369,5
Q13485816,5
Q1762261,5
Q13481989,5
Q13481992,5
Q21007284,5
Q26828110,5
Q13504817,5
Q13503882,5
Q13503934,5
Q13503944,5
Q19308697,5
Q19308724,5
Q19309594,5
Q19309605,5
Q19310300,5
Q18175402,5
Q1701766,5
Q1645827,5
Q15245133,5
Q13486468,5
Q13503687,5
Q18510542,5
Q1981466,5
Q1981498,5
Q1682654,5
Q2782809,5
Q1983288,5
Q1998145,5
Q1998154,5
Q1998156,5
Q1998163,5
Q13506611,5
Q13506626,5
Q1769647,5
Q2000676,5
Q15089738,5
Q2790277,5
Q2790304,5
Q27036553,5
Q27036572,5
Q27036584,5
Q2001427,5
Q2001348,5
Q27036687,5
Q27036696,5
Q2001379,5
Q1798667,5
Q2001393,5
Q2001405,5
Q1358172,5
Q2002650,5
Q24032990,5
Q16089865,5
Q15831094,5
Q2048945,5
Q2048953,5
Q15794946,5
Q12082384,5
Q32824144,5
Q27972176,5
Q2735243,5
Q27925238,5
Q29511881,5
Q21995230,5
Q25353908,5
Q484188,5
Q1404101,5
Q2786687,5
Q28747937,5
Q2623334,5
Q30076608,5
Q4698551,5
Q223729,5
Q10427676,5
Q2180428,5
Q28858058,5
Q186657,5
Q11415564,5
Q28951018,5
Q2101791,5
Q464643,5
Q29042971,5
Q2073093,5
Q624232,5
Q28947329,5
Q954753,5
Q3578987,5
Q2115878,5
Q285296,5
Q29957,5
Q204917,5
Q273318,5
Q40125,5
Q3542089,5
Q571723,5
Q23017560,5
Q3563266,5
Q1335907,5
Q3063290,5
Q1479963,5
Q170544,5
Q16875637,5
Q449067,5
Q10565770,5
Q194105,5
Q897682,5
Q29918297,5
Q28919152,5
Q369555,5
Q30055488,5
Q30077597,5
Q30092063,5
Q29972039,5
Q915196,5
Q547818,5
Q557164,5
Q1670363,5
Q601360,5
Q30151243,5
Q30503922,5
Q1454206,5
Q31834028,5
Q19798644,5
Q33062075,5
Q33088985,5
Q33517227,5
Q18335527,5
Q34498048,5
Q13235160,5
Q14390274,5
Q18444336,5
Q36834,5
Q1033074,5
Q11352,5
Q89934,5
Q1440476,5
Q1710033,5
Q408804,5
Q1993624,5
Q5440534,5
Q2152,5
Q17566318,5
Q721639,5
Q11416,5
Q3032123,5
Q6752690,5
Q2905031,5
Q3406844,5
Q189970,5
Q22280897,5
Q1616877,5
Q215304,5
Q589481,5
Q495430,5
Q871420,5
Q14532655,5
Q174984,5
Q399984,5
Q15706549,5
Q134237,5
Q21134443,5
Q213016,5
Q893745,5
Q28146826,5
Q984179,5
Q201759,5
Q165740,5
Q602884,5
Q745775,5
Q55814,5
Q1332286,5
Q836525,5
Q28877,5
Q2323517,5
Q13410431,5
Q1797722,5
Q31931265,5
Q195,5
Q36378334,5
Q799520,5
Q15830,5
Q11762356,5
Q2915731,5
Q23691297,5
Q16331327,5
Q811600,5
Q1179112,5
Q890528,5
Q1022147,5
Q1499881,5
Q21480825,5
Q27704723,5
Q1565388,5
Q6667893,5
Q3535173,5
Q1496857,5
Q799500,5
Q799514,5
Q799532,5
Q799595,5
Q690109,5
Q753445,5
Q841645,5
Q12483,5
Q179,5
Q3262192,5
Q28167864,5
Q2005002,5
Q1282093,5
Q1780422,5
Q27042475,5
Q192525,5
Q30559398,5
Q1214953,5
Q286300,5
Q7345240,5
Q1388464,5
Q24337077,5
Q12055674,5
Q1370727,5
Q1072807,5
Q2470219,5
Q2449752,5
Q1379405,5
Q179179,5
Q14872996,5
Q1549427,5
Q201971,5
Q1090674,5
Q15272,5
Q3591561,5
Q223189,5
Q2355426,5
Q681188,5
Q17851193,5
Q5639586,5
Q933785,5
Q1661414,5
Q22911714,5
Q20683285,5
Q1052575,5
Q25303346,5
Q1801891,5
Q591919,5
Q728085,5
Q747948,5
Q30339232,5
Q678305,5
Q918324,5
Q22669427,5
Q19609274,5
Q1151556,5
Q22669552,5
Q2674774,5
Q18533990,5
Q744026,5
Q7241485,5
Q18609875,5
Q744038,5
Q10715094,5
Q1451876,5
Q604276,5
Q1787375,5
Q2144042,5
Q1281199,5
Q207697,5
Q272888,5
Q4409567,5
Q188520,5
Q47054,5
Q18586263,5
Q3455196,5
Q29167066,5
Q94,5
Q3363934,5
Q1639395,5
Q351764,5
Q5249798,5
Q1617851,5
Q34315358,5
Q86920,5
Q4168000,5
Q859174,5
Q3578324,5
Q80998,5
Q3592593,5
Q1753254,5
Q3824506,5
Q18560545,5
Q690416,5
Q21758148,5
Q28943960,5
Q207529,5
Q1999051,5
Q21282569,5
Q3575871,5
Q1779755,5
Q24654004,5
Q1402344,5
Q949302,5
Q1242743,5
Q18572946,5
Q787417,5
Q4456179,5
Q39631,5
Q421952,5
Q866144,5
Q29845814,5
Q725975,5
Q2963608,5
Q2300236,5
Q860308,5
Q131449,5
Q5164196,5
Q3023711,5
Q647057,5
Q172847,5
Q3355750,5
Q19828520,5
Q54111,5
Q11900212,5
Q5151485,5
Q573766,5
Q541394,5
Q8207109,5
Q4394526,5
Q478969,5
Q4801520,5
Q2094110,5
Q2705954,5
Q1233637,5
Q27477249,5
Q20995015,5
Q294163,5
Q5807507,5
Q246672,5
Q5477586,5
Q1274913,5
Q1183978,5
Q384840,5
Q200614,5
Q1276157,5
Q1649489,5
Q1076785,5
Q33125488,5
Q985843,5
Q7257246,5
Q7546275,5
Q343566,5
Q70702,5
Q7940971,5
Q20830236,5
Q7209458,5
Q15615109,5
Q2497638,5
Q1130322,5
Q45089,5
Q10519294,5
Q20740204,5
Q332102,5
Q18647956,5
Q1639160,5
Q15243217,5
Q15898287,5
Q2357674,5
Q724606,5
Q11439,5
Q280741,5
Q908908,5
Q23812032,5
Q19939068,5
Q11414579,5
Q15334,5
Q6071413,5
Q13974070,5
Q5144960,5
Q12059752,5
Q12338881,5
Q6546105,5
Q16168904,5
Q30225619,5
Q163071,5
Q7354827,5
Q5509032,5
Q557685,5
Q2123557,5
Q1559783,5
Q23683472,5
Q24561417,5
Q22671,5
Q23687265,5
Q4273133,5
Q20107444,5
Q14192234,5
Q691503,5
Q11399,5
Q13493260,5
Q8978,5
Q16725896,5
Q5384718,5
Q2702813,5
Q3539533,5
Q19984095,5
Q2560444,5
Q30159284,5
Q865585,5
Q17278830,5
Q17278423,5
Q18681693,5
Q20767252,5
Q799592,5
Q1134322,5
Q17985921,5
Q17147,5
Q9026959,5
Q1980965,5
Q5396245,5
Q331055,5
Q15089348,5
Q10669269,5
Q3279251,5
Q5401282,5
Q783521,5
Q1153371,5
Q19604139,5
Q2904148,5
Q3307578,5
Q128961,5
Q744745,5
Q6806503,5
Q4236467,5
Q2951195,5
Q1020052,5
Q3742740,5
Q3336962,5
Q23649977,5
Q1061172,5
Q15264413,5
Q6049561,5
Q462174,5
Q371353,5
Q186946,5
Q1407207,5
Q1711593,5
Q43292,5
Q22812564,5
Q2881374,5
Q133792,5
Q27301864,5
Q2955199,5
Q11420275,5
Q6251,5
Q1501738,5
Q25398367,5
Q3689003,5
Q1635106,5
Q3590882,5
Q1028181,5
Q158657,5
Q128887,5
Q26883022,5
Q11233289,5
Q1414342,5
Q1149419,5
Q1149421,5
Q13487119,5
Q13487112,5
Q979921,5
Q27118793,5
Q1152280,5
Q1152284,5
Q1152305,5
Q1152277,5
Q1152314,5
Q1152325,5
Q1152319,5
Q1152316,5
Q1667858,5
Q1667859,5
Q1667866,5
Q1293092,5
Q1667857,5
Q1441823,5
Q1667869,5
Q732462,5
Q2647668,5
Q2647695,5
Q2647711,5
Q2647772,5
Q2603454,5
Q744716,5
Q2647609,5
Q2647628,5
Q1591614,5
Q2647722,5
Q833851,5
Q1457714,5
Q2647644,5
Q1268068,5
Q2647657,5
Q2647673,5
Q2647713,5
Q2647736,5
Q2647606,5
Q1755243,5
Q2647777,5
Q24652348,5
Q13486644,5
Q18713225,5
Q2101355,5
Q1655390,5
Q6287658,5
Q26844416,5
Q1534016,5
Q13481963,5
Q1478684,5
Q19643742,5
Q2101344,5
Q13486597,5
Q18748172,5
Q1637754,5
Q1637758,5
Q1637781,5
Q1637748,5
Q26844384,5
Q1590427,5
Q1637769,5
Q18752880,5
Q18713221,5
Q1003652,5
Q1003656,5
Q27055231,5
Q1003671,5
Q1003674,5
Q1572955,5
Q2372342,5
Q26995165,5
Q1526180,5
Q2372365,5
Q1277616,5
Q1246635,5
Q26995162,5
Q2802411,5
Q1392582,5
Q2372320,5
Q1270704,5
Q26995166,5
Q26844393,5
Q26844395,5
Q2468226,5
Q13486679,5
Q2674616,5
Q2674620,5
Q2674624,5
Q1188757,5
Q1188764,5
Q1188763,5
Q1188787,5
Q1188817,5
Q2674626,5
Q1188771,5
Q1188788,5
Q1188818,5
Q18190896,5
Q2674622,5
Q1188758,5
Q1188770,5
Q1188795,5
Q1188843,5
Q1188835,5
Q1188839,5
Q1513966,5
Q13506688,5
Q1383955,5
Q1514000,5
Q823029,5
Q1513971,5
Q1513975,5
Q1513973,5
Q1513977,5
Q1514020,5
Q1513990,5
Q1514005,5
Q1514010,5
Q1267820,5
Q1267835,5
Q1267846,5
Q1267855,5
Q1267881,5
Q1267886,5
Q1267892,5
Q1267911,5
Q2677994,5
Q1267844,5
Q2677998,5
Q1267888,5
Q1267912,5
Q1267926,5
Q1116778,5
Q1267869,5
Q1267882,5
Q113362,5
Q1267890,5
Q1267845,5
Q1267850,5
Q4604197,5
Q1455330,5
Q24706125,5
Q2696620,5
Q1455286,5
Q1455300,5
Q1455319,5
Q1455424,5
Q1455433,5
Q1455467,5
Q1455306,5
Q2696643,5
Q1455386,5
Q1455298,5
Q1455410,5
Q1455268,5
Q1455290,5
Q1202101,5
Q1202124,5
Q1202149,5
Q1202098,5
Q1202108,5
Q1202133,5
Q1202162,5
Q1202166,5
Q1202105,5
Q1202109,5
Q1202132,5
Q1202158,5
Q1202148,5
Q1661710,5
Q1661715,5
Q177762,5
Q1251642,5
Q18348751,5
Q1661713,5
Q1661745,5
Q17166681,5
Q1430086,5
Q1718174,5
Q1886867,5
Q23706920,5
Q1886838,5
Q1371851,5
Q1886892,5
Q1886861,5
Q1455758,5
Q15533053,5
Q2776076,5
Q1886871,5
Q1514900,5
Q1349724,5
Q27020449,5
Q13476040,5
Q1625298,5
Q15084507,5
Q18171103,5
Q2373065,5
Q1628677,5
Q2373117,5
Q26913405,5
Q13503744,5
Q13503745,5
Q13503752,5
Q2255957,5
Q15895899,5
Q27020442,5
Q27020464,5
Q2255965,5
Q18326042,5
Q13507274,5
Q21980617,5
Q13503742,5
Q2255939,5
Q15895639,5
Q15890671,5
Q27020450,5
Q15901550,5
Q2255973,5
Q18936332,5
Q13507254,5
Q2373105,5
Q2373143,5
Q1410166,5
Q1410525,5
Q13476123,5
Q13503758,5
Q2373089,5
Q2255944,5
Q15901558,5
Q27020456,5
Q27020459,5
Q13481648,5
Q13481272,5
Q13481237,5
Q13481226,5
Q13476075,5
Q2557939,5
Q2557969,5
Q2557992,5
Q13481845,5
Q13481844,5
Q13481842,5
Q15966420,5
Q13481488,5
Q13481407,5
Q13481839,5
Q13481830,5
Q2558002,5
Q2558012,5
Q15966411,5
Q2542301,5
Q13481342,5
Q13481315,5
Q13481848,5
Q1799804,5
Q2558014,5
Q1670258,5
Q18579051,5
Q2542303,5
Q27020543,5
Q2557933,5
Q13481843,5
Q2557999,5
Q15966423,5
Q2558038,5
Q1591793,5
Q2512887,5
Q2522745,5
Q1252590,5
Q1558283,5
Q26858685,5
Q2540766,5
Q1390442,5
Q26858684,5
Q26858688,5
Q16725894,5
Q23676936,5
Q2523818,5
Q1396776,5
Q1251901,5
Q15229737,5
Q1270625,5
Q799451,5
Q22302188,5
Q13487142,5
Q1683181,5
Q2733689,5
Q2733703,5
Q1543886,5
Q27132224,5
Q27132228,5
Q1737689,5
Q1670692,5
Q1740582,5
Q20974953,5
Q562660,5
Q657726,5
Q1798693,5
Q1798694,5
Q27798344,5
Q1865337,5
Q13462262,5
Q17152363,5
Q18215339,5
Q1883117,5
Q1679826,5
Q1662153,5
Q1440519,5
Q1683175,5
Q1310529,5
Q833844,5
Q1435993,5
Q27132208,5
Q1683242,5
Q1737690,5
Q1739096,5
Q1740584,5
Q1530173,5
Q20033529,5
Q18510628,5
Q1810289,5
Q13505596,5
Q1886798,5
Q1292217,5
Q1886818,5
Q1683170,5
Q1099055,5
Q1683233,5
Q1683245,5
Q1683251,5
Q1120250,5
Q333198,5
Q15097911,5
Q1798690,5
Q1734397,5
Q15708051,5
Q1754906,5
Q16888229,5
Q21282472,5
Q1683184,5
Q27132222,5
Q1310093,5
Q1462491,5
Q15627785,5
Q14862296,5
Q1290499,5
Q1720860,5
Q1539097,5
Q1325457,5
Q15548896,5
Q1886807,5
Q1683186,5
Q27132202,5
Q27132212,5
Q1739089,5
Q1739091,5
Q18643368,5
Q20730049,5
Q18811358,5
Q18811360,5
Q2305001,5
Q2304986,5
Q1429193,5
Q12252400,5
Q1688336,5
Q743011,5
Q2102276,5
Q27831764,5
Q2102296,5
Q2102304,5
Q27864715,5
Q13504444,5
Q13504423,5
Q13504419,5
Q2801319,5
Q27030986,5
Q27030990,5
Q2306854,5
Q2306870,5
Q1517433,5
Q16956585,5
Q26844489,5
Q26858633,5
Q13504434,5
Q13504426,5
Q13504408,5
Q27030997,5
Q2306838,5
Q2306851,5
Q2306876,5
Q26858675,5
Q13504432,5
Q13504330,5
Q13475995,5
Q27030994,5
Q13504417,5
Q1169393,5
Q1661368,5
Q675747,5
Q17328309,5
Q13481905,5
Q13481903,5
Q799383,5
Q19057247,5
Q2087845,5
Q2694934,5
Q1383767,5
Q1418165,5
Q18572191,5
Q2696335,5
Q2696344,5
Q2696367,5
Q2696374,5
Q27031015,5
Q799306,5
Q654879,5
Q20757552,5
Q1412275,5
Q13487440,5
Q1720097,5
Q2694930,5
Q2694931,5
Q18936421,5
Q27668436,5
Q27668438,5
Q2696365,5
Q2696371,5
Q799304,5
Q799318,5
Q13481894,5
Q13487451,5
Q2694926,5
Q1338864,5
Q1418149,5
Q1418150,5
Q16089864,5
Q2696317,5
Q2696320,5
Q2696363,5
Q15708419,5
Q799320,5
Q13481892,5
Q15548905,5
Q2694936,5
Q2694944,5
Q1418170,5
Q13481858,5
Q2696292,5
Q1412279,5
Q27867295,5
Q13485849,5
Q15548888,5
Q18697410,5
Q1366883,5
Q1887779,5
Q1911529,5
Q17325104,5
Q13503930,5
Q5403693,5
Q13503960,5
Q1926220,5
Q19310291,5
Q1926215,5
Q1926593,5
Q1631677,5
Q1926600,5
Q1752502,5
Q21996397,5
Q15059710,5
Q1637056,5
Q1981478,5
Q1981479,5
Q1981489,5
Q1981505,5
Q1676590,5
Q1981520,5
Q14564872,5
Q1983303,5
Q16089886,5
Q13506617,5
Q2000906,5
Q2790299,5
Q2790300,5
Q27036542,5
Q27036556,5
Q27036561,5
Q2001425,5
Q27036646,5
Q2001374,5
Q27036694,5
Q1591068,5
Q19277945,5
Q2046683,5
Q1455059,5
Q18021528,5
Q2068605,5
Q2072645,5
Q2072649,5
Q15941605,5
Q13476127,5
Q16725899,5
Q1911528,5
Q13503909,5
Q13503925,5
Q19309586,5
Q19310303,5
Q1926206,5
Q1926587,5
Q21634293,5
Q1948322,5
Q1982894,5
Q1981510,5
Q18086605,5
Q1983312,5
Q21980627,5
Q1989634,5
Q13506648,5
Q13506656,5
Q13482002,5
Q13504619,5
Q2790278,5
Q2790285,5
Q2790290,5
Q2001358,5
Q2001361,5
Q2001369,5
Q2001371,5
Q2001394,5
Q799426,5
Q15831085,5
Q1718042,5
Q15101427,5
Q2072659,5
Q13485868,5
Q18084680,5
Q1777835,5
Q20189094,5
Q13503888,5
Q13503949,5
Q19308707,5
Q19309628,5
Q18175405,5
Q1926607,5
Q1944462,5
Q1944463,5
Q1981521,5
Q1998148,5
Q15629335,5
Q2000902,5
Q2790260,5
Q2790307,5
Q27036548,5
Q27036603,5
Q1330929,5
Q2068598,5
Q2072639,5
Q13476080,5
Q15794950,5
Q19308683,5
Q19309641,5
Q18524079,5
Q1926595,5
Q1977680,5
Q18510543,5
Q1981470,5
Q1983318,5
Q13506653,5
Q2790283,5
Q27036565,5
Q27036571,5
Q27036582,5
Q2001428,5
Q2001431,5
Q2001378,5
Q27036691,5
Q1246831,5
Q2001407,5
Q18545315,5
Q799428,5
Q15730663,5
Q15831091,5
Q2048952,5
Q2072632,5
Q13246693,5
Q1911539,5
Q13503937,5
Q18175404,5
Q1926210,5
Q1926598,5
Q18342431,5
Q13503710,5
Q27036583,5
Q2001398,5
Q15205833,5
Q21282449,5
Q2032505,5
Q15831104,5
Q2072637,5
Q28050911,5
Q599151,5
Q1299240,5
Q15726296,5
Q28730356,5
Q27180948,5
Q1939471,5
Q6606110,5
Q1131270,5
Q10915943,5
Q1494444,5
Q191823,5
Q3057632,5
Q1207302,5
Q328720,5
Q1339151,5
Q128713,5
Q24869936,5
Q2280423,5
Q7434,5
Q30063921,5
Q1541036,5
Q1795936,5
Q29972272,5
Q32945468,5
Q26700453,5
Q35252665,5
Q4209223,5
Q207264,5
Q153257,5
Q799548,5
Q2818080,5
Q252770,5
Q2751586,5
Q1746023,5
Q893182,5
Q59569,5
Q1339342,5
Q1543102,5
Q2914468,5
Q2066623,5
Q728329,5
Q893210,5
Q178149,5
Q16658194,5
Q26945165,5
Q7228265,5
Q7465804,5
Q405155,5
Q312083,5
Q1386235,5
Q4739805,5
Q1514395,5
Q1461850,5
Q1610085,5
Q7638697,5
Q11573504,5
Q1472481,5
Q736691,5
Q1746056,5
Q17315159,5
Q146071,5
Q216285,5
Q34735,5
Q2577005,5
Q3238500,5
Q29568791,5
Q19345241,5
Q2381508,5
Q11633,5
Q3600903,5
Q584829,5
Q1509758,5
Q2090555,5
Q1411929,5
Q17485224,5
Q578714,5
Q14250007,5
Q896575,5
Q4502142,5
Q174199,5
Q28165751,5
Q1544543,5
Q6532502,5
Q3413345,5
Q2638480,5
Q614972,5
Q8035885,5
Q1566,5
Q38287,5
Q10927576,5
Q161,5
Q1426710,5
Q713965,5
Q5356435,5
Q197861,5
Q27671617,5
Q11558636,5
Q11992159,5
Q247118,5
Q24255514,5
Q158642,5
Q17292586,5
Q3441712,5
Q822054,5
Q954207,5
Q13425811,5
Q848330,5
Q18648758,5
Q1572415,5
Q29368916,5
Q21156247,5
Q610056,5
Q23811266,5
Q23830575,5
Q21600178,5
Q5361833,5
Q121594,5
Q1152329,5
Q1152290,5
Q2647662,5
Q2647703,5
Q637501,5
Q2647591,5
Q2647682,5
Q939067,5
Q1147507,5
Q2101350,5
Q18713222,5
Q1321403,5
Q15977913,5
Q21129672,5
Q2372328,5
Q2372338,5
Q1457042,5
Q1721103,5
Q2372371,5
Q26844396,5
Q2804283,5
Q1188820,5
Q2674614,5
Q1188811,5
Q1188793,5
Q1188804,5
Q1513962,5
Q1344157,5
Q1513984,5
Q1513991,5
Q1267880,5
Q1267902,5
Q1267909,5
Q1267858,5
Q26814652,5
Q1267914,5
Q1606438,5
Q1455329,5
Q1455339,5
Q1455347,5
Q1400129,5
Q2696636,5
Q1455369,5
Q1202129,5
Q1202119,5
Q1661742,5
Q1239432,5
Q1886858,5
Q1886879,5
Q1886885,5
Q1886893,5
Q2255949,5
Q26995158,5
Q2373119,5
Q1357557,5
Q688093,5
Q27020461,5
Q15901283,5
Q2376389,5
Q1737131,5
Q2255969,5
Q13476077,5
Q15708029,5
Q2557957,5
Q2557960,5
Q13481846,5
Q1775753,5
Q18936138,5
Q13481833,5
Q2558015,5
Q13476071,5
Q1763029,5
Q13481517,5
Q14646874,5
Q18195852,5
Q27789677,5
Q1472881,5
Q1683253,5
Q1683263,5
Q1562221,5
Q562610,5
Q15925283,5
Q1677366,5
Q1798695,5
Q1542024,5
Q27132205,5
Q1440173,5
Q1548362,5
Q1739095,5
Q27020512,5
Q27020515,5
Q1314591,5
Q2102309,5
Q2102318,5
Q972810,5
Q4601845,5
Q27030998,5
Q2306743,5
Q26992168,5
Q799316,5
Q13481896,5
Q13481891,5
Q1412259,5
Q1412266,5
Q13487499,5
Q13487492,5
Q13487391,5
Q2696385,5
Q13481909,5
Q2696287,5
Q799309,5
Q13487460,5
Q4629315,5
Q1417814,5
Q31339,5
Q13485854,5
Q1911534,5
Q13503942,5
Q19308693,5
Q1269453,5
Q1981456,5
Q1981502,5
Q1998175,5
Q21515320,5
Q799424,5
Q13476130,5
Q1285469,5
Q2793281,5
Q2087842,5
Q18668364,5
Q18713227,5
Q1887777,5
Q19309599,5
Q1981476,5
Q15966409,5
Q27036580,5
Q2001368,5
Q2001386,5
Q799427,5
Q2032501,5
Q13503940,5
Q18175401,5
Q2001363,5
Q19753395,5
Q1574017,5
Q19309592,5
Q1944460,5
Q1981516,5
Q27036557,5
Q27036686,5
Q31407621,5
Q21089304,5
Q25972981,5
Q18536349,5
Q24017465,5
Q1390,5
Q8338,5
Q1346442,5
Q29002287,5
Q21905941,5
Q266328,5
Q1942420,5
Q3032119,5
Q28737012,5
Q1238998,5
Q1754581,5
Q2220709,5
Q940462,5
Q7426491,5
Q921259,5
Q18125240,5
Q13487102,5
Q2647738,5
Q2647614,5
Q13486656,5
Q13486685,5
Q1267815,5
Q2696648,5
Q20899357,5
Q22670099,5
Q15901282,5
Q23955329,5
Q2564877,5
Q13481353,5
Q1703814,5
Q1784327,5
Q27132219,5
Q1263982,5
Q24836754,5
Q23702397,5
Q19603968,5
Q1983285,5
Q1983291,5
Q27036558,5
Q27037172,5
Q2001401,5
Q3336843,4
Q101991,4
Q3504248,4
Q23718,4
Q836915,4
Q28923026,4
Q883744,4
Q4176366,4
Q2493,4
Q1946,4
Q6472,4
Q2989352,4
Q1288568,4
Q1929383,4
Q783733,4
Q841818,4
Q14679,4
Q663902,4
Q331769,4
Q13663086,4
Q368835,4
Q3648563,4
Q2292021,4
Q2324556,4
Q132781,4
Q33430,4
Q2431196,4
Q18907876,4
Q2923911,4
Q15058985,4
Q17221353,4
Q50427,4
Q1803829,4
Q495307,4
Q900800,4
Q244339,4
Q14754917,4
Q130695,4
Q28951811,4
Q389459,4
Q49759,4
Q346549,4
Q33082993,4
Q49460,4
Q550596,4
Q756230,4
Q5519929,4
Q4583713,4
Q421281,4
Q204686,4
Q108256,4
Q2669627,4
Q177646,4
Q17601336,4
Q18408562,4
Q4862348,4
Q3057459,4
Q1145523,4
Q1399692,4
Q1751757,4
Q1398821,4
Q81799,4
Q3133368,4
Q2538889,4
Q24336490,4
Q613930,4
Q20203507,4
Q953357,4
Q15649504,4
Q10924689,4
Q27084,4
Q918385,4
Q753283,4
Q253591,4
Q2626870,4
Q124936,4
Q1899269,4
Q21162604,4
Q286,4
Q286228,4
Q17520343,4
Q742615,4
Q17278,4
Q1194773,4
Q2656967,4
Q180634,4
Q223642,4
Q4013974,4
Q12592530,4
Q193099,4
Q15966439,4
Q3362987,4
Q26208318,4
Q7369,4
Q320357,4
Q2216169,4
Q2150504,4
Q867545,4
Q1957296,4
Q330946,4
Q31207,4
Q375471,4
Q727898,4
Q782468,4
Q2348856,4
Q292704,4
Q1310239,4
Q18533494,4
Q352425,4
Q728001,4
Q2115,4
Q680879,4
Q200227,4
Q685320,4
Q1034774,4
Q1727909,4
Q145205,4
Q11997597,4
Q19658944,4
Q820084,4
Q5458202,4
Q943687,4
Q166861,4
Q212111,4
Q1273203,4
Q7112808,4
Q1191337,4
Q20871782,4
Q496946,4
Q2367164,4
Q146470,4
Q895089,4
Q28922893,4
Q2476769,4
Q187126,4
Q493000,4
Q2532754,4
Q28920181,4
Q274076,4
Q1070421,4
Q488051,4
Q240673,4
Q854459,4
Q942353,4
Q1029013,4
Q1595408,4
Q273395,4
Q6838968,4
Q13648784,4
Q20642019,4
Q3456796,4
Q749720,4
Q196128,4
Q9357527,4
Q5073812,4
Q24175352,4
Q658414,4
Q1107393,4
Q492410,4
Q596164,4
Q17002728,4
Q1409719,4
Q672598,4
Q1520214,4
Q216545,4
Q21850100,4
Q81392,4
Q488053,4
Q10425933,4
Q7315424,4
Q19760483,4
Q18491037,4
Q429571,4
Q951293,4
Q643962,4
Q5249796,4
Q474200,4
Q1427313,4
Q15665807,4
Q21078287,4
Q308492,4
Q4115013,4
Q543461,4
Q816425,4
Q6978068,4
Q818674,4
Q6723015,4
Q3050815,4
Q534282,4
Q208708,4
Q989220,4
Q484963,4
Q29001212,4
Q15649572,4
Q55677,4
Q751989,4
Q822116,4
Q821870,4
Q17135847,4
Q933971,4
Q944,4
Q727009,4
Q2291541,4
Q6470767,4
Q855544,4
Q1069042,4
Q17316289,4
Q18814068,4
Q4382012,4
Q4315021,4
Q7371226,4
Q19616264,4
Q25906572,4
Q7299618,4
Q2028919,4
Q1516475,4
Q30063950,4
Q17152856,4
Q11499011,4
Q225147,4
Q867707,4
Q609647,4
Q21994376,4
Q1346396,4
Q1993135,4
Q6199,4
Q1009623,4
Q5892272,4
Q230186,4
Q5349747,4
Q1005932,4
Q1956936,4
Q15848826,4
Q611490,4
Q1032155,4
Q18516630,4
Q43116,4
Q1037904,4
Q373045,4
Q13534114,4
Q1073307,4
Q188436,4
Q2141016,4
Q22332141,4
Q29167063,4
Q33104303,4
Q24455797,4
Q1391014,4
Q25768329,4
Q1820120,4
Q734614,4
Q187916,4
Q20747412,4
Q185534,4
Q245962,4
Q148453,4
Q11323781,4
Q909952,4
Q4762337,4
Q1498487,4
Q39818,4
Q1760704,4
Q6632974,4
Q2616578,4
Q1500859,4
Q31796,4
Q25369733,4
Q44865,4
Q820385,4
Q1220872,4
Q15622832,4
Q1436963,4
Q1281709,4
Q845262,4
Q989265,4
Q1792562,4
Q3392253,4
Q21473229,4
Q383260,4
Q1153484,4
Q506630,4
Q2015382,4
Q4380101,4
Q15967335,4
Q391009,4
Q167555,4
Q862880,4
Q828911,4
Q6667200,4
Q815823,4
Q34178,4
Q1934817,4
Q57036,4
Q1394614,4
Q1457467,4
Q685621,4
Q30565277,4
Q2101456,4
Q1623569,4
Q1367629,4
Q1711354,4
Q212136,4
Q5448074,4
Q385647,4
Q901497,4
Q297868,4
Q2430594,4
Q476352,4
Q314291,4
Q2713833,4
Q828395,4
Q339401,4
Q23048901,4
Q3196369,4
Q29898858,4
Q1518609,4
Q17000320,4
Q189722,4
Q2446710,4
Q7832904,4
Q3616510,4
Q1321978,4
Q636946,4
Q1064584,4
Q12581,4
Q26001091,4
Q188522,4
Q1424609,4
Q3070310,4
Q30057156,4
Q30056069,4
Q905318,4
Q2603355,4
Q571149,4
Q2327985,4
Q182994,4
Q13420305,4
Q2034044,4
Q1897589,4
Q7126252,4
Q63100,4
Q7265244,4
Q20076756,4
Q20738855,4
Q4698330,4
Q161341,4
Q29001030,4
Q2026692,4
Q788790,4
Q1370345,4
Q28924231,4
Q12816495,4
Q89468,4
Q22999537,4
Q2151828,4
Q2578249,4
Q1416517,4
Q16939905,4
Q3967406,4
Q2532278,4
Q535695,4
Q2250805,4
Q21192427,4
Q220453,4
Q17000321,4
Q2000106,4
Q41691,4
Q2586747,4
Q865595,4
Q186713,4
Q1762524,4
Q11692,4
Q332695,4
Q6422240,4
Q2382616,4
Q2416110,4
Q1938208,4
Q3395171,4
Q2178284,4
Q1076022,4
Q830038,4
Q178715,4
Q193837,4
Q2272162,4
Q2624969,4
Q16500104,4
Q9798,4
Q182468,4
Q173235,4
Q3076685,4
Q586010,4
Q2437424,4
Q154278,4
Q239973,4
Q488415,4
Q50081,4
Q1872756,4
Q17301632,4
Q524679,4
Q11797549,4
Q1294238,4
Q23653,4
Q424182,4
Q7860962,4
Q1994728,4
Q2014788,4
Q446,4
Q279525,4
Q211606,4
Q4411770,4
Q389435,4
Q617792,4
Q3721,4
Q3564871,4
Q2925836,4
Q2731185,4
Q24936905,4
Q21061178,4
Q34172,4
Q1858179,4
Q18325582,4
Q591022,4
Q2292277,4
Q20656604,4
Q1944586,4
Q2995239,4
Q3000775,4
Q860333,4
Q13629441,4
Q27949556,4
Q537981,4
Q3480499,4
Q2746884,4
Q22442633,4
Q1369514,4
Q2972150,4
Q204933,4
Q3173909,4
Q2426416,4
Q1092993,4
Q13407144,4
Q193983,4
Q1138081,4
Q241365,4
Q3764113,4
Q1164174,4
Q334939,4
Q851587,4
Q2090900,4
Q15985279,4
Q209534,4
Q1072684,4
Q34396,4
Q20379308,4
Q1862724,4
Q29598235,4
Q718608,4
Q181292,4
Q184943,4
Q3361225,4
Q1686006,4
Q208341,4
Q15252,4
Q2826814,4
Q18454659,4
Q3605965,4
Q2941179,4
Q24045394,4
Q3918368,4
Q3327899,4
Q27535996,4
Q2934,4
Q5799890,4
Q3601604,4
Q1130697,4
Q30336909,4
Q18341292,4
Q1422528,4
Q605286,4
Q1103804,4
Q368404,4
Q299531,4
Q1196612,4
Q621993,4
Q5354600,4
Q1965450,4
Q204335,4
Q3755549,4
Q611864,4
Q3533614,4
Q925157,4
Q11567161,4
Q3712125,4
Q2280192,4
Q182726,4
Q15831598,4
Q946725,4
Q299640,4
Q1214249,4
Q3948552,4
Q3957467,4
Q2318940,4
Q299198,4
Q3534237,4
Q1568497,4
Q4959815,4
Q3883186,4
Q2467894,4
Q21078294,4
Q176849,4
Q1132207,4
Q3919228,4
Q16361793,4
Q1047722,4
Q1776037,4
Q1416909,4
Q5966676,4
Q2945309,4
Q28966247,4
Q179366,4
Q21905924,4
Q1413045,4
Q37681,4
Q27518282,4
Q1995534,4
Q18352980,4
Q500493,4
Q805130,4
Q5202935,4
Q27741749,4
Q589786,4
Q30868484,4
Q831124,4
Q1437632,4
Q4509401,4
Q11238523,4
Q2090627,4
Q19828538,4
Q584049,4
Q4712779,4
Q13270,4
Q19829726,4
Q1148315,4
Q406868,4
Q8889,4
Q7193855,4
Q18563354,4
Q25367878,4
Q4936202,4
Q903965,4
Q1275314,4
Q3966286,4
Q7830048,4
Q199701,4
Q2881199,4
Q261197,4
Q846385,4
Q357003,4
Q266237,4
Q5032604,4
Q148442,4
Q16444336,4
Q452237,4
Q7894997,4
Q1479879,4
Q7533204,4
Q3038271,4
Q15042037,4
Q17233249,4
Q3751865,4
Q27990943,4
Q7211,4
Q19889049,4
Q21213456,4
Q3509428,4
Q1163166,4
Q1186978,4
Q7251500,4
Q1064858,4
Q5260575,4
Q27046,4
Q697852,4
Q230037,4
Q621751,4
Q2055205,4
Q21198,4
Q506461,4
Q28920795,4
Q379693,4
Q22137024,4
Q15401511,4
Q15725976,4
Q1321781,4
Q2945285,4
Q2532557,4
Q1971849,4
Q7435296,4
Q7333303,4
Q835153,4
Q5705110,4
Q18710467,4
Q5576896,4
Q17427986,4
Q20429142,4
Q10314696,4
Q484591,4
Q1928978,4
Q25893329,4
Q6134890,4
Q147651,4
Q2741056,4
Q107427,4
Q3217335,4
Q4440668,4
Q3769366,4
Q779419,4
Q1369464,4
Q24024845,4
Q3239205,4
Q6974552,4
Q372047,4
Q2360410,4
Q127197,4
Q256324,4
Q27940535,4
Q192781,4
Q27990982,4
Q739688,4
Q3752524,4
Q38945,4
Q221810,4
Q282970,4
Q276099,4
Q3308178,4
Q7251292,4
Q22914759,4
Q7392898,4
Q3032149,4
Q386215,4
Q25531065,4
Q26367719,4
Q2695327,4
Q10827799,4
Q16798631,4
Q22678605,4
Q256132,4
Q7492439,4
Q3250561,4
Q1151643,4
Q15613737,4
Q130878,4
Q5138359,4
Q30065086,4
Q29898588,4
Q30064049,4
Q29575417,4
Q30307532,4
Q30057166,4
Q30159125,4
Q21050509,4
Q1422709,4
Q16910955,4
Q2443776,4
Q585490,4
Q7311342,4
Q780687,4
Q30025373,4
Q12093113,4
Q9163,4
Q309078,4
Q1406559,4
Q6104028,4
Q861883,4
Q1124247,4
Q1433093,4
Q10548373,4
Q6088855,4
Q333247,4
Q14626276,4
Q20645909,4
Q7897785,4
Q24045780,4
Q13107493,4
Q10871971,4
Q2613738,4
Q15120950,4
Q856655,4
Q1195941,4
Q1616828,4
Q5119003,4
Q11643860,4
Q3279852,4
Q11505291,4
Q600964,4
Q2749147,4
Q11782821,4
Q1162779,4
Q9363783,4
Q23002042,4
Q11959973,4
Q20926517,4
Q21384730,4
Q29344764,4
Q20660536,4
Q13233284,4
Q3400170,4
Q203788,4
Q128758,4
Q22812404,4
Q14701653,4
Q208443,4
Q2727828,4
Q1407245,4
Q10876,4
Q80006,4
Q18011131,4
Q18931350,4
Q28319,4
Q2858943,4
Q1498024,4
Q1501897,4
Q963691,4
Q1059569,4
Q2121955,4
Q670772,4
Q12858028,4
Q5101141,4
Q14898407,4
Q1467808,4
Q15101744,4
Q18611337,4
Q15228993,4
Q4132319,4
Q15629323,4
Q1739536,4
Q642682,4
Q282301,4
Q14286397,4
Q12976278,4
Q480261,4
Q17412519,4
Q1541002,4
Q5334199,4
Q5226073,4
Q1453709,4
Q15043657,4
Q687031,4
Q131413,4
Q228346,4
Q1353734,4
Q180,4
Q24755874,4
Q20730955,4
Q1385360,4
Q2856354,4
Q643589,4
Q2319018,4
Q2599456,4
Q11421026,4
Q1228967,4
Q426372,4
Q26281,4
Q18242706,4
Q2950720,4
Q131508,4
Q51617,4
Q168639,4
Q11387554,4
Q3365097,4
Q7863971,4
Q22661913,4
Q7246239,4
Q24577212,4
Q629103,4
Q9730,4
Q1729875,4
Q42295,4
Q5849,4
Q4922985,4
Q6503924,4
Q1417098,4
Q191865,4
Q223571,4
Q133805,4
Q17023518,4
Q2739565,4
Q17283533,4
Q17280108,4
Q17280121,4
Q1341429,4
Q17311580,4
Q2403657,4
Q20655553,4
Q17348758,4
Q6665639,4
Q2293362,4
Q137,4
Q3250999,4
Q205178,4
Q15254,4
Q1273956,4
Q408245,4
Q15035,4
Q94445,4
Q688615,4
Q5467436,4
Q114106,4
Q272281,4
Q2694647,4
Q43648,4
Q30168533,4
Q21130120,4
Q9614,4
Q3691270,4
Q1661706,4
Q27518793,4
Q25288,4
Q17062598,4
Q2353450,4
Q21159964,4
Q2088609,4
Q2826579,4
Q3907365,4
Q987831,4
Q27577201,4
Q196776,4
Q22692845,4
Q184393,4
Q468595,4
Q2564304,4
Q28472722,4
Q5164192,4
Q554211,4
Q2995095,4
Q5164203,4
Q20995013,4
Q249697,4
Q901711,4
Q3040273,4
Q7906416,4
Q29861,4
Q973301,4
Q1720648,4
Q10296658,4
Q1474001,4
Q676586,4
Q8776404,4
Q19831450,4
Q955224,4
Q43965,4
Q2360219,4
Q1966805,4
Q1160695,4
Q1188852,4
Q894986,4
Q1519109,4
Q1572731,4
Q647882,4
Q1531435,4
Q644853,4
Q45782,4
Q1257438,4
Q2537783,4
Q122783,4
Q2735536,4
Q799377,4
Q1816033,4
Q1092899,4
Q1533156,4
Q40861,4
Q9195632,4
Q2943864,4
Q420,4
Q48282,4
Q3634199,4
Q15504389,4
Q2380805,4
Q1663795,4
Q22703975,4
Q21804535,4
Q3314483,4
Q11687,4
Q36050,4
Q3243676,4
Q8031749,4
Q3815974,4
Q15307265,4
Q11287,4
Q4881956,4
Q20793164,4
Q2967401,4
Q2387165,4
Q13099586,4
Q27907460,4
Q1759540,4
Q33120921,4
Q2310214,4
Q841654,4
Q7849878,4
Q22079747,4
Q30057175,4
Q7805487,4
Q22003134,4
Q5177124,4
Q11290050,4
Q26208827,4
Q27042484,4
Q1360,4
Q2094592,4
Q3922493,4
Q16679864,4
Q23055605,4
Q2324916,4
Q15814162,4
Q13217442,4
Q2291785,4
Q23611439,4
Q193430,4
Q19834818,4
Q23662496,4
Q192110,4
Q220328,4
Q22669635,4
Q107027,4
Q23811270,4
Q1773200,4
Q1522620,4
Q238053,4
Q15141638,4
Q913501,4
Q1730187,4
Q4173137,4
Q1627183,4
Q12126757,4
Q11783626,4
Q1521034,4
Q1233097,4
Q25159781,4
Q18563360,4
Q831525,4
Q2951520,4
Q537876,4
Q10855227,4
Q25395818,4
Q23654334,4
Q25398353,4
Q11970053,4
Q2865305,4
Q792317,4
Q2537764,4
Q5607,4
Q7257997,4
Q17076801,4
Q1402709,4
Q17619325,4
Q227697,4
Q26715005,4
Q412945,4
Q147468,4
Q623489,4
Q159657,4
Q157307,4
Q104819,4
Q3054943,4
Q2784039,4
Q22169,4
Q129570,4
Q488416,4
Q21077372,4
Q2512740,4
Q27120684,4
Q819645,4
Q27301047,4
Q27032167,4
Q27481236,4
Q27032392,4
Q1886853,4
Q2776088,4
Q2776098,4
Q2373055,4
Q13503756,4
Q2255937,4
Q2255933,4
Q13503747,4
Q13503759,4
Q2255927,4
Q2255932,4
Q1729024,4
Q1737687,4
Q26868851,4
Q2102216,4
Q2102223,4
Q2102232,4
Q2102214,4
Q1762276,4
Q27030989,4
Q2694914,4
Q2694915,4
Q2696278,4
Q1412270,4
Q2694921,4
Q1449918,4
Q673338,4
Q13503700,4
Q909695,4
Q20638138,4
Q1135567,4
Q36602,4
Q830004,4
Q19274527,4
Q26237665,4
Q30057149,4
Q30057154,4
Q5839433,4
Q30057143,4
Q148163,4
Q1712253,4
Q30057165,4
Q29917636,4
Q1143087,4
Q1316482,4
Q4991371,4
Q28494155,4
Q3316593,4
Q7257704,4
Q336119,4
Q1401416,4
Q5830637,4
Q28806399,4
Q173725,4
Q1390140,4
Q27801,4
Q200266,4
Q348675,4
Q4676786,4
Q217594,4
Q401,4
Q371213,4
Q3178415,4
Q614249,4
Q937106,4
Q187851,4
Q274556,4
Q780757,4
Q194489,4
Q554950,4
Q249975,4
Q1570005,4
Q619300,4
Q732286,4
Q18668171,4
Q2116089,4
Q696710,4
Q164411,4
Q30057185,4
Q1435490,4
Q29692362,4
Q120547,4
Q3042975,4
Q7614320,4
Q30056203,4
Q173950,4
Q3373936,4
Q1265406,4
Q30106718,4
Q753297,4
Q17099191,4
Q1571437,4
Q1819000,4
Q951351,4
Q32213,4
Q2954766,4
Q129483,4
Q2465478,4
Q619439,4
Q245722,4
Q319382,4
Q29970486,4
Q31157300,4
Q29380643,4
Q362636,4
Q31499211,4
Q7268637,4
Q16670335,4
Q10482023,4
Q1281618,4
Q2387457,4
Q814344,4
Q36379110,4
Q34685401,4
Q34886251,4
Q13227549,4
Q5318,4
Q35670518,4
Q18638297,4
Q14908088,4
Q619610,4
Q1323642,4
Q1763527,4
Q83057,4
Q30014,4
Q1208802,4
Q1066538,4
Q10260870,4
Q2736168,4
Q184824,4
Q18668159,4
Q1413287,4
Q15831576,4
Q18564543,4
Q2495568,4
Q3376141,4
Q10676514,4
Q28872924,4
Q227790,4
Q4377540,4
Q1175512,4
Q17189500,4
Q1381899,4
Q15708422,4
Q167910,4
Q951504,4
Q621461,4
Q13455645,4
Q921415,4
Q866196,4
Q202156,4
Q2014189,4
Q34956,4
Q1433344,4
Q183039,4
Q171184,4
Q1411242,4
Q658386,4
Q3032103,4
Q17123180,4
Q1187968,4
Q24286897,4
Q1179466,4
Q187668,4
Q835439,4
Q786471,4
Q186817,4
Q737406,4
Q107706,4
Q2135246,4
Q1268980,4
Q8250483,4
Q426809,4
Q16524585,4
Q36218176,4
Q1423891,4
Q30241068,4
Q15063391,4
Q1440344,4
Q10374567,4
Q638608,4
Q7934510,4
Q2121919,4
Q20107434,4
Q11822912,4
Q853725,4
Q5283489,4
Q24384357,4
Q851387,4
Q1894516,4
Q1864226,4
Q265147,4
Q336705,4
Q2250795,4
Q2244884,4
Q2126549,4
Q5589178,4
Q7095059,4
Q184749,4
Q882646,4
Q11349558,4
Q1414472,4
Q2176061,4
Q27058,4
Q1576,4
Q432,4
Q628191,4
Q27042505,4
Q273039,4
Q3931963,4
Q34985575,4
Q1422653,4
Q815410,4
Q61065,4
Q17004438,4
Q15646524,4
Q850403,4
Q649732,4
Q850336,4
Q223297,4
Q7936632,4
Q28050159,4
Q551800,4
Q5194727,4
Q164057,4
Q31542375,4
Q904802,4
Q46587,4
Q572916,4
Q853890,4
Q845696,4
Q20180855,4
Q176129,4
Q2104038,4
Q3150005,4
Q1480561,4
Q18693936,4
Q20968950,4
Q2568951,4
Q24273067,4
Q172839,4
Q1418147,4
Q15613582,4
Q1366302,4
Q2321565,4
Q1346923,4
Q5643,4
Q24336031,4
Q1934189,4
Q2630707,4
Q18618822,4
Q1518122,4
Q690264,4
Q18618841,4
Q299176,4
Q1361060,4
Q1059740,4
Q3408484,4
Q11876497,4
Q21001649,4
Q5320,4
Q184872,4
Q1646880,4
Q2306073,4
Q108158,4
Q18822087,4
Q9022797,4
Q1882512,4
Q6888356,4
Q1646218,4
Q7048920,4
Q1983265,4
Q1523279,4
Q16798524,4
Q29369110,4
Q519302,4
Q9325500,4
Q22084735,4
Q2223631,4
Q21855050,4
Q20031260,4
Q1403377,4
Q35784031,4
Q7268334,4
Q522171,4
Q2797134,4
Q272990,4
Q3057773,4
Q1281153,4
Q18386893,4
Q1526856,4
Q2308166,4
Q748,4
Q40112,4
Q1970779,4
Q14525372,4
Q389581,4
Q1125776,4
Q419287,4
Q903444,4
Q1161355,4
Q1492077,4
Q478829,4
Q3236487,4
Q207781,4
Q14502276,4
Q1384330,4
Q2974842,4
Q24336341,4
Q1033951,4
Q909363,4
Q2945276,4
Q15633137,4
Q1369318,4
Q191529,4
Q522124,4
Q27862016,4
Q1266922,4
Q5616099,4
Q29598143,4
Q17553950,4
Q3445707,4
Q1852785,4
Q21073029,4
Q16670557,4
Q7982,4
Q3757113,4
Q4318321,4
Q1406909,4
Q3967972,4
Q2887138,4
Q2991177,4
Q5474012,4
Q4426692,4
Q3816545,4
Q3559383,4
Q3622149,4
Q280686,4
Q964287,4
Q725151,4
Q13233,4
Q4279251,4
Q691358,4
Q17411813,4
Q27517161,4
Q4318083,4
Q11784935,4
Q21818579,4
Q619671,4
Q27518260,4
Q862490,4
Q610559,4
Q1172486,4
Q15709880,4
Q1359152,4
Q4857984,4
Q313354,4
Q986172,4
Q744729,4
Q2919327,4
Q5883958,4
Q1415395,4
Q1973915,4
Q5899626,4
Q1783592,4
Q19896838,4
Q2108946,4
Q3125101,4
Q13557414,4
Q507443,4
Q16911759,4
Q19362195,4
Q1545795,4
Q16334445,4
Q4232629,4
Q852027,4
Q30061036,4
Q132072,4
Q459555,4
Q515716,4
Q7604410,4
Q6459091,4
Q28864179,4
Q1295240,4
Q7689673,4
Q6546372,4
Q25343640,4
Q498635,4
Q149069,4
Q13107170,4
Q19394283,4
Q46952,4
Q2915520,4
Q682582,4
Q23729754,4
Q5164321,4
Q6027980,4
Q2092884,4
Q593485,4
Q1461523,4
Q657596,4
Q75848,4
Q1815888,4
Q19656546,4
Q2120608,4
Q15618452,4
Q134052,4
Q11797572,4
Q212357,4
Q30057157,4
Q1501543,4
Q1716850,4
Q3074244,4
Q8349973,4
Q1121708,4
Q1026,4
Q1700422,4
Q1328412,4
Q12015578,4
Q1289455,4
Q36172923,4
Q25326,4
Q387893,4
Q253655,4
Q2708318,4
Q11092266,4
Q676,4
Q188063,4
Q11555325,4
Q23916,4
Q4817887,4
Q11520160,4
Q234646,4
Q5327704,4
Q17212024,4
Q1313442,4
Q28829877,4
Q26354,4
Q87248,4
Q1160621,4
Q893219,4
Q320002,4
Q11696869,4
Q4992374,4
Q5737,4
Q1897960,4
Q11650,4
Q17166802,4
Q745404,4
Q12798874,4
Q443767,4
Q5054827,4
Q1142227,4
Q596073,4
Q20739124,4
Q1425553,4
Q13785326,4
Q1205271,4
Q1331926,4
Q2883183,4
Q16203068,4
Q19255325,4
Q183888,4
Q7100108,4
Q1640765,4
Q13221816,4
Q22833318,4
Q37517,4
Q289760,4
Q11024,4
Q3074669,4
Q150302,4
Q17319540,4
Q1259359,4
Q504106,4
Q221911,4
Q4358873,4
Q271860,4
Q10685482,4
Q1693568,4
Q2052886,4
Q898943,4
Q2230431,4
Q336371,4
Q36715,4
Q23498,4
Q1137726,4
Q453745,4
Q2537526,4
Q1661253,4
Q16764907,4
Q20995014,4
Q1434958,4
Q28199773,4
Q212071,4
Q926331,4
Q4436931,4
Q2389905,4
Q27689085,4
Q2191999,4
Q6047382,4
Q3977830,4
Q1926035,4
Q1349065,4
Q22661409,4
Q13464614,4
Q536351,4
Q1683169,4
Q42320,4
Q816265,4
Q18287022,4
Q5883492,4
Q156137,4
Q838122,4
Q1340118,4
Q21193581,4
Q778491,4
Q844326,4
Q1131388,4
Q37136268,4
Q5618454,4
Q1339862,4
Q20743940,4
Q21711119,4
Q21803186,4
Q21044519,4
Q3537172,4
Q25530424,4
Q2459045,4
Q23009,4
Q4086495,4
Q364005,4
Q19969434,4
Q36649,4
Q2094773,4
Q11170170,4
Q3068953,4
Q90747,4
Q177220,4
Q3799953,4
Q1347298,4
Q550609,4
Q76574,4
Q520163,4
Q564417,4
Q23790276,4
Q12149174,4
Q30082664,4
Q23958852,4
Q16987217,4
Q3406648,4
Q15121559,4
Q10855222,4
Q6497460,4
Q23069403,4
Q187768,4
Q1961044,4
Q30056283,4
Q7023752,4
Q30160620,4
Q272882,4
Q848342,4
Q146198,4
Q26805199,4
Q1137738,4
Q1163330,4
Q39425,4
Q129650,4
Q27044174,4
Q2373063,4
Q1795567,4
Q2255924,4
Q2522275,4
Q1683165,4
Q3883247,4
Q772605,4
Q2102236,4
Q2102220,4
Q27030988,4
Q2694917,4
Q1412263,4
Q3491315,4
Q12056067,4
Q81944,4
Q172937,4
Q44424,4
Q488383,4
Q27968522,4
Q2066197,4
Q173271,4
Q18345818,4
Q19902850,4
Q799425,4
Q196342,4
Q1122508,4
Q386952,4
Q27159104,4
Q625656,4
Q2261391,4
Q2992149,4
Q915683,4
Q28948056,4
Q571709,4
Q201097,4
Q961867,4
Q3259342,4
Q2887585,4
Q20726216,4
Q308697,4
Q169031,4
Q378845,4
Q897,4
Q29881512,4
Q514553,4
Q285759,4
Q958210,4
Q46855,4
Q30055990,4
Q30159256,4
Q3755810,4
Q2954807,4
Q30504307,4
Q860918,4
Q251958,4
Q28464970,4
Q23900202,4
Q6765524,4
Q243303,4
Q43262,4
Q1775867,4
Q28922858,4
Q1140229,4
Q188009,4
Q1054444,4
Q1142835,4
Q220635,4
Q182559,4
Q299252,4
Q15916197,4
Q1255669,4
Q18709556,4
Q842332,4
Q4176199,4
Q3548048,4
Q9180320,4
Q5465729,4
Q591615,4
Q1738241,4
Q1130875,4
Q581861,4
Q815423,4
Q11379,4
Q770723,4
Q2142568,4
Q3951891,4
Q485537,4
Q1412362,4
Q1269749,4
Q170474,4
Q4262,4
Q16823155,4
Q1307777,4
Q1055271,4
Q1363715,4
Q9114,4
Q131510,4
Q20888692,4
Q7231588,4
Q2373676,4
Q805144,4
Q4153440,4
Q774901,4
Q1165574,4
Q3276139,4
Q1326028,4
Q2216149,4
Q24091098,4
Q883323,4
Q2265017,4
Q1643682,4
Q1714800,4
Q504874,4
Q1649288,4
Q11661,4
Q28042933,4
Q1739217,4
Q1347864,4
Q15097957,4
Q11632531,4
Q23465252,4
Q4668360,4
Q3112083,4
Q13534116,4
Q668109,4
Q1080415,4
Q4942969,4
Q1367,4
Q485762,4
Q30057173,4
Q16986328,4
Q215928,4
Q4234997,4
Q431197,4
Q1922704,4
Q2943071,4
Q2496164,4
Q1229659,4
Q21848887,4
Q2425693,4
Q1995838,4
Q506412,4
Q264542,4
Q20050667,4
Q1512068,4
Q2169710,4
Q2862231,4
Q1241356,4
Q1686146,4
Q2955194,4
Q1662634,4
Q1677377,4
Q4806271,4
Q4389865,4
Q15410688,4
Q16659597,4
Q1184244,4
Q1507104,4
Q259037,4
Q27825487,4
Q3602052,4
Q3654557,4
Q11775750,4
Q608,4
Q18596079,4
Q18225059,4
Q104309,4
Q3724053,4
Q22074477,4
Q2260809,4
Q1143706,4
Q4737503,4
Q583461,4
Q21554881,4
Q13936780,4
Q18487018,4
Q4571771,4
Q1735570,4
Q959968,4
Q213541,4
Q5756064,4
Q3504641,4
Q20898399,4
Q7433676,4
Q744778,4
Q5421693,4
Q1153401,4
Q29652773,4
Q16895517,4
Q1140700,4
Q29971890,4
Q19857028,4
Q24659969,4
Q191328,4
Q10436265,4
Q849965,4
Q165107,4
Q1116508,4
Q2740933,4
Q23925100,4
Q1542711,4
Q349967,4
Q200092,4
Q3078732,4
Q896426,4
Q3042958,4
Q1944274,4
Q400857,4
Q841738,4
Q15710001,4
Q265881,4
Q10300916,4
Q21973915,4
Q17292121,4
Q128207,4
Q16911866,4
Q1266381,4
Q1073205,4
Q27193297,4
Q820144,4
Q2317199,4
Q785632,4
Q6513371,4
Q1385549,4
Q7252,4
Q15931405,4
Q15982377,4
Q13411354,4
Q1190552,4
Q1619410,4
Q23498144,4
Q22231114,4
Q20962530,4
Q260568,4
Q12759813,4
Q21344696,4
Q21441995,4
Q28031555,4
Q1895274,4
Q731966,4
Q21064910,4
Q26694303,4
Q22008927,4
Q2358057,4
Q17017794,4
Q21092604,4
Q15296811,4
Q26714841,4
Q147417,4
Q23056934,4
Q30061165,4
Q867246,4
Q27166183,4
Q919196,4
Q1235234,4
Q2255921,4
Q7302334,4
Q27713372,4
Q1683166,4
Q748576,4
Q2694918,4
Q27924973,4
Q51406,4
Q24691710,4
Q27990795,4
Q193979,4
Q1059863,4
Q1149531,4
Q81982,4
Q29640790,4
Q6583973,4
Q9510,4
Q24748034,4
Q30559599,4
Q194980,4
Q15726229,4
Q20975686,4
Q252266,4
Q878070,4
Q1332193,4
Q753058,4
Q557677,4
Q3110808,4
Q35120,4
Q2182191,4
Q22343540,4
Q7225113,4
Q29033733,4
Q24012047,4
Q1135885,4
Q2961694,4
Q834459,4
Q494002,4
Q320757,4
Q1370066,4
Q1728211,4
Q15618491,4
Q273613,4
Q421702,4
Q333542,4
Q5017835,4
Q3045966,4
Q15628654,4
Q2737008,4
Q19359564,4
Q29480132,4
Q1812889,4
Q2692250,4
Q5567091,4
Q20982704,4
Q25395917,4
Q7093592,4
Q13582719,4
Q137959,4
Q212327,4
Q500622,4
Q972011,4
Q3622170,4
Q7619063,4
Q27430202,4
Q1191549,3
Q244381,3
Q183342,3
Q15629146,3
Q2755547,3
Q6915,3
Q505748,3
Q3267675,3
Q3488975,3
Q35785773,3
Q2743798,3
Q15614005,3
Q1780389,3
Q21595855,3
Q3041498,3
Q176494,3
Q5082128,3
Q318028,3
Q287464,3
Q273182,3
Q502102,3
Q2398229,3
Q1825417,3
Q191600,3
Q22927616,3
Q15623255,3
Q17297619,3
Q10616395,3
Q1323528,3
Q1661730,3
Q33705,3
Q25448,3
Q14860523,3
Q1350310,3
Q25257,3
Q1414565,3
Q877988,3
Q1401485,3
Q52105,3
Q10860585,3
Q11430,3
Q6083725,3
Q18287076,3
Q1621824,3
Q6636777,3
Q49457,3
Q8501237,3
Q1075404,3
Q187661,3
Q1044880,3
Q864135,3
Q24364,3
Q93441,3
Q471855,3
Q1109500,3
Q82991,3
Q884030,3
Q37105,3
Q15285626,3
Q732744,3
Q1445275,3
Q1059048,3
Q7653906,3
Q5043,3
Q25047642,3
Q299296,3
Q360418,3
Q348120,3
Q728502,3
Q283057,3
Q542797,3
Q422584,3
Q11424100,3
Q20530221,3
Q66221,3
Q1064905,3
Q58344,3
Q864113,3
Q134862,3
Q321263,3
Q1431781,3
Q7208,3
Q1156402,3
Q7378971,3
Q183252,3
Q190816,3
Q1149061,3
Q2475641,3
Q329477,3
Q15075845,3
Q12147,3
Q1047409,3
Q160047,3
Q127980,3
Q24238543,3
Q28873709,3
Q11197,3
Q2336387,3
Q565767,3
Q23774077,3
Q1734,3
Q3500606,3
Q15076965,3
Q6949155,3
Q218631,3
Q2058206,3
Q7401,3
Q25297051,3
Q4625944,3
Q107685,3
Q159579,3
Q16146522,3
Q1907150,3
Q29473497,3
Q986177,3
Q252132,3
Q1779157,3
Q1736393,3
Q208701,3
Q606196,3
Q28923911,3
Q132629,3
Q24336784,3
Q315469,3
Q14524031,3
Q1635663,3
Q8025,3
Q31645,3
Q688498,3
Q339072,3
Q23465247,3
Q1360597,3
Q3293106,3
Q517842,3
Q55492,3
Q1739398,3
Q837556,3
Q5856,3
Q932522,3
Q7386,3
Q1146448,3
Q11079271,3
Q26958712,3
Q388505,3
Q26250690,3
Q2304773,3
Q643669,3
Q826939,3
Q3671179,3
Q831454,3
Q186408,3
Q300951,3
Q6460572,3
Q25114203,3
Q997621,3
Q190512,3
Q102798,3
Q133250,3
Q191154,3
Q409079,3
Q424891,3
Q142943,3
Q15921555,3
Q170196,3
Q3394166,3
Q194189,3
Q16947618,3
Q50686,3
Q20732358,3
Q228502,3
Q1069932,3
Q7248095,3
Q2477770,3
Q1367365,3
Q15091621,3
Q37147,3
Q40634,3
Q351389,3
Q11703741,3
Q15811601,3
Q149377,3
Q24336550,3
Q955452,3
Q5069563,3
Q30564537,3
Q28123288,3
Q2461104,3
Q169489,3
Q2342494,3
Q6164614,3
Q288653,3
Q754655,3
Q7112064,3
Q1479818,3
Q3209069,3
Q6949149,3
Q4002648,3
Q624968,3
Q3005961,3
Q1289462,3
Q1164991,3
Q36633,3
Q2164067,3
Q3032139,3
Q20732236,3
Q1527814,3
Q223655,3
Q24179252,3
Q28777452,3
Q763501,3
Q1445518,3
Q3540290,3
Q16893617,3
Q28121026,3
Q733088,3
Q362482,3
Q2138274,3
Q2144108,3
Q15614479,3
Q766663,3
Q727359,3
Q1933427,3
Q2794703,3
Q180287,3
Q267136,3
Q760716,3
Q2922469,3
Q20035766,3
Q4897819,3
Q792536,3
Q1521512,3
Q642946,3
Q2312440,3
Q724736,3
Q341174,3
Q799450,3
Q5303220,3
Q1156739,3
Q859281,3
Q17319258,3
Q15258291,3
Q2842304,3
Q175255,3
Q823267,3
Q242028,3
Q2607208,3
Q587144,3
Q3271886,3
Q577487,3
Q811936,3
Q527395,3
Q1205220,3
Q657709,3
Q203066,3
Q1671259,3
Q13392591,3
Q27147738,3
Q1924397,3
Q1145005,3
Q29014644,3
Q29972832,3
Q1323572,3
Q6982432,3
Q917362,3
Q3857794,3
Q121769,3
Q21817141,3
Q2964436,3
Q466602,3
Q18032959,3
Q5464477,3
Q3326403,3
Q80973,3
Q5349863,3
Q16861602,3
Q24702845,3
Q2915,3
Q830248,3
Q1073535,3
Q10715540,3
Q1391153,3
Q1103464,3
Q1434748,3
Q572931,3
Q12816951,3
Q580148,3
Q1966482,3
Q9418,3
Q1087219,3
Q7554269,3
Q3178414,3
Q273499,3
Q35779580,3
Q1200186,3
Q249027,3
Q1199041,3
Q17560541,3
Q1433428,3
Q190249,3
Q181014,3
Q2574750,3
Q29388,3
Q182868,3
Q30576544,3
Q2992463,3
Q182357,3
Q230262,3
Q4946305,3
Q28920160,3
Q15916867,3
Q1195354,3
Q2016362,3
Q42283,3
Q30062554,3
Q12149837,3
Q1572278,3
Q17297663,3
Q11111030,3
Q221175,3
Q6041439,3
Q2167372,3
Q244190,3
Q382844,3
Q2703,3
Q4422352,3
Q15206730,3
Q39646,3
Q203609,3
Q1622925,3
Q181802,3
Q1742059,3
Q876824,3
Q4204060,3
Q190117,3
Q5968272,3
Q1644266,3
Q26457,3
Q79925,3
Q2850068,3
Q1250656,3
Q1666941,3
Q4386060,3
Q1141263,3
Q2984694,3
Q27042463,3
Q1871103,3
Q1140046,3
Q1201871,3
Q2268776,3
Q14253637,3
Q638153,3
Q33002955,3
Q52047,3
Q2549140,3
Q2723123,3
Q1209504,3
Q1186399,3
Q467033,3
Q1330734,3
Q27865981,3
Q24491885,3
Q5570651,3
Q30057145,3
Q746800,3
Q6545498,3
Q15088954,3
Q5335134,3
Q646049,3
Q1353169,3
Q635386,3
Q22030032,3
Q2941177,3
Q2152583,3
Q15809483,3
Q154668,3
Q27276405,3
Q2396053,3
Q363511,3
Q1940466,3
Q180262,3
Q1315933,3
Q21083885,3
Q2401782,3
Q7930612,3
Q1056166,3
Q1743914,3
Q25377545,3
Q1334257,3
Q189539,3
Q665319,3
Q8866546,3
Q7448101,3
Q1309052,3
Q22341298,3
Q4368366,3
Q1796442,3
Q855451,3
Q864440,3
Q1232690,3
Q607695,3
Q30057170,3
Q16145172,3
Q193407,3
Q20995522,3
Q4697845,3
Q58697,3
Q15150553,3
Q2556222,3
Q2117448,3
Q26706967,3
Q117987,3
Q527,3
Q640482,3
Q15793143,3
Q1310296,3
Q1241535,3
Q5164076,3
Q157475,3
Q29167086,3
Q28538876,3
Q2537799,3
Q2000678,3
Q2914545,3
Q254128,3
Q233327,3
Q35855,3
Q1255145,3
Q2149669,3
Q1311792,3
Q14863388,3
Q3422045,3
Q2046594,3
Q19862851,3
Q5310234,3
Q3417021,3
Q15239753,3
Q3516861,3
Q2164374,3
Q768575,3
Q268195,3
Q1297859,3
Q815011,3
Q852049,3
Q2305039,3
Q1931185,3
Q2326317,3
Q14502780,3
Q6646525,3
Q154365,3
Q1828861,3
Q148057,3
Q472971,3
Q6942441,3
Q32053225,3
Q606304,3
Q440775,3
Q27678942,3
Q7130304,3
Q737460,3
Q1426493,3
Q8567987,3
Q248726,3
Q164811,3
Q2714144,3
Q1261571,3
Q124490,3
Q83093,3
Q31096183,3
Q755990,3
Q2636077,3
Q32012717,3
Q190167,3
Q836708,3
Q15618465,3
Q29968665,3
Q1047074,3
Q1575129,3
Q2736554,3
Q1516486,3
Q1146002,3
Q19960719,3
Q21606686,3
Q10817602,3
Q7604768,3
Q242606,3
Q1778220,3
Q14184491,3
Q5339,3
Q15266,3
Q2368137,3
Q846384,3
Q4226220,3
Q7886462,3
Q472134,3
Q184940,3
Q523562,3
Q4307465,3
Q1070938,3
Q1129261,3
Q1062445,3
Q2257348,3
Q2122677,3
Q1520460,3
Q3000009,3
Q1573278,3
Q29113513,3
Q12695,3
Q20060955,3
Q19884342,3
Q183951,3
Q2665914,3
Q3070242,3
Q7251282,3
Q2945326,3
Q3355475,3
Q6470127,3
Q4463341,3
Q13439060,3
Q28011260,3
Q13416228,3
Q1060449,3
Q179899,3
Q506,3
Q23039048,3
Q3092278,3
Q1421557,3
Q51632,3
Q4215416,3
Q665141,3
Q6502154,3
Q10680364,3
Q28886448,3
Q25964553,3
Q5155929,3
Q3327864,3
Q2622340,3
Q1550643,3
Q19979126,3
Q1131236,3
Q2971972,3
Q1755471,3
Q19883131,3
Q1527956,3
Q246593,3
Q1990654,3
Q6307419,3
Q3071343,3
Q2961813,3
Q242125,3
Q465821,3
Q14472286,3
Q1076882,3
Q47064,3
Q3592627,3
Q12131669,3
Q24183631,3
Q18870689,3
Q79460,3
Q4119268,3
Q3631948,3
Q3637509,3
Q3641095,3
Q893555,3
Q280924,3
Q3654487,3
Q173817,3
Q616093,3
Q1065,3
Q873000,3
Q299128,3
Q936601,3
Q2705141,3
Q3905636,3
Q39558,3
Q303329,3
Q674864,3
Q782673,3
Q2080820,3
Q7930614,3
Q1782356,3
Q1361661,3
Q2457903,3
Q16325409,3
Q12140784,3
Q1885380,3
Q956437,3
Q16540254,3
Q129535,3
Q3876655,3
Q2469348,3
Q2423399,3
Q3892507,3
Q3910062,3
Q103930,3
Q15943568,3
Q22694468,3
Q299299,3
Q4005763,3
Q2566071,3
Q5571369,3
Q3997430,3
Q3999433,3
Q4002130,3
Q4009220,3
Q4010154,3
Q4024918,3
Q4993329,3
Q6579042,3
Q220310,3
Q3739392,3
Q749607,3
Q4898898,3
Q2537745,3
Q14654732,3
Q1632481,3
Q1496456,3
Q620509,3
Q476204,3
Q455315,3
Q5535575,3
Q623544,3
Q1443933,3
Q2600744,3
Q10296418,3
Q1438414,3
Q29113488,3
Q12925482,3
Q1553339,3
Q1363963,3
Q1365947,3
Q2095057,3
Q221740,3
Q765633,3
Q73605,3
Q19798642,3
Q7284034,3
Q361909,3
Q5153967,3
Q467557,3
Q1716124,3
Q25383554,3
Q294308,3
Q3952790,3
Q537896,3
Q3223176,3
Q24016079,3
Q7011682,3
Q3494258,3
Q11077163,3
Q2110808,3
Q29492455,3
Q1206110,3
Q1568313,3
Q19842071,3
Q13586663,3
Q17627355,3
Q5290,3
Q3610527,3
Q309162,3
Q7417961,3
Q3682992,3
Q4321,3
Q5414,3
Q2388316,3
Q27350130,3
Q124900,3
Q5018256,3
Q2460972,3
Q899514,3
Q472577,3
Q11312555,3
Q1092499,3
Q15277759,3
Q2995267,3
Q182413,3
Q15905013,3
Q2207959,3
Q131257,3
Q842729,3
Q379825,3
Q13200882,3
Q3719250,3
Q28035625,3
Q911551,3
Q28969936,3
Q20733701,3
Q30155836,3
Q5357459,3
Q6313551,3
Q7899050,3
Q33005,3
Q489523,3
Q134851,3
Q1147007,3
Q5369,3
Q54366,3
Q7380012,3
Q91764,3
Q1774662,3
Q20921447,3
Q1069300,3
Q484876,3
Q4530436,3
Q1249724,3
Q1344463,3
Q650761,3
Q7631643,3
Q759787,3
Q207804,3
Q17148672,3
Q899003,3
Q27557196,3
Q18149007,3
Q91717,3
Q832266,3
Q5727891,3
Q18646422,3
Q129656,3
Q167296,3
Q4783734,3
Q30168388,3
Q1509884,3
Q193073,3
Q2240172,3
Q17085418,3
Q5156780,3
Q3771516,3
Q1370468,3
Q36224,3
Q3064579,3
Q28643,3
Q20488952,3
Q7852950,3
Q468846,3
Q5459929,3
Q7993,3
Q36101,3
Q831589,3
Q1137896,3
Q1391417,3
Q686699,3
Q253275,3
Q1266076,3
Q244793,3
Q1975652,3
Q6678978,3
Q2048022,3
Q3559625,3
Q1638013,3
Q1595171,3
Q6731509,3
Q884687,3
Q685762,3
Q21088131,3
Q8059337,3
Q5283496,3
Q1004415,3
Q6821765,3
Q2839017,3
Q7315473,3
Q14026181,3
Q188460,3
Q1062990,3
Q3246353,3
Q22575704,3
Q482919,3
Q5572348,3
Q481394,3
Q6545508,3
Q1464168,3
Q6666830,3
Q21282148,3
Q7308408,3
Q1332544,3
Q1262537,3
Q1742009,3
Q3184407,3
Q7315474,3
Q17015330,3
Q650027,3
Q1493223,3
Q1324793,3
Q2086896,3
Q11072992,3
Q8066,3
Q23501,3
Q4931504,3
Q635155,3
Q18758641,3
Q868119,3
Q1645999,3
Q24565470,3
Q933916,3
Q24718538,3
Q30057179,3
Q30057155,3
Q30057150,3
Q30301646,3
Q29970877,3
Q29970126,3
Q28064704,3
Q30057182,3
Q24292618,3
Q3933727,3
Q354341,3
Q6190035,3
Q4230006,3
Q4989363,3
Q12252328,3
Q29957815,3
Q283024,3
Q4727645,3
Q43238,3
Q12298619,3
Q5559589,3
Q170496,3
Q185902,3
Q1146001,3
Q157875,3
Q853409,3
Q1055894,3
Q1172587,3
Q20203641,3
Q3369996,3
Q4826455,3
Q21039252,3
Q17376165,3
Q10624764,3
Q193327,3
Q10655196,3
Q10541153,3
Q10853917,3
Q914711,3
Q11325969,3
Q1932016,3
Q9337566,3
Q15547961,3
Q189929,3
Q190502,3
Q17516,3
Q2386338,3
Q11248153,3
Q11424378,3
Q37707,3
Q11564158,3
Q5358913,3
Q517386,3
Q11424358,3
Q16141944,3
Q877834,3
Q823571,3
Q2495,3
Q15284634,3
Q129691,3
Q3653635,3
Q146728,3
Q12049935,3
Q4234303,3
Q2615588,3
Q10827272,3
Q272851,3
Q3356664,3
Q787078,3
Q22704163,3
Q1011110,3
Q18042485,3
Q586726,3
Q16578059,3
Q33741,3
Q506369,3
Q1087624,3
Q12269900,3
Q279101,3
Q1917626,3
Q842256,3
Q41966,3
Q909640,3
Q69581,3
Q2667413,3
Q1194480,3
Q42132,3
Q14941249,3
Q6418246,3
Q2299007,3
Q7103282,3
Q3650629,3
Q13021148,3
Q21029979,3
Q4517704,3
Q15300809,3
Q18592472,3
Q15852856,3
Q14504738,3
Q162657,3
Q751471,3
Q923805,3
Q387513,3
Q946960,3
Q3714489,3
Q1051522,3
Q2956172,3
Q4236315,3
Q317167,3
Q250538,3
Q1157625,3
Q3328774,3
Q20867225,3
Q8031137,3
Q15715425,3
Q4354622,3
Q5093345,3
Q2058283,3
Q5392830,3
Q1189275,3
Q1414773,3
Q7269229,3
Q558266,3
Q1296849,3
Q1273299,3
Q7315014,3
Q30167705,3
Q133212,3
Q1714118,3
Q15782487,3
Q3062289,3
Q1206071,3
Q553,3
Q1542173,3
Q63944,3
Q739589,3
Q20643394,3
Q186286,3
Q15285702,3
Q2607596,3
Q4462013,3
Q3001437,3
Q913063,3
Q1632867,3
Q254036,3
Q18644427,3
Q2145117,3
Q1190880,3
Q15901504,3
Q2813889,3
Q783287,3
Q5963034,3
Q337902,3
Q20257582,3
Q15411990,3
Q185387,3
Q29048715,3
Q16509825,3
Q163041,3
Q16537467,3
Q1158416,3
Q583593,3
Q185674,3
Q191019,3
Q16619993,3
Q372881,3
Q1137656,3
Q5260552,3
Q19793988,3
Q2998465,3
Q779922,3
Q21076195,3
Q2341353,3
Q2567147,3
Q2531956,3
Q207822,3
Q3507268,3
Q7137435,3
Q11613006,3
Q4686479,3
Q594550,3
Q16690653,3
Q587992,3
Q3315399,3
Q17626330,3
Q42884,3
Q1137550,3
Q1209093,3
Q51393,3
Q849350,3
Q3889661,3
Q28902389,3
Q1630480,3
Q1817647,3
Q2828314,3
Q3565782,3
Q17480908,3
Q16747666,3
Q2954947,3
Q1261210,3
Q2162442,3
Q61951,3
Q19841488,3
Q3935703,3
Q936915,3
Q24456225,3
Q17354578,3
Q1622604,3
Q2061246,3
Q1967745,3
Q2046560,3
Q82171,3
Q2309418,3
Q16014225,3
Q18324679,3
Q502948,3
Q2367628,3
Q11873437,3
Q80949,3
Q63538,3
Q1138598,3
Q293791,3
Q946033,3
Q5030557,3
Q629257,3
Q2089090,3
Q2067349,3
Q18815100,3
Q28531129,3
Q12525553,3
Q89778,3
Q907356,3
Q2033233,3
Q3342937,3
Q12713601,3
Q1788442,3
Q213371,3
Q1363360,3
Q1061403,3
Q27032347,3
Q8463304,3
Q16303826,3
Q214856,3
Q25309,3
Q2217569,3
Q5227515,3
Q18406281,3
Q609588,3
Q19670732,3
Q1780244,3
Q2359691,3
Q6125853,3
Q6094977,3
Q5762366,3
Q140565,3
Q1434805,3
Q811844,3
Q21071144,3
Q3812756,3
Q30246557,3
Q2248883,3
Q81741,3
Q2260125,3
Q19284408,3
Q15781235,3
Q29513613,3
Q8191795,3
Q22231115,3
Q10988986,3
Q1847455,3
Q3589610,3
Q251092,3
Q4671286,3
Q3932235,3
Q2236597,3
Q219469,3
Q19577496,3
Q1794067,3
Q749310,3
Q11868379,3
Q3064259,3
Q2249216,3
Q18215934,3
Q15552744,3
Q1716680,3
Q21400465,3
Q220715,3
Q212527,3
Q423042,3
Q2639596,3
Q68763,3
Q4897108,3
Q793688,3
Q517614,3
Q516804,3
Q26698435,3
Q22116012,3
Q6235,3
Q160402,3
Q18359247,3
Q21167233,3
Q47223,3
Q2298529,3
Q7618284,3
Q28953,3
Q21510495,3
Q2552040,3
Q512814,3
Q156389,3
Q12341378,3
Q21802284,3
Q27907810,3
Q15943603,3
Q22026039,3
Q22810574,3
Q967448,3
Q21998398,3
Q3002774,3
Q1956113,3
Q15829892,3
Q11626975,3
Q12299851,3
Q417625,3
Q22669539,3
Q35694,3
Q15284824,3
Q2998536,3
Q22666610,3
Q2466889,3
Q22669938,3
Q11469230,3
Q24261516,3
Q1194749,3
Q19605976,3
Q857421,3
Q595801,3
Q2014576,3
Q194322,3
Q1161707,3
Q23727520,3
Q1209188,3
Q911379,3
Q1428143,3
Q23058951,3
Q17851719,3
Q5061188,3
Q22969563,3
Q226517,3
Q181336,3
Q13404394,3
Q30249889,3
Q615994,3
Q1190668,3
Q10433129,3
Q24047813,3
Q61476,3
Q513359,3
Q24200131,3
Q18325483,3
Q18011171,3
Q24309558,3
Q15028038,3
Q409538,3
Q17064522,3
Q24577890,3
Q1550537,3
Q6761682,3
Q3363029,3
Q546249,3
Q1438073,3
Q19759704,3
Q28130146,3
Q1050744,3
Q7606662,3
Q25395833,3
Q25395895,3
Q23069401,3
Q23069363,3
Q23069393,3
Q23069400,3
Q9093938,3
Q11914069,3
Q1391249,3
Q6516222,3
Q684740,3
Q4259259,3
Q769493,3
Q694417,3
Q235790,3
Q27921634,3
Q21931651,3
Q156606,3
Q384001,3
Q289,3
Q1739809,3
Q30057181,3
Q30057132,3
Q2872366,3
Q30062235,3
Q30057138,3
Q824271,3
Q2673976,3
Q60129,3
Q166777,3
Q3921385,3
Q5154974,3
Q4443691,3
Q163831,3
Q11832170,3
Q646164,3
Q47161,3
Q2439424,3
Q21030967,3
Q12573007,3
Q125977,3
Q5173771,3
Q1916585,3
Q26869427,3
Q93842,3
Q2955202,3
Q628703,3
Q13425787,3
Q22008975,3
Q1762975,3
Q33526,3
Q1584340,3
Q192504,3
Q2990690,3
Q2955100,3
Q1713,3
Q2659272,3
Q860750,3
Q668500,3
Q29167476,3
Q29167475,3
Q29167495,3
Q29646039,3
Q30056331,3
Q11685588,3
Q6961869,3
Q4357531,3
Q5656067,3
Q1151519,3
Q27612211,3
Q19486885,3
Q3293444,3
Q30082250,3
Q849305,3
Q187909,3
Q2542283,3
Q1796457,3
Q19605429,3
Q2694911,3
Q2633778,3
Q966002,3
Q25381630,3
Q155234,3
Q16621678,3
Q131524,3
Q1020994,3
Q3397659,3
Q4422582,3
Q7431132,3
Q188298,3
Q4474736,3
Q244813,3
Q4851628,3
Q30057160,3
Q1231764,3
Q30057163,3
Q30076076,3
Q1457198,3
Q30105218,3
Q1187491,3
Q278425,3
Q499650,3
Q2951202,3
Q2999892,3
Q792304,3
Q3240521,3
Q230855,3
Q213156,3
Q9950,3
Q194431,3
Q1313396,3
Q28794013,3
Q1416173,3
Q1074550,3
Q1764608,3
Q26853769,3
Q20523018,3
Q486839,3
Q28792027,3
Q20350,3
Q836517,3
Q7145005,3
Q2488579,3
Q504703,3
Q149553,3
Q4927953,3
Q899079,3
Q3809453,3
Q163025,3
Q175768,3
Q392565,3
Q1427510,3
Q3579004,3
Q152475,3
Q388428,3
Q16976295,3
Q4966053,3
Q29167884,3
Q16664202,3
Q11175039,3
Q9391457,3
Q16680311,3
Q168432,3
Q1428686,3
Q849359,3
Q1283177,3
Q30106829,3
Q2912707,3
Q1354040,3
Q1164918,3
Q661199,3
Q1662735,3
Q12065480,3
Q392326,3
Q5317423,3
Q3257925,3
Q750605,3
Q103480,3
Q58959,3
Q39235,3
Q677371,3
Q43088,3
Q30057144,3
Q30104588,3
Q29905212,3
Q29944450,3
Q2852249,3
Q29970009,3
Q1683305,3
Q5457615,3
Q29983421,3
Q30076785,3
Q8564988,3
Q1316027,3
Q30065101,3
Q2072630,3
Q13360095,3
Q81881,3
Q18413542,3
Q30249655,3
Q8195562,3
Q215857,3
Q156219,3
Q626510,3
Q19862845,3
Q1474521,3
Q30813713,3
Q222560,3
Q591305,3
Q810198,3
Q12055686,3
Q391777,3
Q15883375,3
Q20182534,3
Q1919815,3
Q22978020,3
Q7247911,3
Q1394441,3
Q30242884,3
Q500548,3
Q2492014,3
Q192783,3
Q1520223,3
Q15995642,3
Q661936,3
Q672729,3
Q183273,3
Q29556224,3
Q1188986,3
Q322348,3
Q102205,3
Q11471,3
Q2088753,3
Q33120876,3
Q17308006,3
Q3491429,3
Q11386,3
Q4056382,3
Q17266843,3
Q14514346,3
Q809871,3
Q969040,3
Q33838,3
Q1109638,3
Q15446690,3
Q1264458,3
Q1141323,3
Q4153444,3
Q7424019,3
Q17512228,3
Q344836,3
Q7180402,3
Q1976531,3
Q186161,3
Q816210,3
Q689863,3
Q2916289,3
Q1664473,3
Q1497019,3
Q2984210,3
Q2799651,3
Q1549319,3
Q28532285,3
Q763779,3
Q1896989,3
Q1209403,3
Q1669370,3
Q617347,3
Q7805266,3
Q608582,3
Q79751,3
Q11854279,3
Q55542,3
Q182270,3
Q1460219,3
Q333109,3
Q2558591,3
Q16481846,3
Q7252591,3
Q18359031,3
Q35395,3
Q202474,3
Q216888,3
Q37025296,3
Q412869,3
Q1193453,3
Q2142754,3
Q6083496,3
Q129532,3
Q1097775,3
Q491040,3
Q1055911,3
Q659390,3
Q20732232,3
Q267416,3
Q510878,3
Q2026594,3
Q1033904,3
Q3354019,3
Q5162901,3
Q309398,3
Q1425942,3
Q1780133,3
Q1351368,3
Q2399626,3
Q11753232,3
Q190304,3
Q24045957,3
Q20724797,3
Q489913,3
Q422106,3
Q1883967,3
Q17128217,3
Q23852,3
Q18325841,3
Q226697,3
Q593428,3
Q26262142,3
Q2208411,3
Q1368086,3
Q8492,3
Q1051557,3
Q992060,3
Q414128,3
Q16465962,3
Q42918,3
Q1804249,3
Q30461,3
Q529927,3
Q15774553,3
Q17305180,3
Q26262119,3
Q1897717,3
Q10729326,3
Q3588091,3
Q582000,3
Q813672,3
Q678276,3
Q37868,3
Q3879385,3
Q1201097,3
Q17080472,3
Q10426,3
Q29643051,3
Q832435,3
Q697738,3
Q839463,3
Q18710179,3
Q3537778,3
Q675594,3
Q425779,3
Q345307,3
Q221726,3
Q7205721,3
Q1448081,3
Q574582,3
Q3502645,3
Q4034417,3
Q1519138,3
Q17285,3
Q1401497,3
Q28648649,3
Q971822,3
Q12643856,3
Q1788752,3
Q50048,3
Q32585054,3
Q123733,3
Q673218,3
Q730920,3
Q18811462,3
Q5157320,3
Q1757070,3
Q222516,3
Q271977,3
Q17320256,3
Q3465,3
Q569205,3
Q353163,3
Q20669579,3
Q7829892,3
Q1078913,3
Q2298435,3
Q151411,3
Q33188368,3
Q2016031,3
Q2824645,3
Q281473,3
Q612694,3
Q430728,3
Q339828,3
Q6423319,3
Q12176345,3
Q1132455,3
Q5178058,3
Q1073015,3
Q946479,3
Q1597339,3
Q23011975,3
Q178340,3
Q1780633,3
Q1201922,3
Q26972858,3
Q28659193,3
Q460058,3
Q521983,3
Q2068688,3
Q4202,3
Q1972766,3
Q5967378,3
Q1332643,3
Q622358,3
Q293849,3
Q205555,3
Q1476801,3
Q5457555,3
Q221290,3
Q192532,3
Q439072,3
Q482816,3
Q1416296,3
Q841751,3
Q796821,3
Q19191604,3
Q11821162,3
Q25391823,3
Q1495174,3
Q2312129,3
Q253836,3
Q889137,3
Q10411887,3
Q754488,3
Q657819,3
Q1543554,3
Q3496485,3
Q885506,3
Q1967540,3
Q1734300,3
Q190578,3
Q1757209,3
Q1311569,3
Q19816651,3
Q174030,3
Q19857417,3
Q208145,3
Q10509765,3
Q81715,3
Q1517875,3
Q473935,3
Q24715411,3
Q2750727,3
Q2539416,3
Q671024,3
Q2383811,3
Q21528797,3
Q3962655,3
Q3685430,3
Q666242,3
Q1521075,3
Q278368,3
Q748995,3
Q63759,3
Q1981381,3
Q279650,3
Q3003153,3
Q29032804,3
Q1370860,3
Q3248567,3
Q188506,3
Q1568,3
Q848034,3
Q1864008,3
Q1933595,3
Q17281294,3
Q5100963,3
Q15629444,3
Q2034054,3
Q339678,3
Q14752002,3
Q21499020,3
Q467578,3
Q181414,3
Q17373496,3
Q25183395,3
Q23037160,3
Q17698911,3
Q2839930,3
Q113603,3
Q179991,3
Q890239,3
Q1365365,3
Q1501336,3
Q16874643,3
Q1520456,3
Q19537,3
Q25503439,3
Q592856,3
Q24334685,3
Q13098211,3
Q4400800,3
Q3800418,3
Q103163,3
Q4982215,3
Q16830702,3
Q440985,3
Q2455293,3
Q3575975,3
Q192639,3
Q170417,3
Q23400,3
Q1236923,3
Q865693,3
Q211201,3
Q20822063,3
Q1565828,3
Q2950809,3
Q39399,3
Q3184641,3
Q19844986,3
Q2961819,3
Q7933191,3
Q3033613,3
Q26911592,3
Q1266034,3
Q1792623,3
Q1233460,3
Q354556,3
Q173095,3
Q186638,3
Q572371,3
Q6543175,3
Q2024419,3
Q158646,3
Q11426,3
Q654383,3
Q1762314,3
Q653598,3
Q157575,3
Q131288,3
Q34706,3
Q17173641,3
Q19845304,3
Q1541580,3
Q22814978,3
Q21062380,3
Q25535282,3
Q716943,3
Q781123,3
Q2637785,3
Q15258243,3
Q299423,3
Q1526848,3
Q22712599,3
Q565448,3
Q20080483,3
Q931483,3
Q9170626,3
Q3705105,3
Q1211057,3
Q9305769,3
Q20642576,3
Q1607760,3
Q1668431,3
Q2542177,3
Q192613,3
Q3935780,3
Q3954502,3
Q3960070,3
Q6658760,3
Q3967100,3
Q2561875,3
Q299658,3
Q3981270,3
Q3983735,3
Q2642799,3
Q3883157,3
Q348,3
Q2139378,3
Q4070722,3
Q2095374,3
Q1021686,3
Q4056979,3
Q4191407,3
Q3648909,3
Q461524,3
Q6624990,3
Q121571,3
Q1350108,3
Q17146090,3
Q4114481,3
Q850281,3
Q4976422,3
Q1123036,3
Q83207,3
Q1045785,3
Q263668,3
Q815741,3
Q2502723,3
Q863009,3
Q4940739,3
Q945405,3
Q127924,3
Q25544454,3
Q23905067,3
Q12008694,3
Q3684595,3
Q5356385,3
Q1481677,3
Q1094654,3
Q1498429,3
Q37930,3
Q274988,3
Q637345,3
Q653401,3
Q1404722,3
Q29487505,3
Q4039206,3
Q1472288,3
Q10359762,3
Q3370097,3
Q892562,3
Q82,3
Q229765,3
Q3455647,3
Q1149964,3
Q2996615,3
Q137655,3
Q16058377,3
Q278912,3
Q5056668,3
Q37853,3
Q208542,3
Q853547,3
Q18096903,3
Q16186061,3
Q2237584,3
Q3404820,3
Q2935239,3
Q12061344,3
Q176140,3
Q7096347,3
Q1352071,3
Q4204495,3
Q1996993,3
Q423197,3
Q28864717,3
Q29003745,3
Q29925,3
Q7292715,3
Q473473,3
Q2364,3
Q3917196,3
Q957394,3
Q308857,3
Q1274965,3
Q858330,3
Q28966302,3
Q5001855,3
Q3778211,3
Q3831847,3
Q10687729,3
Q333904,3
Q997267,3
Q19833749,3
Q30106090,3
Q17318469,3
Q5192915,3
Q18285253,3
Q36484,3
Q1261230,3
Q4752279,3
Q379605,3
Q591154,3
Q5975567,3
Q21075823,3
Q11985689,3
Q4356879,3
Q5594490,3
Q2397485,3
Q624580,3
Q1626455,3
Q1776543,3
Q27876082,3
Q1421582,3
Q15838706,3
Q2116414,3
Q10595016,3
Q1077388,3
Q10493486,3
Q183976,3
Q841983,3
Q1675302,3
Q163060,3
Q6452274,3
Q15149436,3
Q145939,3
Q1852166,3
Q3751111,3
Q17516966,3
Q1045593,3
Q7293358,3
Q11378690,3
Q1049294,3
Q491916,3
Q2503193,3
Q11640472,3
Q30321648,3
Q178138,3
Q25450488,3
Q1140363,3
Q5705,3
Q959362,3
Q377258,3
Q718,3
Q131696,3
Q1355654,3
Q585087,3
Q12314355,3
Q12350722,3
Q1125935,3
Q13149116,3
Q167412,3
Q8253,3
Q1034981,3
Q14942768,3
Q14701646,3
Q977382,3
Q13216950,3
Q5378582,3
Q387688,3
Q13476049,3
Q6458277,3
Q4998576,3
Q1151870,3
Q2065854,3
Q11841281,3
Q18588186,3
Q4667633,3
Q1492003,3
Q29898761,3
Q3610510,3
Q3722602,3
Q3972928,3
Q605396,3
Q15922837,3
Q15258691,3
Q2270699,3
Q264798,3
Q827890,3
Q21201,3
Q1075597,3
Q161459,3
Q1998302,3
Q1729493,3
Q15781206,3
Q21768299,3
Q701262,3
Q846481,3
Q431858,3
Q63535,3
Q980160,3
Q1537823,3
Q6813432,3
Q15055203,3
Q422638,3
Q3391957,3
Q2672736,3
Q1475534,3
Q13015156,3
Q2640329,3
Q505837,3
Q16271307,3
Q2916094,3
Q1780509,3
Q3390477,3
Q6134903,3
Q131087,3
Q860447,3
Q16620005,3
Q1202801,3
Q6304160,3
Q15629989,3
Q1759167,3
Q4771130,3
Q25894802,3
Q766875,3
Q892302,3
Q16971125,3
Q10879990,3
Q20826683,3
Q17188270,3
Q17277069,3
Q17298526,3
Q12253063,3
Q17305155,3
Q16857866,3
Q1476215,3
Q789975,3
Q208440,3
Q138,3
Q673220,3
Q210516,3
Q1016853,3
Q2304397,3
Q19311213,3
Q15650921,3
Q28746712,3
Q16784174,3
Q5616006,3
Q1813278,3
Q2947966,3
Q43169,3
Q623149,3
Q175156,3
Q7578018,3
Q18572173,3
Q18610671,3
Q641364,3
Q9418132,3
Q233455,3
Q13425820,3
Q849167,3
Q15502507,3
Q3497659,3
Q11970055,3
Q2662841,3
Q838794,3
Q27048688,3
Q5281480,3
Q770881,3
Q898966,3
Q9160888,3
Q2625603,3
Q24284215,3
Q252397,3
Q18281,3
Q11941328,3
Q18683480,3
Q1144901,3
Q2907285,3
Q1172362,3
Q19628864,3
Q18708418,3
Q935429,3
Q170404,3
Q155511,3
Q15975414,3
Q153556,3
Q5283494,3
Q20856058,3
Q255722,3
Q1124312,3
Q920004,3
Q193217,3
Q2321734,3
Q16869167,3
Q129180,3
Q21051516,3
Q764,3
Q21347926,3
Q2341939,3
Q8011116,3
Q181970,3
Q21449805,3
Q14414034,3
Q166886,3
Q17376908,3
Q2304242,3
Q27654639,3
Q26644852,3
Q14167874,3
Q14852106,3
Q473386,3
Q1027825,3
Q488647,3
Q15502567,3
Q1295558,3
Q948166,3
Q3417127,3
Q30057164,3
Q5276122,3
Q23015465,3
Q18636233,3
Q893035,3
Q11914623,3
Q5227308,3
Q1124012,3
Q1201517,3
Q30250132,3
Q20747768,3
Q17103171,3
Q190637,3
Q902378,3
Q5857110,3
Q2101700,3
Q18451251,3
Q45842,3
Q2974011,3
Q20108190,3
Q24731821,3
Q421313,3
Q15796005,3
Q23492,3
Q2999793,3
Q3129162,3
Q3951815,3
Q16952463,3
Q1464880,3
Q28834885,3
Q483275,3
Q25377259,3
Q23069365,3
Q2215841,3
Q2290385,3
Q654476,3
Q27970155,3
Q19573550,3
Q30056458,3
Q9392615,3
Q26207843,3
Q29973167,3
Q1585022,3
Q30035798,3
Q25834827,3
Q19192441,3
Q3024324,3
Q149622,3
Q161382,3
Q857075,3
Q19467946,3
Q807299,3
Q20932605,3
Q1006835,3
Q1257342,3
Q11382506,3
Q542261,3
Q3071014,3
Q2892090,3
Q425548,3
Q30055513,3
Q49013,3
Q29167477,3
Q766192,3
Q27030883,3
Q34726,3
Q680343,3
Q1478508,3
Q1739086,3
Q462100,3
Q1658952,3
Q825237,3
Q3242199,3
Q5188170,3
Q11406,3
Q912018,3
Q28038924,3
Q28050585,3
Q10873938,3
Q1259252,3
Q27158159,3
Q1450676,3
Q209946,3
Q9311444,3
Q1494647,3
Q1104034,3
Q13405617,3
Q10438410,3
Q1122253,3
Q751892,3
Q578837,3
Q28354,3
Q1135802,3
Q7833114,3
Q3387781,3
Q650978,3
Q28942701,3
Q3469478,3
Q268547,3
Q207821,3
Q23011097,3
Q28972621,3
Q1148709,3
Q79838,3
Q2707153,3
Q19817651,3
Q409793,3
Q30056479,3
Q29943476,3
Q125650,3
Q15618352,3
Q133036,3
Q20655841,3
Q2396523,3
Q12339434,3
Q4393107,3
Q847016,3
Q14562306,3
Q2439460,3
Q2126,3
Q139106,3
Q19756026,3
Q6787889,3
Q105674,3
Q192907,3
Q23069179,3
Q49757,3
Q304673,3
Q12289282,3
Q859563,3
Q470775,3
Q1008803,3
Q28920813,3
Q29364197,3
Q2915867,3
Q691960,3
Q2605668,3
Q843752,3
Q662656,3
Q3272595,3
Q949344,3
Q3186692,3
Q2248139,3
Q1156741,3
Q863583,3
Q26203752,3
Q3179682,3
Q1048687,3
Q929651,3
Q4263830,3
Q417633,3
Q2094611,3
Q13410411,3
Q985073,3
Q421916,3
Q815962,3
Q575882,3
Q199403,3
Q7291,3
Q380552,3
Q497173,3
Q722338,3
Q5702275,3
Q1134237,3
Q6602828,3
Q334622,3
Q29642824,3
Q37178026,3
Q13582798,3
Q2076970,3
Q747699,3
Q674440,3
Q11456,3
Q6055890,3
Q10911316,3
Q187689,3
Q426694,3
Q7834360,3
Q30307315,3
Q486245,3
Q1076874,3
Q29647057,3
Q15695978,3
Q632959,3
Q21098783,3
Q1019982,3
Q840703,3
Q745881,3
Q1738742,3
Q1063096,3
Q223681,3
Q3998652,3
Q717478,3
Q3275581,3
Q184138,3
Q130954,3
Q375132,3
Q155231,3
Q18146819,3
Q18550,3
Q103808,3
Q2624320,3
Q26945037,3
Q7398874,3
Q27514375,3
Q18926983,3
Q694007,3
Q12311704,3
Q912949,3
Q5456378,3
Q21546143,3
Q2560056,3
Q20105726,3
Q13156702,3
Q17278014,3
Q7950347,3
Q1973327,3
Q11325731,3
Q597009,3
Q19776678,3
Q407125,3
Q29078891,3
Q27919,3
Q333043,3
Q1609353,3
Q185185,3
Q16936947,3
Q504400,3
Q138619,3
Q1525071,3
Q1129645,3
Q647653,3
Q3998593,3
Q627181,3
Q536390,3
Q7800236,3
Q584101,3
Q1454201,3
Q45045,3
Q3124902,3
Q1752077,3
Q1194588,3
Q290702,3
Q305932,3
Q28474,3
Q27908105,3
Q21406136,3
Q2541847,3
Q688561,3
Q6888,3
Q3356057,3
Q1325315,3
Q299516,3
Q10420711,3
Q481609,3
Q48422,3
Q1455275,3
Q2543447,3
Q1064904,3
Q991683,3
Q1513900,3
Q837416,3
Q508268,3
Q7247324,3
Q1591384,3
Q1520622,3
Q295785,3
Q1236830,3
Q1427887,3
Q27834360,3
Q6944487,3
Q1219805,3
Q15402063,3
Q1734134,3
Q850107,3
Q19786,3
Q83367,3
Q380669,3
Q13641126,3
Q936619,3
Q1940232,3
Q3910963,3
Q3510579,3
Q163313,3
Q2118149,3
Q10513727,3
Q792542,3
Q7604387,3
Q17048668,3
Q3287353,3
Q2087138,3
Q17028492,3
Q19831431,3
Q2110419,3
Q5390013,3
Q6483963,3
Q209815,3
Q10007123,3
Q28382709,3
Q1730505,3
Q14453195,3
Q6165159,3
Q2715082,3
Q20980449,3
Q21082653,3
Q263529,3
Q7654661,3
Q3578015,3
Q3064946,3
Q757301,3
Q3967974,3
Q1139917,3
Q715822,3
Q17260649,3
Q476376,3
Q14920473,3
Q29068718,3
Q16956397,3
Q35245,3
Q3760014,3
Q3831285,3
Q193234,3
Q6925559,3
Q3994570,3
Q3999701,3
Q555032,3
Q673627,3
Q4055745,3
Q20967773,3
Q285317,3
Q28754053,3
Q1451816,3
Q4090063,3
Q68833,3
Q2955393,3
Q1639569,3
Q1285470,3
Q11251219,3
Q212940,3
Q206190,3
Q11755878,3
Q2138567,3
Q186582,3
Q741964,3
Q595732,3
Q6485018,3
Q613366,3
Q5414606,3
Q735478,3
Q7371361,3
Q25532583,3
Q18533645,3
Q8134,3
Q1571448,3
Q1021913,3
Q4815005,3
Q5834964,3
Q14921981,3
Q12408563,3
Q4369513,3
Q12902861,3
Q898700,3
Q29479050,3
Q7120495,3
Q5150726,3
Q43006,3
Q604219,3
Q2737210,3
Q21169670,3
Q2084422,3
Q787114,3
Q3499816,3
Q2031250,3
Q6082954,3
Q3123616,3
Q30057151,3
Q2216217,3
Q1418712,3
Q693827,3
Q1196123,3
Q10576324,3
Q669585,3
Q480498,3
Q11644820,3
Q24885546,3
Q27277631,3
Q17208906,3
Q215635,3
Q1147633,3
Q287903,3
Q3012073,3
Q11615913,3
Q11421073,3
Q1207465,3
Q859551,3
Q13731184,3
Q2658156,3
Q130949,3
Q1325848,3
Q6942562,3
Q22702,3
Q14942771,3
Q3389680,3
Q14701806,3
Q11705021,3
Q7900311,3
Q641227,3
Q1748756,3
Q1188726,3
Q478195,3
Q126328,3
Q13462039,3
Q3070895,3
Q18712089,3
Q2989369,3
Q5154967,3
Q634353,3
Q5642838,3
Q2950517,3
Q1117074,3
Q244393,3
Q986756,3
Q11585131,3
Q16062373,3
Q1474334,3
Q42515,3
Q2498319,3
Q8445,3
Q23017336,3
Q3399487,3
Q6508961,3
Q3541259,3
Q1642488,3
Q82749,3
Q1072961,3
Q30143268,3
Q27030945,3
Q3774953,3
Q2085148,3
Q1055065,3
Q475354,3
Q2309408,3
Q2052613,3
Q17279043,3
Q16680430,3
Q17524070,3
Q5264354,3
Q3294251,3
Q1719631,3
Q3774758,3
Q20825640,3
Q1256431,3
Q4686357,3
Q1514879,3
Q5282129,3
Q18759097,3
Q25325385,3
Q18713194,3
Q1505882,3
Q431193,3
Q3323634,3
Q2677993,3
Q2281713,3
Q204903,3
Q25381406,3
Q957537,3
Q19841298,3
Q416558,3
Q784301,3
Q3403564,3
Q10430111,3
Q7705274,3
Q958775,3
Q3270600,3
Q2235658,3
Q195914,3
Q2457491,3
Q924986,3
Q58910,3
Q2439719,3
Q386318,3
Q353396,3
Q1310148,3
Q2354216,3
Q16079746,3
Q333379,3
Q93315,3
Q194309,3
Q21418913,3
Q2944360,3
Q21874278,3
Q131656,3
Q28492441,3
Q1793170,3
Q2449475,3
Q18074998,3
Q585872,3
Q5282120,3
Q214127,3
Q580427,3
Q23843462,3
Q952162,3
Q2151963,3
Q8204795,3
Q24879327,3
Q2098111,3
Q26886,3
Q9158,3
Q3305012,3
Q25398361,3
Q34302,3
Q30057131,3
Q1783819,3
Q2055789,3
Q659631,3
Q926864,3
Q13218676,3
Q1137143,3
Q6151158,3
Q39297,3
Q29970783,3
Q990862,3
Q29167474,3
Q21093833,3
Q2373041,3
Q24573232,3
Q336078,3
Q3508687,3
Q27242186,3
Q5520196,3
Q28536664,3
Q2510436,3
Q26720715,3
Q28912688,3
Q25918088,3
Q848162,3
Q267181,3
Q1513987,3
Q614806,3
Q1159994,3
Q407221,3
Q28555512,3
Q7673109,3
Q30103254,3
Q1390062,3
Q1610017,3
Q29970594,3
Q385405,3
Q1260022,3
Q2529225,3
Q22074433,3
Q954927,3
Q2418896,3
Q898675,3
Q15646667,3
Q505821,3
Q1621273,3
Q4445694,3
Q2272475,3
Q4862338,3
Q2119819,3
Q1994301,3
Q635966,3
Q206537,3
Q1545726,3
Q715768,3
Q30174902,3
Q28607738,3
Q2260901,3
Q3744088,3
Q392410,3
Q83328,3
Q239463,3
Q1410408,3
Q1870596,3
Q2975117,3
Q628983,3
Q7834916,3
Q2499099,3
Q847201,3
Q1135789,3
Q837816,3
Q27494256,3
Q1006308,3
Q22908314,3
Q17309849,3
Q2097994,3
Q3290341,3
Q779212,3
Q389772,3
Q1521865,3
Q29577677,3
Q741218,3
Q7515021,3
Q1659897,3
Q818717,3
Q927635,3
Q212238,3
Q18591105,3
Q46127,3
Q20669008,3
Q278222,3
Q2186896,3
Q3215493,3
Q3984451,3
Q17312348,3
Q841238,3
Q1202390,3
Q2231510,3
Q159350,3
Q1271224,3
Q18175632,3
Q1288250,3
Q1824214,3
Q3540410,3
Q1443908,3
Q716601,3
Q1969469,3
Q702232,3
Q597668,3
Q131541,3
Q187634,3
Q20558786,3
Q156611,3
Q18691530,3
Q36275,3
Q24736020,3
Q702269,3
Q7637469,3
Q521179,3
Q17279032,3
Q800368,3
Q1773974,3
Q205234,3
Q1072884,3
Q745783,3
Q1444922,3
Q3834077,3
Q206637,3
Q14560,3
Q2614030,3
Q19798846,3
Q10549487,3
Q17105874,3
Q22954543,3
Q2526804,3
Q11570934,3
Q15228889,3
Q34544468,3
Q1096907,3
Q11038979,3
Q2250320,3
Q518343,3
Q3504745,3
Q200433,3
Q15223922,3
Q259977,3
Q136,3
Q2423538,3
Q20895720,3
Q837117,3
Q3037266,3
Q2553644,3
Q187117,3
Q19045188,3
Q18342520,3
Q191307,3
Q196227,3
Q1907875,3
Q2420447,3
Q6978002,3
Q837089,3
Q938381,3
Q20855633,3
Q1361100,3
Q21115086,3
Q21451552,3
Q14293015,3
Q23657366,3
Q5421159,3
Q5141550,3
Q783602,3
Q207063,3
Q24542467,3
Q20497552,3
Q25397638,3
Q6664287,3
Q483634,3
Q5177506,3
Q11086465,3
Q3054782,3
Q2158576,3
Q24009981,3
Q28823841,3
Q8700213,3
Q12537,3
Q734605,3
Q152095,3
Q17035813,3
Q24262795,3
Q784688,3
Q2990593,3
Q27766119,3
Q16465919,3
Q3257939,3
Q6517347,3
Q576921,3
Q6503489,3
Q9121,3
Q1470315,3
Q3497165,3
Q1844833,3
Q1053481,3
Q15207445,3
Q217901,3
Q167191,3
Q1223242,3
Q30056959,3
Q10475839,3
Q24192107,3
Q257391,2
Q1973404,2
Q581830,2
Q573344,2
Q15634695,2
Q5124045,2
Q3235978,2
Q335268,2
Q235670,2
Q1470762,2
Q51626,2
Q15623974,2
Q25900,2
Q486487,2
Q1993433,2
Q15401699,2
Q12507,2
Q601362,2
Q22923920,2
Q285400,2
Q32635,2
Q2519150,2
Q5001717,2
Q838071,2
Q4841087,2
Q1636604,2
Q731988,2
Q2350831,2
Q9301005,2
Q1138279,2
Q1752211,2
Q7631075,2
Q1208366,2
Q1757382,2
Q188447,2
Q1161829,2
Q1194040,2
Q1383944,2
Q24542476,2
Q211709,2
Q4366834,2
Q315630,2
Q260527,2
Q7892363,2
Q1512368,2
Q841509,2
Q14754894,2
Q3235597,2
Q16102139,2
Q14754896,2
Q49456,2
Q1124860,2
Q14754909,2
Q14754897,2
Q17152708,2
Q13582682,2
Q146657,2
Q19364629,2
Q16176011,2
Q661101,2
Q48803,2
Q181394,2
Q20902363,2
Q475050,2
Q23015925,2
Q1779587,2
Q965478,2
Q37447,2
Q27676424,2
Q182167,2
Q173424,2
Q16934465,2
Q3247505,2
Q21013870,2
Q19823288,2
Q1442549,2
Q1781367,2
Q13424590,2
Q4451214,2
Q6634155,2
Q337540,2
Q327968,2
Q2426135,2
Q3563335,2
Q131505,2
Q741701,2
Q424418,2
Q15105,2
Q1773965,2
Q166231,2
Q1401565,2
Q327065,2
Q1024817,2
Q33123638,2
Q49367,2
Q1063239,2
Q299269,2
Q633674,2
Q3421584,2
Q14906600,2
Q187510,2
Q1514415,2
Q28920810,2
Q23905069,2
Q20018921,2
Q3251801,2
Q11756,2
Q1249529,2
Q22066399,2
Q2018057,2
Q192498,2
Q16335330,2
Q21813488,2
Q1497070,2
Q19323827,2
Q1548383,2
Q279272,2
Q2634521,2
Q17488288,2
Q6334079,2
Q1687209,2
Q265469,2
Q132,2
Q7881418,2
Q1328323,2
Q18773,2
Q649848,2
Q1449240,2
Q1533007,2
Q2558300,2
Q693004,2
Q339062,2
Q30121,2
Q1269448,2
Q22665869,2
Q29642842,2
Q17144865,2
Q1961430,2
Q350432,2
Q296560,2
Q7565760,2
Q490812,2
Q15144437,2
Q843515,2
Q36033662,2
Q2310313,2
Q2253357,2
Q338632,2
Q1037852,2
Q268626,2
Q7281191,2
Q358148,2
Q189760,2
Q898533,2
Q959462,2
Q378078,2
Q1224694,2
Q39552,2
Q2415348,2
Q23498152,2
Q2993181,2
Q4498191,2
Q81110,2
Q1667269,2
Q3686522,2
Q182168,2
Q4291506,2
Q811093,2
Q420032,2
Q1768566,2
Q1072576,2
Q23015676,2
Q408699,2
Q18225,2
Q1744985,2
Q13923816,2
Q1539016,2
Q15233417,2
Q185744,2
Q1647142,2
Q1385229,2
Q255911,2
Q29994343,2
Q2904257,2
Q19821,2
Q20853538,2
Q3979448,2
Q7631083,2
Q428360,2
Q615255,2
Q497829,2
Q1612885,2
Q2165988,2
Q1786946,2
Q2594109,2
Q15884100,2
Q94838,2
Q1496106,2
Q3361747,2
Q230699,2
Q131765,2
Q25415999,2
Q30057130,2
Q903658,2
Q503396,2
Q14752572,2
Q874429,2
Q205665,2
Q1423125,2
Q1328068,2
Q2751813,2
Q836854,2
Q3925840,2
Q35986,2
Q219528,2
Q600659,2
Q393351,2
Q11658,2
Q5139712,2
Q2827815,2
Q1221033,2
Q9557810,2
Q3354534,2
Q4876617,2
Q2722260,2
Q214833,2
Q584646,2
Q28195494,2
Q1152354,2
Q317939,2
Q754831,2
Q1200532,2
Q23930024,2
Q10717535,2
Q715434,2
Q1854639,2
Q15916459,2
Q2145900,2
Q28659240,2
Q693988,2
Q8140117,2
Q21817165,2
Q1172354,2
Q21593141,2
Q11643373,2
Q1816844,2
Q2238071,2
Q898226,2
Q2621327,2
Q25999,2
Q1321309,2
Q27095657,2
Q2794145,2
Q264323,2
Q184757,2
Q3687335,2
Q749249,2
Q29541662,2
Q175641,2
Q178197,2
Q7631050,2
Q19323046,2
Q648607,2
Q1485500,2
Q7078900,2
Q15924433,2
Q3851477,2
Q2465988,2
Q1034047,2
Q157146,2
Q187631,2
Q131222,2
Q1067263,2
Q26205853,2
Q30326995,2
Q742069,2
Q50199,2
Q4967193,2
Q892757,2
Q3391431,2
Q20732250,2
Q680655,2
Q1200701,2
Q3847476,2
Q864505,2
Q25367811,2
Q305,2
Q24262840,2
Q52389,2
Q1552255,2
Q14875255,2
Q18562479,2
Q1438125,2
Q235858,2
Q329737,2
Q895534,2
Q1936796,2
Q6672146,2
Q874048,2
Q180538,2
Q1187704,2
Q23905265,2
Q3176665,2
Q5840,2
Q1501680,2
Q588784,2
Q1640361,2
Q868257,2
Q3312438,2
Q30061600,2
Q2429834,2
Q20988068,2
Q422053,2
Q192047,2
Q178598,2
Q7076,2
Q112865,2
Q754806,2
Q18214700,2
Q134783,2
Q165510,2
Q40994,2
Q2011052,2
Q49476,2
Q751443,2
Q1317494,2
Q2002610,2
Q656586,2
Q2928458,2
Q492201,2
Q856961,2
Q1199356,2
Q806066,2
Q1191392,2
Q7698940,2
Q382979,2
Q1073977,2
Q3491994,2
Q227467,2
Q193514,2
Q1662581,2
Q215552,2
Q854503,2
Q49464,2
Q1447463,2
Q3591519,2
Q323500,2
Q1390955,2
Q20820018,2
Q1052437,2
Q18330720,2
Q112046,2
Q865817,2
Q184452,2
Q3543149,2
Q232431,2
Q1132623,2
Q3568190,2
Q1224999,2
Q217012,2
Q4482688,2
Q737878,2
Q843227,2
Q20202390,2
Q493386,2
Q2739432,2
Q755286,2
Q2974105,2
Q13470232,2
Q4353803,2
Q12321,2
Q2302208,2
Q1203701,2
Q8932756,2
Q80993,2
Q2541839,2
Q1268687,2
Q11651,2
Q176953,2
Q2015912,2
Q14090,2
Q1955590,2
Q1195493,2
Q994895,2
Q1320391,2
Q1260916,2
Q6745599,2
Q753486,2
Q274493,2
Q1743078,2
Q18119757,2
Q261068,2
Q3237872,2
Q641267,2
Q4130,2
Q1093434,2
Q3459144,2
Q4000492,2
Q175233,2
Q2051463,2
Q5415686,2
Q15720567,2
Q1398660,2
Q122195,2
Q742741,2
Q5433601,2
Q1000371,2
Q34676600,2
Q2529166,2
Q2635510,2
Q10426040,2
Q1393480,2
Q1520859,2
Q1064349,2
Q15699657,2
Q2972844,2
Q26945002,2
Q2980154,2
Q1317763,2
Q806922,2
Q4931513,2
Q35966,2
Q5726634,2
Q218764,2
Q265426,2
Q24335742,2
Q2636061,2
Q2941628,2
Q19588473,2
Q2920921,2
Q3504889,2
Q317615,2
Q25624925,2
Q1665268,2
Q211485,2
Q19895793,2
Q24457232,2
Q1865123,2
Q883188,2
Q995745,2
Q909212,2
Q874142,2
Q15629617,2
Q26959070,2
Q11464003,2
Q16342,2
Q1593647,2
Q180784,2
Q22807258,2
Q1662100,2
Q5267401,2
Q1284428,2
Q2555824,2
Q4005772,2
Q937364,2
Q1068361,2
Q18237,2
Q467208,2
Q852747,2
Q2878974,2
Q20105287,2
Q11453,2
Q7627808,2
Q7515806,2
Q1831952,2
Q16319630,2
Q18287040,2
Q1791927,2
Q20180927,2
Q5328061,2
Q1970777,2
Q22787,2
Q1435416,2
Q1060062,2
Q4410701,2
Q1057250,2
Q2673206,2
Q30057137,2
Q16849743,2
Q2518767,2
Q15577335,2
Q21032622,2
Q212895,2
Q4233718,2
Q14508523,2
Q1882685,2
Q28964688,2
Q26945172,2
Q108458,2
Q52954,2
Q10729920,2
Q609703,2
Q16334393,2
Q17618153,2
Q14511965,2
Q740625,2
Q7257707,2
Q16920758,2
Q3662396,2
Q2492313,2
Q238199,2
Q1407666,2
Q42501,2
Q49025,2
Q1650255,2
Q1247560,2
Q18189,2
Q23051227,2
Q2120557,2
Q2120564,2
Q1396457,2
Q459886,2
Q5008290,2
Q1490924,2
Q2185387,2
Q2493192,2
Q753050,2
Q1689678,2
Q204896,2
Q1434438,2
Q4464237,2
Q742313,2
Q4097002,2
Q799657,2
Q300126,2
Q708586,2
Q1520069,2
Q30308127,2
Q13729021,2
Q1954087,2
Q21198407,2
Q1918763,2
Q240795,2
Q28843416,2
Q804061,2
Q2334278,2
Q464352,2
Q81214,2
Q965066,2
Q614278,2
Q17413599,2
Q2745006,2
Q614853,2
Q2465513,2
Q3123840,2
Q2795961,2
Q20011098,2
Q5489026,2
Q828581,2
Q6866911,2
Q8869,2
Q14510256,2
Q1813474,2
Q4013945,2
Q1178921,2
Q3034650,2
Q139,2
Q1549534,2
Q282144,2
Q130913,2
Q191250,2
Q11166097,2
Q814207,2
Q671715,2
Q166080,2
Q14683,2
Q7696421,2
Q1069967,2
Q28398102,2
Q17024724,2
Q2583654,2
Q3493854,2
Q4215744,2
Q235352,2
Q595703,2
Q35874,2
Q1345044,2
Q412598,2
Q2990416,2
Q908627,2
Q841591,2
Q63347,2
Q26869768,2
Q244819,2
Q1928746,2
Q1628963,2
Q4669582,2
Q35383,2
Q2038458,2
Q10537307,2
Q2949331,2
Q2954962,2
Q8824871,2
Q7145070,2
Q22096448,2
Q297322,2
Q2992900,2
Q17586677,2
Q13228,2
Q628759,2
Q7209560,2
Q1548170,2
Q187021,2
Q843601,2
Q352897,2
Q3072997,2
Q1328914,2
Q123550,2
Q192401,2
Q3092194,2
Q858784,2
Q3113916,2
Q20873950,2
Q15063568,2
Q41767,2
Q1254365,2
Q177784,2
Q23925390,2
Q2946459,2
Q5961,2
Q3553318,2
Q3257189,2
Q163886,2
Q25884156,2
Q39018,2
Q3246774,2
Q705450,2
Q2906864,2
Q38035,2
Q16528361,2
Q148773,2
Q1596430,2
Q186685,2
Q858893,2
Q13317,2
Q3622588,2
Q125752,2
Q173056,2
Q208826,2
Q1120452,2
Q3349544,2
Q955298,2
Q1156793,2
Q1742272,2
Q2290944,2
Q390516,2
Q15725498,2
Q1369644,2
Q16116558,2
Q202390,2
Q9318902,2
Q376657,2
Q182129,2
Q833088,2
Q9305214,2
Q28599550,2
Q3152932,2
Q1799894,2
Q24021076,2
Q507703,2
Q3508345,2
Q190258,2
Q2498244,2
Q1851900,2
Q6095429,2
Q11547,2
Q844526,2
Q649266,2
Q10627714,2
Q182875,2
Q3409269,2
Q3600843,2
Q743453,2
Q1924900,2
Q1634719,2
Q3632956,2
Q669777,2
Q3649351,2
Q3649998,2
Q3657724,2
Q21086297,2
Q30339152,2
Q3687385,2
Q854857,2
Q3245883,2
Q2648051,2
Q437305,2
Q3330995,2
Q1194683,2
Q16481820,2
Q11877717,2
Q899561,2
Q15646712,2
Q16601142,2
Q3831968,2
Q3832447,2
Q1196567,2
Q2627321,2
Q4071774,2
Q1869909,2
Q5033189,2
Q902863,2
Q6857865,2
Q901656,2
Q8187769,2
Q474709,2
Q24067406,2
Q3937969,2
Q3958661,2
Q299248,2
Q3962962,2
Q689485,2
Q3981480,2
Q202949,2
Q3434376,2
Q1770751,2
Q1356798,2
Q690117,2
Q7246032,2
Q3020028,2
Q2347716,2
Q381701,2
Q4388751,2
Q1501358,2
Q1503443,2
Q1893282,2
Q4158203,2
Q604733,2
Q2326951,2
Q16969345,2
Q1639789,2
Q21814455,2
Q200656,2
Q9640723,2
Q1365316,2
Q1414729,2
Q542291,2
Q2108964,2
Q1759615,2
Q7202294,2
Q4090066,2
Q94056,2
Q4350791,2
Q962041,2
Q38603,2
Q3222002,2
Q20180716,2
Q2660626,2
Q4433759,2
Q1504307,2
Q916651,2
Q15730659,2
Q152416,2
Q765517,2
Q4531044,2
Q108766,2
Q928786,2
Q13567935,2
Q613542,2
Q6738141,2
Q2378317,2
Q2076801,2
Q17983848,2
Q3396184,2
Q470137,2
Q3412758,2
Q543281,2
Q5182143,2
Q2197458,2
Q1022270,2
Q15472169,2
Q847600,2
Q559103,2
Q2883448,2
Q6035676,2
Q5227240,2
Q17709182,2
Q1955150,2
Q1574438,2
Q857809,2
Q7251288,2
Q1540277,2
Q1365347,2
Q7051127,2
Q1182746,2
Q199098,2
Q2097233,2
Q3917508,2
Q1178242,2
Q7571580,2
Q231533,2
Q5557375,2
Q25381,2
Q14416029,2
Q418939,2
Q854787,2
Q25866,2
Q22995925,2
Q4886918,2
Q188524,2
Q173106,2
Q39491,2
Q3826572,2
Q5253831,2
Q7692562,2
Q14169083,2
Q28935403,2
Q5191437,2
Q3568027,2
Q294370,2
Q76239,2
Q229398,2
Q5300066,2
Q5100180,2
Q4752916,2
Q123314,2
Q925667,2
Q203221,2
Q4927217,2
Q5466629,2
Q422649,2
Q185521,2
Q3070848,2
Q28922871,2
Q2493021,2
Q9148474,2
Q1216998,2
Q2432100,2
Q26736161,2
Q3152837,2
Q309200,2
Q21552830,2
Q1249224,2
Q18199114,2
Q5753139,2
Q133948,2
Q274579,2
Q5732340,2
Q199769,2
Q2367733,2
Q3705882,2
Q641118,2
Q6090654,2
Q202347,2
Q16147981,2
Q5769220,2
Q4891503,2
Q633339,2
Q1464352,2
Q19389465,2
Q3751466,2
Q11333206,2
Q1700804,2
Q170412,2
Q9164048,2
Q6017200,2
Q8564897,2
Q19677106,2
Q28859136,2
Q382947,2
Q18631230,2
Q20715189,2
Q1744327,2
Q226887,2
Q110910,2
Q27104510,2
Q21693680,2
Q2566859,2
Q7290203,2
Q28920175,2
Q19772737,2
Q170463,2
Q13643931,2
Q5160208,2
Q7882520,2
Q2153457,2
Q13645388,2
Q10594991,2
Q737571,2
Q24668252,2
Q19592272,2
Q1479804,2
Q6311682,2
Q4857982,2
Q7452919,2
Q6645327,2
Q5153559,2
Q328365,2
Q335234,2
Q845391,2
Q2865743,2
Q1337026,2
Q1569753,2
Q1570591,2
Q7811552,2
Q6516200,2
Q20746571,2
Q31431,2
Q906881,2
Q5187190,2
Q675905,2
Q23820208,2
Q131156,2
Q260569,2
Q6862030,2
Q4162386,2
Q4217947,2
Q2347362,2
Q22669627,2
Q29576323,2
Q19758602,2
Q24577909,2
Q7049542,2
Q2991042,2
Q373822,2
Q2508200,2
Q188610,2
Q5597179,2
Q490069,2
Q4677469,2
Q1483757,2
Q27921294,2
Q27888037,2
Q1275184,2
Q5422388,2
Q2306380,2
Q856314,2
Q3397866,2
Q1662670,2
Q15896168,2
Q1472127,2
Q27921531,2
Q2368963,2
Q1683266,2
Q10992387,2
Q201413,2
Q696640,2
Q5171860,2
Q1934178,2
Q11797571,2
Q4491715,2
Q30057172,2
Q30081888,2
Q30062766,2
Q30250001,2
Q29641344,2
Q30057136,2
Q30158174,2
Q30061314,2
Q2286103,2
Q5589429,2
Q4671274,2
Q2085518,2
Q188449,2
Q19773206,2
Q49749,2
Q427013,2
Q5449731,2
Q19657408,2
Q1426613,2
Q17990096,2
Q29642901,2
Q1875777,2
Q1621499,2
Q23955658,2
Q16482168,2
Q12008089,2
Q3457058,2
Q9294998,2
Q863343,2
Q852013,2
Q898525,2
Q9835719,2
Q23772328,2
Q403964,2
Q20725684,2
Q2568454,2
Q1496144,2
Q194428,2
Q1347516,2
Q782667,2
Q19799381,2
Q7138600,2
Q1365891,2
Q622370,2
Q130186,2
Q15974782,2
Q1399486,2
Q897941,2
Q10552196,2
Q2475782,2
Q1787389,2
Q20643735,2
Q20987083,2
Q1046788,2
Q19803127,2
Q10861807,2
Q5100561,2
Q6733680,2
Q23817363,2
Q188374,2
Q4250086,2
Q11291721,2
Q128685,2
Q15836397,2
Q548408,2
Q910635,2
Q6160,2
Q114699,2
Q12347313,2
Q850649,2
Q1152199,2
Q1741823,2
Q11571013,2
Q1202146,2
Q11414752,2
Q11545899,2
Q379932,2
Q15296535,2
Q5439866,2
Q11626459,2
Q730052,2
Q11422440,2
Q249608,2
Q11424384,2
Q21032630,2
Q517621,2
Q948571,2
Q11302705,2
Q9367321,2
Q1933172,2
Q719226,2
Q746591,2
Q455654,2
Q3500918,2
Q267917,2
Q397647,2
Q787386,2
Q194302,2
Q3507608,2
Q43521,2
Q856,2
Q188689,2
Q12249052,2
Q1196254,2
Q192967,2
Q2460422,2
Q339338,2
Q4068468,2
Q3738248,2
Q1905175,2
Q3023608,2
Q657221,2
Q14701644,2
Q956159,2
Q17955,2
Q8332,2
Q3087607,2
Q20618581,2
Q2786169,2
Q23759625,2
Q2647159,2
Q37305821,2
Q220277,2
Q652962,2
Q188267,2
Q14849523,2
Q2341389,2
Q3107744,2
Q1803360,2
Q14520608,2
Q13582710,2
Q10266088,2
Q6054765,2
Q2690735,2
Q24962553,2
Q7315461,2
Q1161138,2
Q13416883,2
Q1413406,2
Q192771,2
Q544008,2
Q1540447,2
Q7123027,2
Q7234752,2
Q3136914,2
Q3323934,2
Q14822753,2
Q28070554,2
Q15981928,2
Q2240146,2
Q4728370,2
Q352796,2
Q28297,2
Q15709883,2
Q13581620,2
Q1746748,2
Q207549,2
Q1645034,2
Q3183364,2
Q929555,2
Q479062,2
Q118547,2
Q2244647,2
Q8272897,2
Q2057931,2
Q334401,2
Q183129,2
Q749020,2
Q3664416,2
Q22051121,2
Q11086745,2
Q26863790,2
Q2491790,2
Q2015541,2
Q1802417,2
Q2251446,2
Q3530122,2
Q2531616,2
Q852010,2
Q914223,2
Q15950982,2
Q781014,2
Q7979513,2
Q666586,2
Q282080,2
Q14545646,2
Q15977968,2
Q166376,2
Q14191429,2
Q7888631,2
Q12333,2
Q7100066,2
Q15818916,2
Q291270,2
Q11701,2
Q66096,2
Q3449713,2
Q12583711,2
Q1648721,2
Q15622880,2
Q18027603,2
Q131026,2
Q220764,2
Q33780084,2
Q6599832,2
Q1067072,2
Q957125,2
Q3042547,2
Q2901462,2
Q558591,2
Q11795382,2
Q3609,2
Q866816,2
Q2333552,2
Q2925115,2
Q23009459,2
Q1522772,2
Q28648855,2
Q12063894,2
Q697405,2
Q128144,2
Q837171,2
Q2949710,2
Q13955118,2
Q4867740,2
Q5101886,2
Q897404,2
Q7189710,2
Q1000660,2
Q36244,2
Q1036748,2
Q177777,2
Q1773882,2
Q1259977,2
Q8964906,2
Q18340183,2
Q37152856,2
Q1032833,2
Q17505900,2
Q1414611,2
Q296955,2
Q17294325,2
Q17298430,2
Q187956,2
Q150334,2
Q1497068,2
Q2860105,2
Q2289786,2
Q19688219,2
Q156014,2
Q1470460,2
Q1368594,2
Q6310401,2
Q4951083,2
Q5253909,2
Q884742,2
Q5465449,2
Q11912920,2
Q745723,2
Q13528155,2
Q3317666,2
Q6452175,2
Q18016291,2
Q6293,2
Q1431556,2
Q654291,2
Q193219,2
Q557573,2
Q747376,2
Q26371,2
Q157957,2
Q26913,2
Q938926,2
Q3804473,2
Q18340795,2
Q18342671,2
Q1416636,2
Q1153767,2
Q28059044,2
Q389373,2
Q28654840,2
Q2795779,2
Q2566047,2
Q156847,2
Q19688772,2
Q9261431,2
Q174713,2
Q1349227,2
Q5743687,2
Q23901112,2
Q16629428,2
Q18643369,2
Q21660151,2
Q11268,2
Q2499178,2
Q20860083,2
Q2867418,2
Q5778727,2
Q2115826,2
Q608883,2
Q7595716,2
Q5164160,2
Q857525,2
Q152523,2
Q28472611,2
Q30070590,2
Q1456029,2
Q493960,2
Q193195,2
Q20669604,2
Q669329,2
Q561071,2
Q797906,2
Q24531891,2
Q19356096,2
Q1154193,2
Q208420,2
Q3352418,2
Q1451652,2
Q645110,2
Q2484340,2
Q1036344,2
Q19593537,2
Q19544139,2
Q19670728,2
Q1220689,2
Q2618029,2
Q34718,2
Q1281845,2
Q622439,2
Q802614,2
Q557450,2
Q94044,2
Q17195514,2
Q41567,2
Q219699,2
Q2317127,2
Q916333,2
Q259618,2
Q1574707,2
Q1498321,2
Q589596,2
Q1294755,2
Q4157632,2
Q2302096,2
Q2144513,2
Q653734,2
Q201959,2
Q19968906,2
Q3813894,2
Q5612447,2
Q180119,2
Q2272187,2
Q1063801,2
Q10273189,2
Q200674,2
Q4043494,2
Q2178566,2
Q5283295,2
Q20671715,2
Q2836357,2
Q2951366,2
Q2950980,2
Q2093999,2
Q5400895,2
Q20736214,2
Q1515570,2
Q3358664,2
Q458342,2
Q916964,2
Q20754888,2
Q4011383,2
Q178430,2
Q1358044,2
Q1418640,2
Q6168416,2
Q5897087,2
Q17148465,2
Q1227035,2
Q411489,2
Q16613293,2
Q20183764,2
Q7094081,2
Q20983687,2
Q517845,2
Q2031235,2
Q715123,2
Q255375,2
Q5362345,2
Q21029914,2
Q37525,2
Q211457,2
Q5162775,2
Q3653701,2
Q21077765,2
Q1208212,2
Q21112633,2
Q2836940,2
Q2951201,2
Q1584841,2
Q15077346,2
Q18575580,2
Q16611405,2
Q740205,2
Q21220557,2
Q1883939,2
Q21281188,2
Q188307,2
Q574725,2
Q244452,2
Q47328,2
Q4955276,2
Q1182938,2
Q2302542,2
Q3095068,2
Q81602,2
Q6534524,2
Q244217,2
Q1259197,2
Q4642513,2
Q22969221,2
Q305016,2
Q806528,2
Q11588275,2
Q2649726,2
Q25399153,2
Q213777,2
Q1968442,2
Q4912032,2
Q1391842,2
Q5062926,2
Q727379,2
Q262599,2
Q22134899,2
Q52109,2
Q22284183,2
Q22303252,2
Q22303469,2
Q21611565,2
Q329637,2
Q22341339,2
Q23831159,2
Q891431,2
Q2000006,2
Q2123335,2
Q29099,2
Q22676046,2
Q22680183,2
Q22680998,2
Q2276562,2
Q141130,2
Q27242623,2
Q181888,2
Q3733304,2
Q30057161,2
Q3541926,2
Q648145,2
Q797476,2
Q2204140,2
Q3257934,2
Q982,2
Q23044632,2
Q1428914,2
Q5039412,2
Q20018725,2
Q23069355,2
Q23058955,2
Q130768,2
Q42042,2
Q193579,2
Q5014368,2
Q4965957,2
Q23687321,2
Q828310,2
Q3643283,2
Q3691578,2
Q23768702,2
Q2615803,2
Q17624049,2
Q252626,2
Q370563,2
Q23891529,2
Q22921095,2
Q4469107,2
Q4671162,2
Q19904114,2
Q322481,2
Q1541065,2
Q58702,2
Q25392373,2
Q429006,2
Q328989,2
Q29887391,2
Q5493941,2
Q22955759,2
Q3305505,2
Q15648878,2
Q1255921,2
Q24514374,2
Q2003285,2
Q19754913,2
Q5473425,2
Q11269390,2
Q185369,2
Q24652622,2
Q24668282,2
Q24718264,2
Q22981361,2
Q24715140,2
Q11129163,2
Q25091699,2
Q27068180,2
Q24961814,2
Q187665,2
Q1957191,2
Q1069725,2
Q198721,2
Q28141548,2
Q245341,2
Q12280397,2
Q372561,2
Q1318959,2
Q19825174,2
Q4206743,2
Q3712163,2
Q23069392,2
Q21365232,2
Q26553,2
Q25938846,2
Q29167934,2
Q7318016,2
Q25366747,2
Q11083290,2
Q1764334,2
Q1553201,2
Q178930,2
Q863531,2
Q2264369,2
Q19606345,2
Q2279967,2
Q106370,2
Q501972,2
Q352917,2
Q26143122,2
Q3882220,2
Q26205359,2
Q26205842,2
Q26205742,2
Q26212224,2
Q859482,2
Q30064116,2
Q1143371,2
Q30249630,2
Q2243678,2
Q759882,2
Q868749,2
Q1049792,2
Q1218265,2
Q2072735,2
Q155931,2
Q26721034,2
Q16058015,2
Q163735,2
Q1283223,2
Q978297,2
Q28971213,2
Q8256049,2
Q3653993,2
Q18330530,2
Q26932627,2
Q186819,2
Q29971577,2
Q3352470,2
Q367035,2
Q26972777,2
Q175861,2
Q595658,2
Q1983791,2
Q27042791,2
Q27043353,2
Q27043355,2
Q2955089,2
Q2954798,2
Q2057230,2
Q129523,2
Q21130352,2
Q1408683,2
Q1501067,2
Q829304,2
Q15427948,2
Q235041,2
Q3775662,2
Q18694600,2
Q27120778,2
Q7079603,2
Q27147479,2
Q30097846,2
Q830360,2
Q708312,2
Q329022,2
Q30023446,2
Q29164,2
Q248425,2
Q30068618,2
Q30318085,2
Q2451765,2
Q5030944,2
Q2834308,2
Q2373044,2
Q2286694,2
Q13486385,2
Q13486398,2
Q13486395,2
Q1470855,2
Q222738,2
Q1885183,2
Q3746082,2
Q214272,2
Q10845930,2
Q91818,2
Q182731,2
Q1491044,2
Q3428685,2
Q2196917,2
Q27917249,2
Q2436669,2
Q27955381,2
Q10987,2
Q152478,2
Q6220,2
Q867648,2
Q3303500,2
Q3884394,2
Q1053964,2
Q28018927,2
Q19267382,2
Q15851298,2
Q7248116,2
Q1088910,2
Q1430364,2
Q7302818,2
Q3325510,2
Q4851537,2
Q21777907,2
Q28114062,2
Q2819159,2
Q22303186,2
Q30057177,2
Q30080394,2
Q137937,2
Q695860,2
Q191489,2
Q13504537,2
Q2864343,2
Q14346334,2
Q16040909,2
Q185351,2
Q1092873,2
Q20156241,2
Q2118209,2
Q4364292,2
Q11826511,2
Q2984138,2
Q28920301,2
Q19946292,2
Q213456,2
Q6625963,2
Q2381177,2
Q571929,2
Q1826259,2
Q22681018,2
Q497118,2
Q28647546,2
Q6886361,2
Q10283140,2
Q2633362,2
Q15177520,2
Q16514256,2
Q6171351,2
Q1933683,2
Q28925706,2
Q28937102,2
Q144334,2
Q4038434,2
Q691652,2
Q29032782,2
Q1756459,2
Q2132068,2
Q1140419,2
Q900464,2
Q2356943,2
Q577947,2
Q26299910,2
Q200823,2
Q217164,2
Q15973082,2
Q11815562,2
Q1940345,2
Q930827,2
Q939611,2
Q2465852,2
Q1054101,2
Q246815,2
Q3012517,2
Q4126791,2
Q2113757,2
Q50643,2
Q290439,2
Q4112110,2
Q1455863,2
Q2269650,2
Q2481648,2
Q922337,2
Q1068162,2
Q11681141,2
Q17239713,2
Q472953,2
Q29433391,2
Q448030,2
Q29509625,2
Q25408461,2
Q27030777,2
Q29561746,2
Q58122,2
Q7255179,2
Q753490,2
Q108212,2
Q291240,2
Q421831,2
Q421092,2
Q184196,2
Q413369,2
Q30064617,2
Q29644058,2
Q29918287,2
Q29651120,2
Q82658,2
Q23383,2
Q2823250,2
Q1920794,2
Q37559,2
Q3631337,2
Q171058,2
Q30061448,2
Q23425500,2
Q29885819,2
Q5451695,2
Q585473,2
Q168456,2
Q11384,2
Q25327,2
Q7368,2
Q30061109,2
Q125734,2
Q17325710,2
Q186986,2
Q7058657,2
Q525800,2
Q179509,2
Q30051105,2
Q3077746,2
Q741182,2
Q27556043,2
Q8026900,2
Q27955475,2
Q1382345,2
Q1094374,2
Q180859,2
Q30249268,2
Q29637599,2
Q1666255,2
Q30145130,2
Q27865301,2
Q2569925,2
Q31047247,2
Q12055736,2
Q30433521,2
Q27042506,2
Q10671833,2
Q2954801,2
Q1147226,2
Q27048399,2
Q129576,2
Q679847,2
Q26972716,2
Q27043933,2
Q27043338,2
Q27048392,2
Q27230604,2
Q32636,2
Q27055700,2
Q27235632,2
Q27055699,2
Q17768966,2
Q19364326,2
Q129519,2
Q947787,2
Q31458588,2
Q31385480,2
Q6138701,2
Q743165,2
Q12047881,2
Q18805,2
Q2264133,2
Q2955204,2
Q30647231,2
Q7735,2
Q1200828,2
Q6501319,2
Q492038,2
Q2095930,2
Q33308141,2
Q5464449,2
Q12057785,2
Q20136,2
Q18020205,2
Q33874813,2
Q189290,2
Q2593668,2
Q3618366,2
Q247299,2
Q2296401,2
Q7432,2
Q3653998,2
Q1715977,2
Q59908,2
Q1552509,2
Q16926263,2
Q36378315,2
Q2405480,2
Q1293664,2
Q208511,2
Q146505,2
Q1319599,2
Q103495,2
Q30047053,2
Q7174,2
Q3311614,2
Q235690,2
Q55564,2
Q19816359,2
Q2578218,2
Q544443,2
Q15831325,2
Q779415,2
Q1548518,2
Q60138,2
Q24534061,2
Q812800,2
Q5855,2
Q8963332,2
Q5385916,2
Q25929224,2
Q16797,2
Q3098609,2
Q889659,2
Q1364273,2
Q217036,2
Q423118,2
Q3375719,2
Q281019,2
Q10886944,2
Q933504,2
Q489772,2
Q2378,2
Q3012407,2
Q49455,2
Q1874467,2
Q587252,2
Q19601179,2
Q3057962,2
Q207810,2
Q2159907,2
Q8346506,2
Q12350930,2
Q26382,2
Q2067046,2
Q1050126,2
Q2718886,2
Q141180,2
Q413302,2
Q2537829,2
Q2005696,2
Q1417524,2
Q25810847,2
Q1528166,2
Q15198957,2
Q3961007,2
Q10497835,2
Q149273,2
Q1137463,2
Q5742644,2
Q3139104,2
Q26492853,2
Q1451661,2
Q215084,2
Q9177152,2
Q625107,2
Q6046311,2
Q11190,2
Q24060707,2
Q6484291,2
Q9165172,2
Q724975,2
Q742129,2
Q578584,2
Q510406,2
Q708399,2
Q771409,2
Q2143039,2
Q1477205,2
Q29564129,2
Q2314198,2
Q644628,2
Q27653727,2
Q338047,2
Q3685450,2
Q714886,2
Q27141,2
Q8327,2
Q236122,2
Q1931790,2
Q171789,2
Q245032,2
Q309479,2
Q11790686,2
Q1420960,2
Q10361123,2
Q1048337,2
Q83020,2
Q1628553,2
Q7888954,2
Q28795800,2
Q18592743,2
Q266529,2
Q4374872,2
Q1006283,2
Q47616,2
Q7398668,2
Q27598291,2
Q1043197,2
Q419827,2
Q188886,2
Q1385519,2
Q81945,2
Q1579590,2
Q28919945,2
Q26990366,2
Q11236878,2
Q1052595,2
Q3808854,2
Q43310,2
Q11652,2
Q26944969,2
Q15331,2
Q1279297,2
Q600571,2
Q166409,2
Q145050,2
Q26959050,2
Q300807,2
Q898912,2
Q1162751,2
Q811195,2
Q854218,2
Q339230,2
Q2914432,2
Q6073871,2
Q221696,2
Q339725,2
Q167198,2
Q409108,2
Q21004545,2
Q14333920,2
Q638774,2
Q1636041,2
Q25544724,2
Q3699460,2
Q5063597,2
Q1484801,2
Q7338181,2
Q3243120,2
Q1210425,2
Q14714096,2
Q652601,2
Q5332280,2
Q1501186,2
Q29072474,2
Q481184,2
Q47146,2
Q1554231,2
Q3559093,2
Q621681,2
Q4903126,2
Q30090244,2
Q21032617,2
Q7447785,2
Q2166722,2
Q1094545,2
Q25664762,2
Q1422068,2
Q728659,2
Q8011595,2
Q20489120,2
Q3707858,2
Q1573033,2
Q10374568,2
Q3507642,2
Q682010,2
Q4344871,2
Q454967,2
Q184442,2
Q4284762,2
Q370502,2
Q947369,2
Q18698522,2
Q2048257,2
Q18396746,2
Q4497736,2
Q2106340,2
Q21857512,2
Q780706,2
Q1331392,2
Q26343751,2
Q1075238,2
Q1172021,2
Q19963413,2
Q3516862,2
Q184754,2
Q3457057,2
Q6543035,2
Q462437,2
Q605981,2
Q2138320,2
Q16011789,2
Q2523684,2
Q11608028,2
Q211382,2
Q990533,2
Q712903,2
Q2298624,2
Q881790,2
Q1528432,2
Q19545459,2
Q1351306,2
Q504154,2
Q4946304,2
Q1891808,2
Q3468837,2
Q3032311,2
Q209588,2
Q936635,2
Q5622819,2
Q1434352,2
Q798966,2
Q17387315,2
Q1452516,2
Q634540,2
Q12880211,2
Q1520278,2
Q166034,2
Q1366274,2
Q10872094,2
Q868580,2
Q2780613,2
Q3437543,2
Q22696381,2
Q5227393,2
Q9492,2
Q208532,2
Q41177,2
Q18396734,2
Q19845316,2
Q1264690,2
Q1743327,2
Q1195253,2
Q4070702,2
Q205944,2
Q422637,2
Q15978610,2
Q204520,2
Q11682252,2
Q660304,2
Q16575965,2
Q2091703,2
Q7817,2
Q7068215,2
Q133485,2
Q299939,2
Q380057,2
Q2467310,2
Q385653,2
Q2989649,2
Q1322589,2
Q992559,2
Q1799794,2
Q1253136,2
Q614593,2
Q81839,2
Q1930290,2
Q675576,2
Q716204,2
Q3719391,2
Q11739683,2
Q356936,2
Q18631232,2
Q1054949,2
Q946837,2
Q1411533,2
Q5164823,2
Q2914732,2
Q7093596,2
Q17171019,2
Q45701,2
Q80091,2
Q17175093,2
Q1172367,2
Q8024975,2
Q1695783,2
Q2126491,2
Q443874,2
Q426564,2
Q213477,2
Q205895,2
Q4936585,2
Q13377687,2
Q190426,2
Q12336407,2
Q1327500,2
Q1642334,2
Q980509,2
Q7639615,2
Q6054716,2
Q3455658,2
Q1208326,2
Q15121455,2
Q748822,2
Q7574098,2
Q10878611,2
Q62687,2
Q193457,2
Q5037279,2
Q1597325,2
Q6616960,2
Q58964,2
Q1369071,2
Q7094097,2
Q3253199,2
Q193470,2
Q15709963,2
Q188968,2
Q624083,2
Q1662123,2
Q23465260,2
Q2406527,2
Q856567,2
Q1500492,2
Q19828505,2
Q178185,2
Q1427914,2
Q795549,2
Q4031337,2
Q4716510,2
Q20181008,2
Q1620838,2
Q180256,2
Q552334,2
Q5570909,2
Q1236466,2
Q2463167,2
Q653060,2
Q617028,2
Q3128632,2
Q15590034,2
Q7942315,2
Q1868068,2
Q55638,2
Q2560442,2
Q5464137,2
Q10404157,2
Q3358760,2
Q15590336,2
Q1428421,2
Q8436198,2
Q184199,2
Q730757,2
Q3262334,2
Q22117085,2
Q11022,2
Q5932254,2
Q4651900,2
Q2404232,2
Q28545,2
Q130760,2
Q19952562,2
Q28607652,2
Q2534469,2
Q4825026,2
Q918448,2
Q1783100,2
Q5419229,2
Q7209480,2
Q634509,2
Q29091078,2
Q746359,2
Q7373991,2
Q3406328,2
Q1371499,2
Q1260046,2
Q1571844,2
Q545118,2
Q617219,2
Q10816,2
Q247506,2
Q1158173,2
Q1540459,2
Q1325214,2
Q1800684,2
Q14944295,2
Q15820163,2
Q280409,2
Q1077857,2
Q28231040,2
Q3271199,2
Q19816755,2
Q948657,2
Q4413022,2
Q18844627,2
Q209672,2
Q11635005,2
Q208128,2
Q1639168,2
Q1237972,2
Q48361,2
Q626700,2
Q1158818,2
Q27687433,2
Q3263954,2
Q4826593,2
Q11425,2
Q1416251,2
Q577698,2
Q29971465,2
Q2995644,2
Q1877868,2
Q207791,2
Q268378,2
Q3635085,2
Q20746389,2
Q1133563,2
Q4576564,2
Q25907338,2
Q2623499,2
Q2296803,2
Q12056833,2
Q777574,2
Q34336804,2
Q358010,2
Q542929,2
Q15809857,2
Q14524975,2
Q512313,2
Q219575,2
Q885115,2
Q167563,2
Q11996080,2
Q2017194,2
Q2609547,2
Q20819322,2
Q2248596,2
Q651267,2
Q1572407,2
Q28081313,2
Q950055,2
Q1234707,2
Q2238889,2
Q1802710,2
Q17118976,2
Q992237,2
Q1654422,2
Q6604094,2
Q1370672,2
Q7948675,2
Q2282251,2
Q2752427,2
Q383695,2
Q1798581,2
Q850292,2
Q3327870,2
Q44506,2
Q37187,2
Q925348,2
Q178843,2
Q2709593,2
Q9053,2
Q33614,2
Q4438147,2
Q15978856,2
Q7830214,2
Q23013246,2
Q1400059,2
Q1958838,2
Q784242,2
Q1140112,2
Q7862038,2
Q19832242,2
Q3916334,2
Q1892516,2
Q472055,2
Q1965390,2
Q482999,2
Q8349093,2
Q900189,2
Q127899,2
Q1125321,2
Q1059648,2
Q418776,2
Q44602,2
Q5937054,2
Q1153429,2
Q1512291,2
Q1370720,2
Q907342,2
Q28919921,2
Q1756348,2
Q2751015,2
Q11640,2
Q185230,2
Q18054608,2
Q18042594,2
Q2555063,2
Q181008,2
Q2013529,2
Q260696,2
Q186424,2
Q2903810,2
Q5446562,2
Q377966,2
Q25110567,2
Q21772656,2
Q8217374,2
Q254077,2
Q185905,2
Q3577960,2
Q15235045,2
Q2995597,2
Q407997,2
Q1155117,2
Q3029606,2
Q2725376,2
Q15614016,2
Q18195767,2
Q1149963,2
Q27534557,2
Q2098169,2
Q483426,2
Q3058221,2
Q28476987,2
Q913554,2
Q3113886,2
Q1080427,2
Q8698,2
Q3122476,2
Q1475041,2
Q3572503,2
Q2349495,2
Q966601,2
Q7492302,2
Q1639512,2
Q158970,2
Q213383,2
Q6936320,2
Q441606,2
Q5421699,2
Q363268,2
Q115237,2
Q674484,2
Q168717,2
Q328475,2
Q976195,2
Q4306757,2
Q2303637,2
Q12032893,2
Q11930814,2
Q29884199,2
Q1460420,2
Q3441233,2
Q5502305,2
Q14510027,2
Q3534358,2
Q15056459,2
Q3535032,2
Q3535302,2
Q3538838,2
Q6577295,2
Q1087471,2
Q12042581,2
Q385582,2
Q28051323,2
Q584157,2
Q911871,2
Q299289,2
Q841418,2
Q1552269,2
Q560080,2
Q1954059,2
Q3690848,2
Q1749301,2
Q32194977,2
Q430173,2
Q2819585,2
Q6568880,2
Q83500,2
Q16141341,2
Q648376,2
Q3883251,2
Q15664,2
Q1400752,2
Q1090212,2
Q21168703,2
Q3922366,2
Q1444957,2
Q3957464,2
Q3962958,2
Q207703,2
Q716644,2
Q4832177,2
Q3547494,2
Q1584957,2
Q7139294,2
Q3535243,2
Q16869121,2
Q4090062,2
Q2916264,2
Q2663712,2
Q461319,2
Q375,2
Q1540324,2
Q4145423,2
Q21029955,2
Q2888585,2
Q1144312,2
Q4375512,2
Q3958017,2
Q4191412,2
Q4192722,2
Q4093000,2
Q1346149,2
Q2323591,2
Q1606685,2
Q12243080,2
Q28665991,2
Q21073970,2
Q20740481,2
Q1320217,2
Q42710,2
Q2003852,2
Q4314687,2
Q13368786,2
Q9160914,2
Q221612,2
Q1144345,2
Q3756431,2
Q10290447,2
Q766051,2
Q2296331,2
Q4806779,2
Q2942913,2
Q29137,2
Q133327,2
Q7011676,2
Q389934,2
Q20981001,2
Q43054,2
Q1627572,2
Q6611929,2
Q736922,2
Q8458384,2
Q558929,2
Q194270,2
Q4869272,2
Q4836485,2
Q1509590,2
Q619800,2
Q16702367,2
Q267298,2
Q37710,2
Q2740804,2
Q30114493,2
Q3783103,2
Q3804270,2
Q38695,2
Q20053795,2
Q535039,2
Q237260,2
Q7444705,2
Q1893126,2
Q181260,2
Q267276,2
Q1413962,2
Q7239271,2
Q18647519,2
Q61061,2
Q1932583,2
Q31407679,2
Q15205918,2
Q21705016,2
Q1550436,2
Q1225289,2
Q1149649,2
Q1414130,2
Q3068523,2
Q5264400,2
Q1479406,2
Q6554356,2
Q312154,2
Q6060877,2
Q181066,2
Q8778173,2
Q947859,2
Q692218,2
Q5464061,2
Q3775029,2
Q31977010,2
Q235779,2
Q192628,2
Q7949,2
Q7603696,2
Q171899,2
Q584111,2
Q3313144,2
Q2883346,2
Q2331011,2
Q4998628,2
Q24300735,2
Q14522552,2
Q869974,2
Q17412582,2
Q26945175,2
Q16884104,2
Q16515166,2
Q918316,2
Q201486,2
Q16686448,2
Q10858537,2
Q3048621,2
Q21081471,2
Q5477273,2
Q3093483,2
Q179177,2
Q16886387,2
Q3550859,2
Q438419,2
Q1810596,2
Q2169973,2
Q653139,2
Q3710483,2
Q12630381,2
Q7766927,2
Q1631154,2
Q1568940,2
Q5192251,2
Q2428375,2
Q3225501,2
Q1662034,2
Q161172,2
Q4574554,2
Q7623004,2
Q14644,2
Q482612,2
Q184870,2
Q8527477,2
Q23579772,2
Q2736610,2
Q1670674,2
Q43059,2
Q1265179,2
Q3333303,2
Q831698,2
Q7541461,2
Q1851760,2
Q466723,2
Q6954192,2
Q15043775,2
Q1709084,2
Q10492745,2
Q4856009,2
Q2994840,2
Q13419784,2
Q10294,2
Q8068978,2
Q30158743,2
Q135022,2
Q1649060,2
Q8348544,2
Q1647772,2
Q194070,2
Q4419860,2
Q47217,2
Q15119321,2
Q1078003,2
Q4833769,2
Q816747,2
Q43015,2
Q23023032,2
Q4876183,2
Q15643694,2
Q606639,2
Q1428339,2
Q25805559,2
Q690856,2
Q303064,2
Q29576257,2
Q25831098,2
Q388924,2
Q10991973,2
Q5134353,2
Q2933722,2
Q27968859,2
Q5323475,2
Q254549,2
Q466449,2
Q7281038,2
Q20602715,2
Q7814110,2
Q902899,2
Q332985,2
Q931309,2
Q108874,2
Q19297668,2
Q731841,2
Q5302681,2
Q531067,2
Q1129142,2
Q103510,2
Q11083590,2
Q628261,2
Q3486472,2
Q322510,2
Q15709638,2
Q15700457,2
Q30301630,2
Q30057167,2
Q30057148,2
Q30620203,2
Q7550889,2
Q382454,2
Q203764,2
Q15292273,2
Q910284,2
Q22669665,2
Q648352,2
Q2060881,2
Q754796,2
Q7603893,2
Q215862,2
Q1894736,2
Q15813351,2
Q17222171,2
Q61982,2
Q168796,2
Q19389321,2
Q2084291,2
Q17897,2
Q208697,2
Q1723677,2
Q1429491,2
Q23485,2
Q249534,2
Q2616170,2
Q21010653,2
Q1089710,2
Q921543,2
Q910157,2
Q932420,2
Q17483935,2
Q10444915,2
Q1775946,2
Q30092802,2
Q120319,2
Q188907,2
Q746398,2
Q10680894,2
Q1067316,2
Q622822,2
Q11554007,2
Q25350,2
Q148920,2
Q6405680,2
Q3774112,2
Q1340449,2
Q3146365,2
Q7541579,2
Q788099,2
Q11650194,2
Q11249728,2
Q28549308,2
Q28753832,2
Q11644859,2
Q11626718,2
Q11565586,2
Q11366867,2
Q7506279,2
Q11672932,2
Q7304607,2
Q160710,2
Q2914877,2
Q20820021,2
Q950799,2
Q673831,2
Q157169,2
Q7493710,2
Q6545590,2
Q20749395,2
Q11994830,2
Q16963175,2
Q18193550,2
Q147439,2
Q1418124,2
Q2724850,2
Q1835030,2
Q28521933,2
Q189393,2
Q12312023,2
Q2972109,2
Q1630279,2
Q17417403,2
Q1156976,2
Q240895,2
Q12793078,2
Q3113896,2
Q841331,2
Q16438244,2
Q22947,2
Q4131030,2
Q285562,2
Q3883337,2
Q147802,2
Q2621182,2
Q13527031,2
Q1526627,2
Q2618174,2
Q1360658,2
Q17013749,2
Q16534707,2
Q2836966,2
Q2654877,2
Q1363935,2
Q1364175,2
Q83900,2
Q16853459,2
Q1873505,2
Q713244,2
Q15214930,2
Q5469110,2
Q4788306,2
Q45948,2
Q2076599,2
Q2791298,2
Q51620,2
Q3836270,2
Q659909,2
Q7935198,2
Q19414,2
Q40171,2
Q9621,2
Q5153819,2
Q1145419,2
Q177253,2
Q13372028,2
Q39315,2
Q501950,2
Q2095072,2
Q1314183,2
Q23893804,2
Q19566950,2
Q21539784,2
Q719039,2
Q9773,2
Q1158847,2
Q15847738,2
Q2327779,2
Q7627836,2
Q2596516,2
Q6629955,2
Q10546297,2
Q634997,2
Q19272838,2
Q6863157,2
Q19816990,2
Q15142867,2
Q16967614,2
Q15247,2
Q1055905,2
Q11320476,2
Q3525787,2
Q1752434,2
Q11756304,2
Q1529487,2
Q1208102,2
Q2953911,2
Q16412466,2
Q514435,2
Q3248828,2
Q2951215,2
Q22119581,2
Q750693,2
Q13980014,2
Q3519259,2
Q589,2
Q1857766,2
Q29472543,2
Q1044204,2
Q5560268,2
Q170484,2
Q6046646,2
Q5583816,2
Q2005645,2
Q3478395,2
Q4825214,2
Q20571325,2
Q180907,2
Q768807,2
Q17781900,2
Q7561,2
Q14959225,2
Q1531228,2
Q9310121,2
Q18119622,2
Q588740,2
Q5785036,2
Q1135685,2
Q332988,2
Q3519361,2
Q17276459,2
Q150326,2
Q13472585,2
Q18934036,2
Q1195684,2
Q3109696,2
Q4007006,2
Q189829,2
Q2901446,2
Q2118683,2
Q2373034,2
Q24229398,2
Q1344669,2
Q1062234,2
Q616526,2
Q193040,2
Q15851339,2
Q2251287,2
Q165258,2
Q16965368,2
Q133235,2
Q1045782,2
Q12726126,2
Q9482,2
Q2306215,2
Q7233751,2
Q1037810,2
Q2392422,2
Q832107,2
Q11799049,2
Q8023562,2
Q15633191,2
Q1977689,2
Q5684968,2
Q4400497,2
Q2842797,2
Q3174429,2
Q2038845,2
Q1735281,2
Q187791,2
Q15081214,2
Q1203303,2
Q1969859,2
Q2792076,2
Q15874115,2
Q331189,2
Q13424425,2
Q3120628,2
Q3653323,2
Q14819852,2
Q15978715,2
Q785635,2
Q3000681,2
Q786753,2
Q16059578,2
Q11873756,2
Q1839489,2
Q2995097,2
Q9049284,2
Q28056455,2
Q175151,2
Q15941614,2
Q17189885,2
Q1232283,2
Q396067,2
Q21573785,2
Q1169332,2
Q607081,2
Q1416696,2
Q19798657,2
Q440622,2
Q101191,2
Q11835431,2
Q188956,2
Q4231608,2
Q1959314,2
Q14405627,2
Q2875687,2
Q138754,2
Q12741163,2
Q1661179,2
Q5873,2
Q3898885,2
Q19788086,2
Q2113743,2
Q1092777,2
Q18325460,2
Q2624520,2
Q76470,2
Q9197458,2
Q263790,2
Q2143591,2
Q1465216,2
Q191022,2
Q20522335,2
Q1092864,2
Q3097686,2
Q7445023,2
Q1352923,2
Q539062,2
Q1337975,2
Q6498684,2
Q5510053,2
Q4048381,2
Q132922,2
Q18721961,2
Q3232092,2
Q5242890,2
Q1554737,2
Q16274948,2
Q1762621,2
Q277608,2
Q1463025,2
Q207333,2
Q3968555,2
Q847,2
Q1413570,2
Q106094,2
Q18413540,2
Q1122189,2
Q4162586,2
Q3122725,2
Q477108,2
Q33076666,2
Q131479,2
Q1782964,2
Q16487660,2
Q235715,2
Q3808940,2
Q1247836,2
Q1783563,2
Q21079327,2
Q782541,2
Q843475,2
Q28912,2
Q21449809,2
Q21448307,2
Q147256,2
Q186649,2
Q6406128,2
Q30158711,2
Q620113,2
Q17098985,2
Q6190055,2
Q1297532,2
Q21714502,2
Q2033879,2
Q4025234,2
Q21855693,2
Q361561,2
Q5504601,2
Q423037,2
Q8500,2
Q651765,2
Q2717262,2
Q21439577,2
Q5283178,2
Q1370420,2
Q2564187,2
Q22284188,2
Q2896170,2
Q22303567,2
Q13263,2
Q69488,2
Q979949,2
Q22570393,2
Q13105293,2
Q22677272,2
Q129547,2
Q187146,2
Q15841493,2
Q2312838,2
Q15728963,2
Q2593288,2
Q11735645,2
Q3518553,2
Q831092,2
Q931884,2
Q2875324,2
Q13587273,2
Q2922384,2
Q332128,2
Q331900,2
Q12155881,2
Q2724438,2
Q22669850,2
Q3242283,2
Q2951203,2
Q3282637,2
Q926499,2
Q299459,2
Q245025,2
Q209827,2
Q4877154,2
Q846227,2
Q7317803,2
Q4406616,2
Q154262,2
Q157964,2
Q19588431,2
Q1060822,2
Q23768703,2
Q1046315,2
Q2750585,2
Q16636006,2
Q18398453,2
Q24028042,2
Q28031512,2
Q26959023,2
Q175902,2
Q226008,2
Q2953981,2
Q6501095,2
Q343622,2
Q17017345,2
Q683471,2
Q1776397,2
Q24717924,2
Q185948,2
Q24731482,2
Q22079587,2
Q184963,2
Q406699,2
Q2950973,2
Q3326985,2
Q24961162,2
Q217102,2
Q355844,2
Q23069366,2
Q23069407,2
Q23069364,2
Q25353907,2
Q25353911,2
Q739425,2
Q1725664,2
Q25620275,2
Q158717,2
Q27121443,2
Q14752696,2
Q25885414,2
Q5779422,2
Q1751375,2
Q545599,2
Q7579713,2
Q30061429,2
Q409403,2
Q20859854,2
Q901207,2
Q861654,2
Q6139189,2
Q623272,2
Q26714979,2
Q26720101,2
Q588962,2
Q214488,2
Q20970324,2
Q275473,2
Q17275264,2
Q251370,2
Q46871,2
Q470006,2
Q26268364,2
Q24657180,2
Q22231117,2
Q3653996,2
Q1127717,2
Q2560088,2
Q37226,2
Q7556723,2
Q17624434,2
Q304628,2
Q1131681,2
Q3117735,2
Q27042502,2
Q27043341,2
Q27044154,2
Q27048391,2
Q1558043,2
Q29439175,2
Q12339722,2
Q27133451,2
Q27133615,2
Q820114,2
Q1557709,2
Q1792936,2
Q1898184,2
Q30098384,2
Q27077659,2
Q27302796,2
Q10508484,2
Q27493204,2
Q27493488,2
Q947686,2
Q19359994,2
Q2372973,2
Q27555050,2
Q7700325,2
Q864114,2
Q23000060,2
Q11513337,2
Q5054109,2
Q6497446,2
Q19558910,2
Q799376,2
Q7643432,2
Q2116411,2
Q5305765,2
Q18175414,2
Q2983546,2
Q2518691,2
Q3738266,2
Q2951214,2
Q27966643,2
Q19131630,2
Q540912,2
Q30057187,2
Q5613963,2
Q263443,2
Q19927291,2
Q20726407,2
Q28114366,2
Q4348600,2
Q22079925,2
Q2057790,2
Q372370,2
Q273480,2
Q1249556,2
Q378499,2
Q61231,2
Q13342461,2
Q907939,2
Q16639386,2
Q23001672,2
Q28026389,2
Q15644358,2
Q486748,2
Q30160614,2
Q28738741,2
Q2442510,2
Q421300,2
Q1953071,2
Q755706,2
Q28789901,2
Q1949268,2
Q504353,2
Q1753397,2
Q1193262,2
Q28854699,2
Q28866988,2
Q25345697,2
Q28871036,2
Q6707256,2
Q128116,2
Q11924610,2
Q11150365,2
Q2039061,2
Q27201,2
Q1397808,2
Q20659907,2
Q838312,2
Q28371788,2
Q1150647,2
Q20716290,2
Q454321,2
Q314967,2
Q5466437,2
Q29055477,2
Q1057060,2
Q2571478,2
Q3512787,2
Q233104,2
Q38942,2
Q1590639,2
Q11642,2
Q266680,2
Q678883,2
Q23201577,2
Q917244,2
Q21263223,2
Q8343,2
Q2442735,2
Q1650313,2
Q5736554,2
Q30105179,2
Q180211,2
Q332148,2
Q3289701,2
Q4856000,2
Q10498262,2
Q19750345,2
Q812880,2
Q3725079,2
Q103223,2
Q1480633,2
Q1181693,2
Q17003392,2
Q4500821,2
Q1352349,2
Q30043897,2
Q21146257,2
Q30051111,2
Q2517447,2
Q24700831,2
Q209894,2
Q30161376,2
Q940435,2
Q30081624,2
Q30158595,2
Q30158578,2
Q11378676,2
Q3692489,2
Q30301610,2
Q30319077,2
Q30322563,2
Q8275050,2
Q203415,2
Q30456288,2
Q27048407,2
Q308876,2
Q30579807,2
Q30651197,2
Q1322856,2
Q387318,2
Q3334740,2
Q24617852,2
Q27055631,2
Q27056305,2
Q24618030,2
Q3737909,2
Q29954,2
Q13427002,2
Q157881,2
Q17292,2
Q28763156,2
Q30145312,2
Q13580466,2
Q17015069,2
Q1456110,2
Q26228109,2
Q30894537,2
Q30894544,2
Q3357759,2
Q3125390,2
Q42278,2
Q18019760,2
Q20671979,2
Q3726198,2
Q2085515,2
Q29045049,2
Q47577,2
Q595841,2
Q4198907,2
Q152559,2
Q650001,2
Q1094397,2
Q476256,2
Q1260524,2
Q7251271,2
Q3039808,2
Q331483,2
Q129372,2
Q2066131,2
Q309314,2
Q17134625,2
Q1195697,2
Q1059843,2
Q2661866,2
Q1192049,2
Q635346,2
Q20719696,2
Q921336,2
Q17638008,2
Q538552,2
Q1416310,2
Q18327525,2
Q14754906,2
Q3663093,2
Q188248,2
Q1910697,2
Q51623,2
Q838447,2
Q1260913,2
Q518554,2
Q28653690,2
Q28922887,2
Q81639,2
Q425196,2
Q1923776,2
Q1767829,2
Q1803836,2
Q17355126,2
Q848950,2
Q947662,2
Q407654,2
Q102059,2
Q20035780,2
Q5242940,2
Q202490,2
Q1439151,2
Q408683,2
Q691899,2
Q34362,2
Q2275640,2
Q29463760,2
Q649499,2
Q173740,2
Q1321906,2
Q7708379,2
Q767728,2
Q20055213,2
Q8038531,2
Q20820011,2
Q29457308,2
Q17126200,2
Q1980736,2
Q3075619,2
Q18618843,2
Q432852,2
Q539558,2
Q16980,2
Q967453,2
Q830840,2
Q3177897,2
Q15623966,2
Q1735607,2
Q299287,2
Q575259,2
Q7830341,2
Q7251505,2
Q3778724,2
Q354869,2
Q1595418,2
Q337481,2
Q35012916,2
Q6766437,2
Q1436715,2
Q1221179,2
Q11850905,2
Q11571060,2
Q19354904,2
Q581102,2
Q1391831,2
Q107885,2
Q425094,2
Q739867,2
Q276530,2
Q1191303,2
Q1570561,2
Q1230779,2
Q2142347,2
Q2546327,2
Q910919,2
Q2748242,2
Q1474213,2
Q1088391,2
Q28654046,2
Q18643231,2
Q1541043,2
Q1475244,2
Q668732,2
Q11408,2
Q1286914,2
Q747260,2
Q1635558,2
Q27468928,2
Q501846,2
Q18347161,2
Q851210,2
Q2665569,2
Q17084016,2
Q15921693,2
Q17342249,2
Q7841425,2
Q38090,2
Q42233,2
Q3617607,2
Q5500839,2
Q2367441,2
Q33038168,2
Q20860015,2
Q316870,2
Q2250844,2
Q209287,2
Q716678,2
Q3831861,2
Q645292,2
Q582956,2
Q15063160,2
Q6133514,2
Q206021,2
Q25696292,2
Q747501,2
Q16641394,2
Q39295,2
Q810231,2
Q31920,2
Q828862,2
Q2784317,2
Q662712,2
Q5557804,2
Q173462,2
Q856568,2
Q133981,2
Q105769,2
Q7144664,2
Q364974,2
Q11798212,2
Q898367,2
Q9805708,2
Q11081100,2
Q34542788,2
Q1412674,2
Q28920193,2
Q613969,2
Q21282560,2
Q2336849,2
Q16848268,2
Q695817,2
Q1377654,2
Q1033744,2
Q1665513,2
Q1917599,2
Q306650,2
Q694045,2
Q28842757,2
Q3205712,2
Q466603,2
Q1073723,2
Q1188457,2
Q29051834,2
Q81009,2
Q3322352,2
Q6503676,2
Q448535,2
Q1548406,2
Q1859219,2
Q1054063,2
Q19824398,2
Q13499,2
Q1413715,2
Q1772543,2
Q1840469,2
Q814267,2
Q1348223,2
Q1255377,2
Q184150,2
Q687191,2
Q38559,2
Q7309198,2
Q3757442,2
Q327754,2
Q1046083,2
Q3955369,2
Q500348,2
Q4839591,2
Q17502905,2
Q1098652,2
Q7595782,2
Q21013734,2
Q607538,2
Q18175774,2
Q908488,2
Q18341205,2
Q861626,2
Q849132,2
Q3250797,2
Q1377066,2
Q1259733,2
Q898144,2
Q23498051,2
Q210765,2
Q2964430,2
Q50701,2
Q1456873,2
Q22442629,2
Q273693,2
Q1636444,2
Q1144996,2
Q2069715,2
Q623344,2
Q686697,2
Q12068060,2
Q855680,2
Q570730,2
Q15229753,2
Q1151752,2
Q319440,2
Q2523674,2
Q277821,2
Q640600,2
Q2026761,2
Q772630,2
Q592651,2
Q16886379,2
Q132612,2
Q1257025,2
Q103537,2
Q849732,2
Q855729,2
Q1889001,2
Q20180874,2
Q234852,2
Q9357091,2
Q2146862,2
Q1528243,2
Q12020884,2
Q7754,2
Q29561587,2
Q10374536,2
Q387834,2
Q2107826,2
Q378846,2
Q180481,2
Q2498771,2
Q611465,2
Q1589917,2
Q267497,2
Q1395267,2
Q30057134,2
Q8472042,2
Q178470,2
Q3397335,2
Q22793406,2
Q1877461,2
Q7876952,2
Q2561185,2
Q929061,2
Q4393922,2
Q3141606,2
Q48196,2
Q170170,2
Q199895,2
Q22530732,2
Q30340726,2
Q277587,2
Q3348159,2
Q1081004,2
Q1934476,2
Q2070623,2
Q16023911,2
Q3028865,2
Q521935,2
Q1230601,2
Q32059,2
Q783860,2
Q2136042,2
Q1070782,2
Q54552,2
Q1684549,2
Q1368524,2
Q15889187,2
Q541692,2
Q621154,2
Q5438907,2
Q2232513,2
Q4289143,2
Q19680204,2
Q2339879,2
Q3045365,2
Q10856,2
Q243449,2
Q1351823,2
Q19595266,2
Q1055974,2
Q2369721,2
Q2397164,2
Q5156750,2
Q7430,2
Q2200141,2
Q1414013,2
Q1069160,2
Q1682108,2
Q14520209,2
Q3491164,2
Q2071768,2
Q3733190,2
Q1781058,2
Q15991159,2
Q2673947,2
Q7074824,2
Q1974312,2
Q18553742,2
Q16965797,2
Q524624,2
Q905280,2
Q251741,2
Q2897058,2
Q29890737,2
Q2693423,2
Q15623456,2
Q282049,2
Q3508237,2
Q2997782,2
Q8350766,2
Q165970,2
Q1811328,2
Q9397629,2
Q3356147,2
Q1310967,2
Q3250715,2
Q1968,2
Q723563,2
Q10290435,2
Q2904725,2
Q21280556,2
Q1462606,2
Q1507004,2
Q865132,2
Q1026040,2
Q3354031,2
Q16254337,2
Q17027380,2
Q335095,2
Q1138237,2
Q234901,2
Q2269913,2
Q266790,2
Q778524,2
Q3554657,2
Q2720142,2
Q2362761,2
Q3508425,2
Q926869,2
Q1329312,2
Q332608,2
Q11142797,2
Q3014093,2
Q747779,2
Q650399,2
Q19776628,2
Q10571947,2
Q47774,2
Q52827,2
Q3627426,2
Q2324820,2
Q879208,2
Q20751022,2
Q3683622,2
Q3690591,2
Q760348,2
Q1662024,2
Q92080,2
Q7579811,2
Q27681726,2
Q1526860,2
Q1688297,2
Q3749106,2
Q1771708,2
Q3130489,2
Q3883137,2
Q3892581,2
Q15629585,2
Q3480271,2
Q19768,2
Q299714,2
Q1151663,2
Q3982723,2
Q13220650,2
Q1207217,2
Q15477174,2
Q1504910,2
Q4497724,2
Q225191,2
Q19776345,2
Q16487126,2
Q143874,2
Q1202243,2
Q31493,2
Q2066754,2
Q4291972,2
Q413719,2
Q754396,2
Q10460934,2
Q568225,2
Q2609152,2
Q3537642,2
Q2470981,2
Q2949134,2
Q152323,2
Q28868116,2
Q7203506,2
Q8452,2
Q358785,2
Q4698967,2
Q4780294,2
Q193255,2
Q28920164,2
Q3643272,2
Q4857090,2
Q10877961,2
Q4852446,2
Q1326471,2
Q116872,2
Q4979192,2
Q1665430,2
Q32112,2
Q15062149,2
Q1026858,2
Q28739778,2
Q18587891,2
Q1522907,2
Q420401,2
Q16829741,2
Q311392,2
Q7992116,2
Q10296503,2
Q7081474,2
Q4708579,2
Q257406,2
Q5367573,2
Q7389632,2
Q7128307,2
Q10550013,2
Q1198122,2
Q168346,2
Q897986,2
Q3068961,2
Q743569,2
Q7512818,2
Q7991424,2
Q5480665,2
Q429699,2
Q15729215,2
Q9050907,2
Q2672648,2
Q1646582,2
Q6066932,2
Q925783,2
Q9067642,2
Q2054307,2
Q34320210,2
Q6459129,2
Q6459321,2
Q21711101,2
Q15261456,2
Q1929999,2
Q2005893,2
Q1993385,2
Q6647097,2
Q19799,2
Q655589,2
Q1051411,2
Q30076753,2
Q835310,2
Q926734,2
Q7981128,2
Q170744,2
Q178564,2
Q14075,2
Q273140,2
Q847536,2
Q5691177,2
Q41263,2
Q545861,2
Q205737,2
Q7460350,2
Q1332857,2
Q5282763,2
Q8727648,2
Q974102,2
Q5147886,2
Q6974560,2
Q10630822,2
Q7834087,2
Q17003134,2
Q7246847,2
Q20950067,2
Q16956737,2
Q131502,2
Q7548531,2
Q7658365,2
Q814517,2
Q808744,2
Q23836,2
Q17134316,2
Q30063979,2
Q1058681,2
Q8428168,2
Q1068715,2
Q26958703,2
Q6061361,2
Q5137600,2
Q5156358,2
Q24579448,2
Q942348,2
Q769550,2
Q3326872,2
Q12578182,2
Q9976874,2
Q17460,2
Q59193,2
Q1311394,2
Q11903030,2
Q10405656,2
Q156112,2
Q2261863,2
Q54128,2
Q25400,2
Q10475385,2
Q12348888,2
Q15587490,2
Q10723813,2
Q8193880,2
Q1188574,2
Q6498317,2
Q950249,2
Q7193,2
Q206717,2
Q668711,2
Q1501257,2
Q1045860,2
Q11540927,2
Q2128336,2
Q1048478,2
Q11562912,2
Q11411938,2
Q810184,2
Q1850442,2
Q75029,2
Q219625,2
Q946790,2
Q11419,2
Q936738,2
Q11782565,2
Q232207,2
Q11897813,2
Q11936122,2
Q11216,2
Q674251,2
Q1283317,2
Q2115302,2
Q17772540,2
Q3506963,2
Q1317609,2
Q350114,2
Q218719,2
Q1148351,2
Q588542,2
Q748329,2
Q707372,2
Q5413443,2
Q6232685,2
Q12410165,2
Q1811379,2
Q3113850,2
Q21029992,2
Q11868838,2
Q286017,2
Q4300514,2
Q1770734,2
Q19971949,2
Q157845,2
Q1508646,2
Q1333285,2
Q3877108,2
Q15947723,2
Q1417169,2
Q531597,2
Q129172,2
Q157960,2
Q161292,2
Q3457112,2
Q15623000,2
Q325884,2
Q648474,2
Q27493788,2
Q3221490,2
Q3532042,2
Q15269212,2
Q3706062,2
Q5322959,2
Q897678,2
Q16138157,2
Q1573963,2
Q1411287,2
Q1249453,2
Q953813,2
Q6640302,2
Q819684,2
Q1727646,2
Q7262201,2
Q2948826,2
Q12029,2
Q13022003,2
Q12043672,2
Q1455543,2
Q28050019,2
Q18327519,2
Q220184,2
Q8030805,2
Q15842187,2
Q48599,2
Q7371765,2
Q5099912,2
Q4871193,2
Q2065452,2
Q15490293,2
Q2556809,2
Q3356245,2
Q17094399,2
Q2845,2
Q11274563,2
Q718744,2
Q1418259,2
Q133771,2
Q1187338,2
Q2040905,2
Q146234,2
Q17302693,2
Q1713397,2
Q508719,2
Q16700016,2
Q2397205,2
Q220025,2
Q1428946,2
Q17560626,2
Q13184,2
Q16861482,2
Q1959404,2
Q18094710,2
Q18087975,2
Q6932158,2
Q1688554,2
Q12061403,2
Q20850562,2
Q9340319,2
Q4350735,2
Q18483455,2
Q8229,2
Q192355,2
Q8024924,2
Q11250530,2
Q1109680,2
Q1661203,2
Q314038,2
Q192152,2
Q1797878,2
Q254213,2
Q3051958,2
Q20682745,2
Q1625763,2
Q613963,2
Q3928022,2
Q18823234,2
Q11455760,2
Q329525,2
Q1619873,2
Q11695935,2
Q880029,2
Q15427416,2
Q2223649,2
Q19359000,2
Q1159457,2
Q19806499,2
Q2100004,2
Q886270,2
Q1534477,2
Q7929147,2
Q41726,2
Q2843130,2
Q3107490,2
Q19962955,2
Q68530,2
Q1477977,2
Q18690969,2
Q1695924,2
Q27406,2
Q4856011,2
Q7215,2
Q4469110,2
Q864438,2
Q20521747,2
Q2251360,2
Q1653328,2
Q21281408,2
Q42253,2
Q3149078,2
Q20736216,2
Q375668,2
Q409332,2
Q3361987,2
Q3083292,2
Q7246865,2
Q21029882,2
Q192239,2
Q691836,2
Q21177050,2
Q485447,2
Q6452285,2
Q2490839,2
Q3977836,2
Q1138186,2
Q1527901,2
Q1390124,2
Q162734,2
Q217905,2
Q6556203,2
Q244254,2
Q48890,2
Q258699,2
Q21601954,2
Q24863351,2
Q4090677,2
Q145505,2
Q937946,2
Q7143051,2
Q894853,2
Q2553613,2
Q28033035,2
Q11220497,2
Q7879754,2
Q2497604,2
Q22284173,2
Q10387767,2
Q1468737,2
Q20985029,2
Q13360204,2
Q4498085,2
Q1562813,2
Q22583115,2
Q16104029,2
Q3843655,2
Q26268692,2
Q26208824,2
Q179274,2
Q13360578,2
Q10892,2
Q893590,2
Q829300,2
Q23058941,2
Q23070633,2
Q23070696,2
Q16465938,2
Q315442,2
Q1325105,2
Q15809666,2
Q19801121,2
Q18603647,2
Q15245506,2
Q23905964,2
Q177911,2
Q127950,2
Q1251441,2
Q16354305,2
Q286583,2
Q53121,2
Q3280043,2
Q1402346,2
Q11269382,2
Q471145,2
Q1723327,2
Q131313,2
Q30104056,2
Q611260,2
Q26836193,2
Q3333688,2
Q11893859,2
Q5321,2
Q1922416,2
Q476115,2
Q25381414,2
Q2494381,2
Q27701088,2
Q25396626,2
Q26132748,2
Q3906785,2
Q2064809,2
Q19902110,2
Q2884893,2
Q3365124,2
Q10385004,2
Q1847570,2
Q4330198,2
Q26720712,2
Q197969,2
Q21370382,2
Q159553,2
Q7619054,2
Q17123626,2
Q21077697,2
Q30894543,2
Q30894535,2
Q192521,2
Q27048375,2
Q27048401,2
Q27048421,2
Q175836,2
Q181559,2
Q19131625,2
Q1792356,2
Q27430110,2
Q27439663,2
Q27431279,2
Q27030837,2
Q27030827,2
Q20820194,2
Q26928149,2
Q121649,2
Q2646482,2
Q1782301,2
Q14515312,2
Q146350,2
Q15614235,2
Q32824150,2
Q1002469,2
Q7567536,2
Q15593630,2
Q231455,2
Q1546066,2
Q21009670,2
Q33972,2
Q428,2
Q28038718,2
Q12299153,2
Q9149754,2
Q30057188,2
Q414528,2
Q20884549,2
Q2333258,2
Q2359856,2
Q5317357,2
Q22670384,2
Q908349,2
Q28528076,2
Q3440455,2
Q16152180,2
Q14905957,2
Q182250,2
Q228332,2
Q7860,2
Q28858901,2
Q163759,2
Q928812,2
Q1318740,2
Q304958,2
Q41377,2
Q20310948,2
Q28943741,2
Q1361758,2
Q30061431,2
Q29052615,2
Q27301420,2
Q1537748,2
Q15806875,2
Q2996951,2
Q16543298,2
Q3037091,2
Q5124370,2
Q28512,2
Q40555,2
Q1123756,2
Q243519,2
Q899035,2
Q159998,2
Q8377,2
Q1133236,2
Q185529,2
Q122602,2
Q7923504,2
Q721931,2
Q8461,2
Q5114574,2
Q163778,2
Q22696,2
Q272844,2
Q411882,2
Q105006,2
Q3214022,2
Q2314,2
Q25427625,2
Q30020409,2
Q1797918,2
Q5249963,2
Q958738,2
Q30081331,2
Q1270515,2
Q776167,2
Q19316447,2
Q1211308,2
Q421214,2
Q572975,2
Q37055,2
Q129589,2
Q30559493,2
Q30325538,2
Q27048419,2
Q27043324,2
Q27699276,2
Q7113057,2
Q2912558,2
Q31385177,2
Q30339471,2
Q32193991,2
Q1228945,2
Q1668211,2
Q25893885,2
Q17136097,2
Q30647232,2
Q18159445,2
Q33090862,2
Q5469893,2
Q33103887,2
Q33110492,2
Q3654001,2
Q7603925,2
Q1314860,2
Q19754932,2
Q30031750,2
Q632006,2
Q2526255,2
Q28389,2
Q266569,2
Q3146484,2
Q181388,2
Q1072897,2
Q624025,2
Q973861,2
Q588365,2
Q33146843,2
Q1326430,2
Q5898,2
Q13218391,2
Q16194930,2
Q27555133,2
Q1416863,2
Q2914565,2
Q744894,2
Q1727663,2
Q473625,2
Q26753894,2
Q3109572,2
Q2101512,2
Q49462,2
Q14754916,2
Q4153441,2
Q2144359,2
Q156035,2
Q5420001,2
Q1422253,2
Q21973549,2
Q474138,2
Q1840504,2
Q7814340,2
Q171187,2
Q1465133,2
Q1751315,2
Q213488,2
Q1964223,2
Q152910,2
Q208383,2
Q58017,2
Q24577906,2
Q2495771,2
Q7307234,2
Q1374354,2
Q1414390,2
Q6985085,2
Q22670341,2
Q15978181,2
Q5031456,2
Q15835600,2
Q949801,2
Q1127742,2
Q921015,2
Q15284625,2
Q580939,2
Q203607,2
Q6619729,2
Q1478822,2
Q16644522,2
Q1122591,2
Q160137,2
Q15126956,2
Q1573950,2
Q300914,2
Q331744,2
Q251749,2
Q337968,2
Q407364,2
Q411369,2
Q9113,2
Q2237880,2
Q19820470,2
Q20683403,2
Q118289,2
Q79746,2
Q2525994,2
Q208465,2
Q1092177,2
Q15982450,2
Q456627,2
Q423189,2
Q1049029,2
Q24668264,2
Q1396667,2
Q7311343,2
Q15648179,2
Q23929227,2
Q645545,2
Q474161,2
Q12775041,2
Q107749,2
Q9764,2
Q841007,2
Q3115621,2
Q3034655,2
Q1307783,2
Q11536157,2
Q28504941,2
Q23020667,2
Q27617339,2
Q467420,2
Q1163643,2
Q50776,2
Q903682,2
Q12806,2
Q4658963,2
Q7724161,2
Q201339,2
Q1640487,2
Q360369,2
Q5358201,2
Q3630536,2
Q2493599,2
Q4198689,2
Q124695,2
Q949948,2
Q5265833,2
Q83804,2
Q25269,2
Q392909,2
Q1350536,2
Q1664256,2
Q1382269,2
Q1021096,2
Q449819,2
Q1713929,2
Q1552924,2
Q2057658,2
Q3588250,2
Q4688039,2
Q6549533,2
Q620749,2
Q7015127,2
Q11383970,2
Q6609574,2
Q208395,2
Q1443451,2
Q102397,2
Q2333223,2
Q3183734,2
Q2300983,2
Q1513223,2
Q213381,2
Q1413083,2
Q1172474,2
Q759853,2
Q4259749,2
Q39035,2
Q3266345,2
Q466470,2
Q211439,2
Q2666510,2
Q695829,2
Q2717062,2
Q736288,2
Q2094954,2
Q752184,2
Q595817,2
Q1618540,2
Q595991,2
Q30340866,2
Q1656835,2
Q5266783,2
Q81096,2
Q680458,2
Q819669,2
Q2394700,2
Q11871,2
Q27862048,2
Q7702738,2
Q1232319,2
Q18009433,2
Q335214,2
Q424579,2
Q1790389,2
Q1570153,2
Q492883,2
Q7981903,2
Q18655694,2
Q105533,2
Q22442788,2
Q1422401,2
Q313332,2
Q5272492,2
Q1369723,2
Q353659,2
Q1636697,2
Q6484056,2
Q42178,2
Q776061,2
Q16211712,2
Q16941540,2
Q1498464,2
Q20801678,2
Q3307487,2
Q6975046,2
Q223341,2
Q2092603,2
Q11921029,2
Q37077,2
Q17165362,2
Q1937663,2
Q5062077,2
Q4105833,2
Q23017792,2
Q6063256,2
Q170028,2
Q664990,2
Q3308596,2
Q127006,2
Q1484921,2
Q281721,2
Q1155561,2
Q18706221,2
Q3813673,2
Q1661112,2
Q193891,2
Q24877948,2
Q5015551,2
Q3115587,2
Q819651,2
Q619307,2
Q11638004,2
Q14524597,2
Q207123,2
Q3414785,2
Q352842,2
Q348958,2
Q37828,2
Q2824642,2
Q512804,2
Q4023687,2
Q2419495,2
Q82818,2
Q3278565,2
Q3895619,2
Q208218,2
Q2119240,2
Q880637,2
Q654493,2
Q2737175,2
Q1673026,2
Q1365530,2
Q1377519,2
Q25476949,2
Q21593165,2
Q1316209,2
Q15851525,2
Q3889981,2
Q1761892,2
Q2339413,2
Q18011126,2
Q17279532,2
Q1767359,2
Q2551213,2
Q3803846,2
Q1393450,2
Q3867183,2
Q2589882,2
Q2371030,2
Q3950988,2
Q3909888,2
Q1767214,2
Q15955568,2
Q41577,2
Q763256,2
Q208413,2
Q390248,2
Q5082753,2
Q21747485,2
Q4333889,2
Q4483543,2
Q3920906,2
Q26396913,2
Q3701409,2
Q4579153,2
Q4168710,2
Q3000680,2
Q10669537,2
Q842017,2
Q130998,2
Q1053079,2
Q6503679,2
Q218931,2
Q1143118,2
Q1999884,2
Q15089865,2
Q194281,2
Q3268553,2
Q924684,2
Q3918404,2
Q19478619,2
Q1406,2
Q3510521,2
Q106039,2
Q869370,2
Q19595421,2
Q1454820,2
Q28920098,2
Q194236,2
Q262775,2
Q414004,2
Q472093,2
Q177518,2
Q172336,2
Q1453695,2
Q5808379,2
Q20850516,2
Q541916,2
Q2691275,2
Q832791,2
Q748289,2
Q209867,2
Q778043,2
Q4916026,2
Q1188403,2
Q73984,2
Q6269493,2
Q2243831,2
Q1392592,2
Q6542565,2
Q224107,2
Q7554349,2
Q2070019,2
Q1154868,2
Q15028,2
Q13649246,2
Q2708390,2
Q5465500,2
Q2368444,2
Q22674939,2
Q9394,2
Q2574811,2
Q1335296,2
Q15911581,2
Q4202245,2
Q7133631,2
Q25534427,2
Q6031190,2
Q7096068,2
Q1315,2
Q1547148,2
Q177002,2
Q2995443,2
Q805338,2
Q30105055,2
Q28531277,2
Q28083137,2
Q22947526,2
Q19982970,2
Q2351103,2
Q1647152,2
Q1507736,2
Q133303,2
Q10426851,2
Q606777,2
Q5152545,2
Q1417728,2
Q192874,2
Q653,2
Q1371132,2
Q954519,2
Q231328,2
Q11880442,2
Q27030553,2
Q27077054,2
Q2448108,2
Q5464580,2
Q744299,2
Q235114,2
Q23016743,2
Q354294,2
Q7455008,2
Q3689987,2
Q708661,2
Q2111241,2
Q2077802,2
Q2646753,2
Q181309,2
Q20892157,2
Q14507449,2
Q2858240,2
Q421069,2
Q15350855,2
Q17280190,2
Q1404946,2
Q4397243,2
Q1486621,2
Q472760,2
Q652407,2
Q2660810,2
Q8287445,2
Q12617225,2
Q1485201,2
Q2849607,2
Q3487766,2
Q3591564,2
Q811983,2
Q17075088,2
Q16607788,2
Q30716321,2
Q3252726,2
Q1211577,2
Q16550252,2
Q1068636,2
Q2607820,2
Q17291958,2
Q3976665,2
Q38883,2
Q657069,2
Q2287083,2
Q842969,2
Q1771072,2
Q3595469,2
Q1753200,2
Q764805,2
Q351749,2
Q1292091,2
Q937217,2
Q318894,2
Q4256984,2
Q1206090,2
Q1887782,2
Q19833158,2
Q1209783,2
Q454263,2
Q19409384,2
Q603346,2
Q7012,2
Q13482869,2
Q6517924,2
Q327742,2
Q1636577,2
Q387946,2
Q19838818,2
Q945313,2
Q18696097,2
Q19832917,2
Q584105,2
Q89441,2
Q271960,2
Q116213,2
Q1534529,2
Q812585,2
Q3789394,2
Q2435617,2
Q1140477,2
Q210479,2
Q1574027,2
Q1043088,2
Q206494,2
Q3113739,2
Q2183679,2
Q5480329,2
Q2432250,2
Q906937,2
Q19720635,2
Q38309,2
Q21005,2
Q2329214,2
Q10501310,2
Q22582645,2
Q2493371,2
Q25312,2
Q1780951,2
Q1937612,2
Q20511671,2
Q396622,2
Q3813516,2
Q21853243,2
Q12408871,2
Q22298555,2
Q22680990,2
Q22681009,2
Q19862852,2
Q1445536,2
Q5251247,2
Q16678183,2
Q22929228,2
Q1457376,2
Q1425971,2
Q2474467,2
Q120490,2
Q783583,2
Q10532470,2
Q23903087,2
Q2733412,2
Q869381,2
Q2237369,2
Q7777573,2
Q24480005,2
Q161475,2
Q229367,2
Q16687684,2
Q25300622,2
Q3539817,2
Q7991,2
Q25388352,2
Q1330821,2
Q4308570,2
Q3625424,2
Q34192637,2
Q5442504,2
Q1723884,2
Q504952,2
Q153564,2
Q161040,2
Q549418,2
Q1621649,2
Q18629952,2
Q21754218,2
Q27000811,2
Q14524070,2
Q27048374,2
Q2820185,2
Q80646,2
Q27055629,2
Q27056384,2
Q5550970,2
Q129553,2
Q4201045,2
Q2255914,2
Q8011774,2
Q29842037,2
Q3422671,2
Q1313013,2
Q1059761,2
Q425554,2
Q1539580,2
Q16988904,2
Q28931789,2
Q4892264,2
Q747980,2
Q3032060,2
Q1307347,2
Q1884910,2
Q15139354,2
Q2716249,2
Q16249467,2
Q30064661,2
Q20134,2
Q278371,2
Q1125338,2
Q692149,2
Q29107558,2
Q5156830,2
Q130286,2
Q33138136,2
Q2944539,2
Q15078648,2
Q2736,2
Q5469880,2
Q641878,2
Q1139975,2
Q1365218,2
Q183173,2
Q3274449,2
Q1122919,2
Q1889081,2
Q379248,2
Q29346471,2
Q2144456,2
Q3775122,2
Q732177,2
Q1939569,2
Q26209156,2
Q188777,2
Q37321848,2
Q30057142,2
Q30249587,2
Q18549871,2
Q447214,2
Q625083,2
Q18714098,2
Q42213,2
Q1988132,2
Q29142,2
Q498274,2
Q2568438,2
Q30893493,2
Q1289848,2
Q2955107,2
Q689090,2
Q2672013,2
Q35114306,2
Q34735959,2
Q3318834,2
Q868720,2
Q14846916,2
Q19756,2
Q1558876,2
Q29544966,2
Q503992,2
Q2519134,2
Q27949284,2
Q160598,2
Q2324993,2
Q21473954,2
Q677971,2
Q12356456,2
Q1855859,2
Q2123827,2
Q1673213,2
Q20537078,2
Q103230,2
Q912389,2
Q754479,2
Q946136,2
Q1023097,2
Q569915,2
Q15962734,2
Q179415,2
Q190845,2
Q3001152,2
Q1527264,2
Q875696,2
Q407280,2
Q2637759,2
Q1482029,2
Q7260412,2
Q11392112,2
Q10332876,2
Q201727,2
Q308661,2
Q1416012,2
Q843181,2
Q878214,2
Q1907293,2
Q333021,2
Q28520605,2
Q573206,2
Q997002,2
Q26945151,2
Q189188,2
Q3888188,2
Q4533217,2
Q1802152,2
Q3353689,2
Q34669510,2
Q490173,2
Q4435332,2
Q3153694,2
Q7202,2
Q696617,2
Q441989,2
Q18511800,2
Q8143062,2
Q2910873,2
Q1374250,2
Q5051836,2
Q2125374,2
Q19967846,2
Q20197976,2
Q1517816,2
Q506422,2
Q3062234,2
Q6113985,2
Q10499303,2
Q11768,2
Q6498453,2
Q20888711,2
Q1748732,2
Q1724165,2
Q1741854,2
Q1425683,2
Q5250450,2
Q10501308,2
Q487765,2
Q1339582,2
Q376799,2
Q450539,2
Q23490,2
Q19649185,2
Q28654058,2
Q19833829,2
Q2185963,2
Q262959,2
Q1797385,2
Q2159960,2
Q199657,2
Q4330518,2
Q326260,2
Q356125,2
Q294238,2
Q1033876,2
Q2388283,2
Q2142500,2
Q350176,2
Q1509702,2
Q983844,2
Q29960985,2
Q1088444,2
Q205647,2
Q5165090,2
Q15283040,2
Q15633587,2
Q8449254,2
Q1317446,2
Q189594,2
Q271598,2
Q1430251,2
Q1196680,2
Q18389975,2
Q1274902,2
Q181283,2
Q46185,2
Q237315,2
Q17305515,2
Q181247,2
Q7915780,2
Q6817090,2
Q3244962,2
Q843592,2
Q5068817,2
Q2383013,2
Q7551856,2
Q1853374,2
Q1501619,2
Q214267,2
Q949149,2
Q26260402,2
Q208281,2
Q7270354,2
Q11394606,2
Q16541164,2
Q699873,2
Q12323657,2
Q342149,2
Q4300513,2
Q1548874,2
Q177,2
Q866210,2
Q13504533,2
Q2899571,2
Q1770806,2
Q5249469,2
Q1530635,2
Q582794,2
Q599751,2
Q343465,2
Q536135,2
Q1808454,2
Q798461,2
Q10854651,2
Q253088,2
Q700389,2
Q20064506,2
Q7075109,2
Q691983,2
Q518949,2
Q190211,2
Q29995613,2
Q22284186,2
Q674041,2
Q18692990,2
Q1711110,2
Q830588,2
Q10357289,2
Q677428,2
Q29885984,2
Q25541728,2
Q837999,2
Q28603617,2
Q11112579,2
Q30082431,2
Q30057186,2
Q2160734,2
Q26417718,2
Q1938640,2
Q1044672,2
Q3815551,2
Q29644049,2
Q1164432,2
Q1070186,2
Q32984849,2
Q36906466,1
Q27949287,1
Q131731,1
Q28911163,1
Q4442912,1
Q15063600,1
Q1474116,1
Q2558763,1
Q1032150,1
Q159438,1
Q225467,1
Q13558886,1
Q1256805,1
Q4586781,1
Q177268,1
Q125928,1
Q4193029,1
Q1402830,1
Q27043948,1
Q25553420,1
Q26897776,1
Q29951622,1
Q210953,1
Q19920968,1
Q19790488,1
Q11685431,1
Q4232578,1
Q2576226,1
Q2166013,1
Q768307,1
Q301897,1
Q7245805,1
Q943898,1
Q2944660,1
Q1474477,1
Q1226311,1
Q1209283,1
Q20076678,1
Q1524945,1
Q901988,1
Q202271,1
Q671354,1
Q876608,1
Q3014296,1
Q48332,1
Q168817,1
Q1321926,1
Q1395089,1
Q28922854,1
Q3706669,1
Q3624153,1
Q51724,1
Q14941040,1
Q1364815,1
Q6445772,1
Q11487039,1
Q247492,1
Q19847189,1
Q173183,1
Q11831791,1
Q5176926,1
Q622293,1
Q2831985,1
Q847705,1
Q1878350,1
Q2627400,1
Q262759,1
Q101333,1
Q23540,1
Q21154,1
Q13455560,1
Q33456,1
Q3026037,1
Q5533440,1
Q8033998,1
Q5422725,1
Q353056,1
Q3533224,1
Q5281737,1
Q6784066,1
Q371231,1
Q7257793,1
Q902805,1
Q191134,1
Q1185241,1
Q158767,1
Q2203769,1
Q12097,1
Q145897,1
Q1418040,1
Q754401,1
Q15057121,1
Q211198,1
Q811463,1
Q4626,1
Q2326384,1
Q906278,1
Q6950796,1
Q7998546,1
Q883199,1
Q12748,1
Q407821,1
Q1569578,1
Q1164668,1
Q27921428,1
Q1783700,1
Q21994756,1
Q309252,1
Q29077376,1
Q2191756,1
Q2071470,1
Q129921,1
Q784251,1
Q21748148,1
Q15636202,1
Q2920592,1
Q1824710,1
Q1580257,1
Q1474614,1
Q898389,1
Q16336079,1
Q108376,1
Q231982,1
Q12131,1
Q7257826,1
Q10925,1
Q7361876,1
Q22675021,1
Q662073,1
Q762856,1
Q1345054,1
Q25816262,1
Q517966,1
Q911250,1
Q1221134,1
Q181332,1
Q1685841,1
Q1196054,1
Q185688,1
Q2365017,1
Q1959825,1
Q2135469,1
Q1115162,1
Q198732,1
Q3917160,1
Q448331,1
Q270159,1
Q2176252,1
Q19926549,1
Q170924,1
Q1163768,1
Q191903,1
Q17147642,1
Q16999526,1
Q10444029,1
Q53744,1
Q207842,1
Q641044,1
Q824282,1
Q368758,1
Q16509192,1
Q351682,1
Q1174599,1
Q2700595,1
Q123300,1
Q32904835,1
Q14203022,1
Q44687,1
Q10861030,1
Q1037119,1
Q1642790,1
Q1311896,1
Q1370219,1
Q1366128,1
Q811367,1
Q9248092,1
Q3232745,1
Q6063171,1
Q142690,1
Q1494806,1
Q17164719,1
Q864722,1
Q3880557,1
Q184453,1
Q27105777,1
Q6982032,1
Q2348743,1
Q6609748,1
Q219557,1
Q2991805,1
Q1582085,1
Q5445957,1
Q425127,1
Q851440,1
Q294886,1
Q18950005,1
Q5448359,1
Q3388395,1
Q1344629,1
Q516592,1
Q12313595,1
Q31836180,1
Q5301,1
Q5310,1
Q2538984,1
Q11597390,1
Q211424,1
Q667334,1
Q1438035,1
Q1156728,1
Q3178239,1
Q194077,1
Q719642,1
Q702193,1
Q872260,1
Q42262,1
Q1365353,1
Q1194903,1
Q318869,1
Q35804094,1
Q35687379,1
Q15727645,1
Q20026782,1
Q3012659,1
Q1495733,1
Q17118499,1
Q10861173,1
Q676977,1
Q2097208,1
Q181600,1
Q6485344,1
Q1207630,1
Q12482,1
Q681771,1
Q1729113,1
Q476883,1
Q323808,1
Q564811,1
Q8100,1
Q270673,1
Q16142123,1
Q7339495,1
Q179941,1
Q771510,1
Q7900883,1
Q10858057,1
Q475699,1
Q568469,1
Q3631465,1
Q20180868,1
Q850210,1
Q1751784,1
Q864080,1
Q13586859,1
Q2296748,1
Q1875615,1
Q5130692,1
Q20885557,1
Q17189838,1
Q2448456,1
Q2832210,1
Q425263,1
Q7449300,1
Q26207752,1
Q408649,1
Q9361641,1
Q166332,1
Q2519276,1
Q412382,1
Q27121616,1
Q337071,1
Q1792387,1
Q1325354,1
Q1153171,1
Q1066623,1
Q83323,1
Q24842448,1
Q261232,1
Q565992,1
Q2375732,1
Q10871933,1
Q1376530,1
Q7890265,1
Q23670565,1
Q737508,1
Q1267114,1
Q431113,1
Q1128240,1
Q5283524,1
Q337579,1
Q652122,1
Q1196827,1
Q11917906,1
Q8034663,1
Q9420,1
Q424473,1
Q1232414,1
Q1075430,1
Q180910,1
Q20826981,1
Q47488,1
Q199615,1
Q10913558,1
Q951349,1
Q1027114,1
Q3818161,1
Q845933,1
Q2622299,1
Q11337203,1
Q2154943,1
Q22674930,1
Q373152,1
Q2858203,1
Q28469998,1
Q1739545,1
Q3893120,1
Q212074,1
Q1552855,1
Q5051840,1
Q312461,1
Q1049625,1
Q19847180,1
Q1509757,1
Q15807178,1
Q3042863,1
Q186086,1
Q4927898,1
Q3908516,1
Q2264955,1
Q11706236,1
Q1762136,1
Q30216,1
Q1434835,1
Q17156814,1
Q926736,1
Q16910014,1
Q14625153,1
Q129890,1
Q720353,1
Q1499601,1
Q908409,1
Q22082217,1
Q1788249,1
Q2265995,1
Q322168,1
Q25999214,1
Q1458918,1
Q1478274,1
Q2301174,1
Q19602601,1
Q2756005,1
Q914661,1
Q1210725,1
Q1562299,1
Q4128384,1
Q11664040,1
Q867335,1
Q4947495,1
Q16249,1
Q8361,1
Q5404269,1
Q19202882,1
Q14007781,1
Q5368806,1
Q2165111,1
Q209440,1
Q1472271,1
Q200209,1
Q327069,1
Q390920,1
Q1493816,1
Q105173,1
Q265653,1
Q1814009,1
Q1520130,1
Q678649,1
Q7698992,1
Q620505,1
Q1464982,1
Q918236,1
Q412212,1
Q362347,1
Q381634,1
Q7631437,1
Q44416,1
Q782664,1
Q15544676,1
Q26678,1
Q1229441,1
Q1375518,1
Q2410936,1
Q17158079,1
Q460531,1
Q15891740,1
Q658334,1
Q2498515,1
Q24651263,1
Q724788,1
Q823211,1
Q5905588,1
Q1588125,1
Q3550897,1
Q4840570,1
Q388774,1
Q826434,1
Q26884214,1
Q249999,1
Q500050,1
Q6052191,1
Q11259415,1
Q852520,1
Q1162817,1
Q27370,1
Q732699,1
Q594958,1
Q674,1
Q21493053,1
Q1192317,1
Q1065338,1
Q1073174,1
Q181924,1
Q43101,1
Q188715,1
Q223366,1
Q626500,1
Q821318,1
Q884707,1
Q1752667,1
Q192096,1
Q188655,1
Q376346,1
Q30061312,1
Q8424,1
Q5186240,1
Q209121,1
Q796185,1
Q7523708,1
Q2520750,1
Q938993,1
Q3092850,1
Q3817528,1
Q26714626,1
Q2090618,1
Q1431093,1
Q194523,1
Q379333,1
Q420474,1
Q1047607,1
Q113796,1
Q1335351,1
Q16959658,1
Q189034,1
Q3044828,1
Q11433655,1
Q18087981,1
Q3356012,1
Q940,1
Q2295204,1
Q7850935,1
Q1970357,1
Q469576,1
Q1061896,1
Q1187092,1
Q2409840,1
Q121650,1
Q474715,1
Q170058,1
Q843192,1
Q2564985,1
Q154247,1
Q205919,1
Q4129775,1
Q207440,1
Q29888664,1
Q196431,1
Q15710020,1
Q623179,1
Q7482056,1
Q2916333,1
Q22083257,1
Q1395219,1
Q18636711,1
Q373085,1
Q315652,1
Q1472392,1
Q725440,1
Q2443782,1
Q2228072,1
Q1650566,1
Q1487973,1
Q814491,1
Q1310094,1
Q2396770,1
Q1701209,1
Q1572204,1
Q27926885,1
Q1780072,1
Q1014933,1
Q999354,1
Q91432,1
Q2055141,1
Q20826906,1
Q17457753,1
Q2220686,1
Q2268389,1
Q13099274,1
Q700456,1
Q15850048,1
Q161393,1
Q645917,1
Q905116,1
Q839509,1
Q2284929,1
Q1060108,1
Q679633,1
Q14916958,1
Q102090,1
Q467037,1
Q20026918,1
Q5097944,1
Q904443,1
Q269061,1
Q2494144,1
Q5513775,1
Q15842492,1
Q34236,1
Q153,1
Q855613,1
Q1303037,1
Q1526164,1
Q30323989,1
Q1364818,1
Q3691089,1
Q1117077,1
Q1234279,1
Q486672,1
Q27863138,1
Q26876973,1
Q183257,1
Q382497,1
Q1049941,1
Q3258494,1
Q3427422,1
Q294462,1
Q13163896,1
Q545406,1
Q6664265,1
Q594150,1
Q926633,1
Q1126823,1
Q1135046,1
Q2055296,1
Q38132,1
Q2883406,1
Q694268,1
Q567843,1
Q3921059,1
Q16295560,1
Q5015503,1
Q6440,1
Q331662,1
Q29586504,1
Q2301018,1
Q920737,1
Q1136948,1
Q89753,1
Q1394551,1
Q20894822,1
Q896677,1
Q15804899,1
Q495844,1
Q14646407,1
Q785222,1
Q206732,1
Q2180288,1
Q3617880,1
Q1496085,1
Q705818,1
Q6148763,1
Q731100,1
Q1377570,1
Q5416718,1
Q1177609,1
Q7446268,1
Q18025866,1
Q71516,1
Q13471665,1
Q1308862,1
Q382451,1
Q3394118,1
Q28947933,1
Q767899,1
Q8683,1
Q308495,1
Q5465095,1
Q41354,1
Q797765,1
Q1188791,1
Q2009063,1
Q21938018,1
Q734470,1
Q2098155,1
Q4364339,1
Q1813435,1
Q7621105,1
Q505913,1
Q2583685,1
Q1516917,1
Q189049,1
Q1248809,1
Q4331950,1
Q863944,1
Q20204892,1
Q629329,1
Q3344444,1
Q1391390,1
Q2004972,1
Q234904,1
Q2075089,1
Q1043926,1
Q940181,1
Q17052475,1
Q21005064,1
Q1005960,1
Q950982,1
Q1191636,1
Q833490,1
Q28061130,1
Q18327520,1
Q15809403,1
Q179316,1
Q93190,1
Q15618382,1
Q161604,1
Q1708603,1
Q500692,1
Q7539901,1
Q13703,1
Q15819187,1
Q15975407,1
Q179951,1
Q382356,1
Q257670,1
Q2401720,1
Q664775,1
Q1406985,1
Q188488,1
Q1536931,1
Q26703471,1
Q1781555,1
Q10480691,1
Q406039,1
Q1143175,1
Q10798,1
Q689247,1
Q16114064,1
Q28932195,1
Q334265,1
Q14545258,1
Q27699414,1
Q24577895,1
Q1535505,1
Q331211,1
Q1542672,1
Q19921793,1
Q2451979,1
Q1381282,1
Q1788167,1
Q1756942,1
Q3393683,1
Q188840,1
Q237350,1
Q7309249,1
Q512641,1
Q1036289,1
Q2267081,1
Q1570187,1
Q2238143,1
Q5059994,1
Q1526552,1
Q1851710,1
Q19841803,1
Q1242953,1
Q186503,1
Q11446500,1
Q13406558,1
Q2881215,1
Q7953,1
Q225458,1
Q5507970,1
Q15907187,1
Q9323634,1
Q1050567,1
Q254832,1
Q12964959,1
Q11643409,1
Q3438407,1
Q1473099,1
Q10549564,1
Q2521889,1
Q1597991,1
Q2692022,1
Q896060,1
Q1309027,1
Q1243206,1
Q1311092,1
Q3402495,1
Q2291849,1
Q1711207,1
Q3634804,1
Q1261506,1
Q1937808,1
Q1103487,1
Q2144234,1
Q437220,1
Q239815,1
Q620024,1
Q860735,1
Q5196456,1
Q11990990,1
Q2846066,1
Q2332332,1
Q15853118,1
Q645659,1
Q8294850,1
Q10670720,1
Q2305441,1
Q146212,1
Q5502885,1
Q577998,1
Q2113454,1
Q1354895,1
Q7378910,1
Q629085,1
Q548414,1
Q13429867,1
Q897842,1
Q1516453,1
Q5314,1
Q1717246,1
Q967616,1
Q339258,1
Q2416176,1
Q1434934,1
Q3445354,1
Q1430579,1
Q1888874,1
Q1939660,1
Q747746,1
Q218136,1
Q21488839,1
Q1874098,1
Q1127371,1
Q3118017,1
Q861259,1
Q2914532,1
Q407320,1
Q2543966,1
Q1663990,1
Q650276,1
Q1880441,1
Q6973461,1
Q28485138,1
Q23089807,1
Q338,1
Q13741487,1
Q840828,1
Q191552,1
Q174583,1
Q4192699,1
Q3355098,1
Q913572,1
Q691244,1
Q996023,1
Q17130641,1
Q14177683,1
Q5469146,1
Q6643749,1
Q28523131,1
Q5058989,1
Q156744,1
Q1992708,1
Q2040803,1
Q195205,1
Q644298,1
Q4073936,1
Q1070632,1
Q3083653,1
Q7918604,1
Q2092943,1
Q1442932,1
Q785658,1
Q17487424,1
Q1391125,1
Q7071194,1
Q3686707,1
Q818922,1
Q779753,1
Q3045134,1
Q352293,1
Q338754,1
Q15725734,1
Q203897,1
Q5090388,1
Q2975978,1
Q25394284,1
Q1374587,1
Q1365641,1
Q118076,1
Q1702970,1
Q3736076,1
Q27979885,1
Q1070016,1
Q29032808,1
Q2234680,1
Q1433067,1
Q1275557,1
Q2026760,1
Q3798756,1
Q7617886,1
Q529359,1
Q11845834,1
Q639,1
Q22808118,1
Q282694,1
Q2358171,1
Q3025161,1
Q937257,1
Q2307906,1
Q2853079,1
Q3415993,1
Q2709588,1
Q15593589,1
Q2487904,1
Q385589,1
Q4420941,1
Q1758533,1
Q1663557,1
Q1145422,1
Q528820,1
Q16295,1
Q1847650,1
Q14613593,1
Q5073797,1
Q1754566,1
Q2703074,1
Q118084,1
Q5215303,1
Q7962672,1
Q2331851,1
Q760058,1
Q14515446,1
Q5327977,1
Q14505470,1
Q3332417,1
Q2658345,1
Q764822,1
Q7432536,1
Q507662,1
Q79918,1
Q1358255,1
Q1785609,1
Q322294,1
Q7448195,1
Q1096695,1
Q4418716,1
Q2933856,1
Q182878,1
Q1145397,1
Q30126063,1
Q759524,1
Q20816930,1
Q946808,1
Q6664588,1
Q18574935,1
Q373613,1
Q2841546,1
Q14674,1
Q1247867,1
Q25323944,1
Q258403,1
Q909182,1
Q14506577,1
Q265736,1
Q800071,1
Q1717176,1
Q19623,1
Q20055188,1
Q395895,1
Q610103,1
Q2520712,1
Q2522738,1
Q7832314,1
Q14505694,1
Q1619206,1
Q1621678,1
Q1416106,1
Q302,1
Q267474,1
Q2759867,1
Q846907,1
Q29523070,1
Q15640612,1
Q1184151,1
Q43338,1
Q9335572,1
Q3269441,1
Q7973762,1
Q2371870,1
Q1735655,1
Q3091606,1
Q2999003,1
Q1154787,1
Q6665725,1
Q210405,1
Q4490930,1
Q14531338,1
Q1639378,1
Q22126538,1
Q2791610,1
Q465613,1
Q2915129,1
Q298742,1
Q3661218,1
Q2744097,1
Q3504142,1
Q15846784,1
Q1266168,1
Q1355301,1
Q1787652,1
Q21653087,1
Q7579929,1
Q1745026,1
Q2110275,1
Q146666,1
Q367666,1
Q18088097,1
Q3570153,1
Q2806490,1
Q3078933,1
Q11376,1
Q852817,1
Q342542,1
Q3354990,1
Q1104719,1
Q3112578,1
Q3068135,1
Q14507462,1
Q476930,1
Q300949,1
Q6124765,1
Q6022229,1
Q5772804,1
Q1425959,1
Q1501864,1
Q1090,1
Q13644398,1
Q1529437,1
Q2757898,1
Q977690,1
Q1469779,1
Q2001775,1
Q3577730,1
Q2086062,1
Q845725,1
Q1392287,1
Q1219657,1
Q1128216,1
Q2961812,1
Q2894990,1
Q13627046,1
Q1055701,1
Q4017356,1
Q2948565,1
Q609695,1
Q248005,1
Q1535890,1
Q474188,1
Q1094294,1
Q32043,1
Q1115546,1
Q15063219,1
Q919516,1
Q7880416,1
Q27277581,1
Q1394727,1
Q2575989,1
Q3000912,1
Q1187134,1
Q3006747,1
Q733507,1
Q24705276,1
Q2470517,1
Q229256,1
Q18674935,1
Q2387049,1
Q6147804,1
Q747707,1
Q2346630,1
Q36253,1
Q1391455,1
Q853800,1
Q3177944,1
Q3134247,1
Q24175015,1
Q3066141,1
Q165503,1
Q1338119,1
Q541046,1
Q1388239,1
Q4130124,1
Q10350816,1
Q7574916,1
Q1542738,1
Q8279,1
Q3591581,1
Q170355,1
Q2331384,1
Q11499147,1
Q899336,1
Q164220,1
Q1570282,1
Q7031991,1
Q3117638,1
Q3249247,1
Q2657715,1
Q4147655,1
Q167824,1
Q7896281,1
Q2750918,1
Q9017117,1
Q8026426,1
Q306739,1
Q909656,1
Q3474616,1
Q3575956,1
Q492886,1
Q16111869,1
Q1745370,1
Q7798023,1
Q26220,1
Q152074,1
Q14405654,1
Q864060,1
Q1020008,1
Q4426758,1
Q1008026,1
Q732312,1
Q1149776,1
Q180184,1
Q379668,1
Q54872,1
Q17054552,1
Q12099161,1
Q199683,1
Q670985,1
Q236425,1
Q1888611,1
Q779038,1
Q1643805,1
Q3391375,1
Q499967,1
Q3351566,1
Q17561114,1
Q225917,1
Q629876,1
Q15046569,1
Q167407,1
Q391690,1
Q2915733,1
Q4436349,1
Q25377364,1
Q1760222,1
Q18965,1
Q619696,1
Q2104570,1
Q5374626,1
Q10676733,1
Q15618781,1
Q60227,1
Q1517243,1
Q3410938,1
Q20909618,1
Q3351966,1
Q3569960,1
Q1363554,1
Q208042,1
Q28854637,1
Q191594,1
Q3474226,1
Q3376045,1
Q117010,1
Q30748192,1
Q1137608,1
Q121484,1
Q3454623,1
Q1728972,1
Q1053427,1
Q34338776,1
Q12410969,1
Q1510127,1
Q1353584,1
Q2223388,1
Q506702,1
Q29583236,1
Q1003588,1
Q1445368,1
Q7248049,1
Q378794,1
Q368312,1
Q1642862,1
Q3477483,1
Q811433,1
Q794587,1
Q17137706,1
Q13553575,1
Q64365,1
Q594939,1
Q9056042,1
Q3152898,1
Q3577970,1
Q208217,1
Q119306,1
Q20983684,1
Q4005760,1
Q844619,1
Q3612542,1
Q1341768,1
Q633933,1
Q1058719,1
Q4112083,1
Q1820370,1
Q2276525,1
Q12057022,1
Q16751788,1
Q3406707,1
Q3951436,1
Q19357312,1
Q170475,1
Q1274921,1
Q3968289,1
Q1091382,1
Q178744,1
Q3827174,1
Q2537839,1
Q3300818,1
Q209709,1
Q557099,1
Q1322351,1
Q239103,1
Q4008548,1
Q2822139,1
Q2089763,1
Q861345,1
Q3627296,1
Q1981640,1
Q12351584,1
Q3353551,1
Q299526,1
Q1464369,1
Q3935748,1
Q17624058,1
Q24199478,1
Q3831448,1
Q2285302,1
Q215646,1
Q208202,1
Q3955396,1
Q24206782,1
Q3280375,1
Q5446575,1
Q1713061,1
Q3954565,1
Q7515030,1
Q7718,1
Q1766027,1
Q3874253,1
Q48318,1
Q19275887,1
Q600499,1
Q3927246,1
Q4017175,1
Q299948,1
Q3534619,1
Q627344,1
Q1129461,1
Q4028549,1
Q29585396,1
Q1140224,1
Q6821796,1
Q4034744,1
Q1482264,1
Q2155185,1
Q741137,1
Q143086,1
Q906356,1
Q160169,1
Q490933,1
Q856741,1
Q1856423,1
Q359495,1
Q1425577,1
Q1814941,1
Q3281417,1
Q182573,1
Q1312371,1
Q729438,1
Q12558,1
Q727990,1
Q510005,1
Q1924856,1
Q2076164,1
Q15830292,1
Q543424,1
Q4314478,1
Q131476,1
Q2317783,1
Q10690144,1
Q29640851,1
Q323840,1
Q10505824,1
Q4481701,1
Q840224,1
Q2006581,1
Q19929114,1
Q13403037,1
Q19261810,1
Q7627882,1
Q6866806,1
Q148836,1
Q16686022,1
Q1311083,1
Q445179,1
Q102932,1
Q4105914,1
Q3043499,1
Q691771,1
Q4212151,1
Q12410156,1
Q2467617,1
Q268205,1
Q11083650,1
Q12121054,1
Q1601291,1
Q380616,1
Q5509053,1
Q569855,1
Q193643,1
Q10968259,1
Q1542985,1
Q420726,1
Q2300124,1
Q20747917,1
Q1136336,1
Q1830503,1
Q7890855,1
Q291863,1
Q5446873,1
Q7011679,1
Q12269622,1
Q7302601,1
Q7269307,1
Q1474803,1
Q216158,1
Q7579939,1
Q1469893,1
Q11006250,1
Q910109,1
Q28060395,1
Q3457001,1
Q830230,1
Q156986,1
Q441,1
Q615196,1
Q766366,1
Q1416699,1
Q7439101,1
Q25371,1
Q1868335,1
Q5212159,1
Q6004907,1
Q930644,1
Q2051667,1
Q1424432,1
Q465233,1
Q21509433,1
Q4747382,1
Q837512,1
Q6630122,1
Q2369170,1
Q633730,1
Q5172452,1
Q1364290,1
Q31576,1
Q5959977,1
Q1125930,1
Q8076843,1
Q1949797,1
Q15843011,1
Q150064,1
Q468438,1
Q1415199,1
Q14523754,1
Q5215758,1
Q6979676,1
Q16189914,1
Q1032686,1
Q853309,1
Q28960033,1
Q7439096,1
Q4808619,1
Q4939235,1
Q3010,1
Q28914401,1
Q1137570,1
Q33279,1
Q29149,1
Q1738927,1
Q1366259,1
Q17086163,1
Q72468,1
Q1901305,1
Q5272107,1
Q2901670,1
Q186752,1
Q18384387,1
Q7800783,1
Q13600188,1
Q408386,1
Q7266446,1
Q3694686,1
Q18015493,1
Q244783,1
Q9335208,1
Q1342377,1
Q26412596,1
Q15819191,1
Q131151,1
Q31448,1
Q1340643,1
Q7980184,1
Q131265,1
Q754410,1
Q5203028,1
Q422445,1
Q5513246,1
Q1392526,1
Q4881953,1
Q781757,1
Q1052942,1
Q2301591,1
Q10801,1
Q5827809,1
Q13581432,1
Q535923,1
Q7593080,1
Q2143621,1
Q3246417,1
Q6625170,1
Q33513999,1
Q19483216,1
Q12410164,1
Q557804,1
Q3403879,1
Q321517,1
Q1416059,1
Q2475583,1
Q5428461,1
Q30077397,1
Q2213936,1
Q544006,1
Q509122,1
Q15893231,1
Q3034648,1
Q19927714,1
Q1361583,1
Q363919,1
Q1930201,1
Q1668074,1
Q410943,1
Q6505,1
Q5514965,1
Q1662673,1
Q21448112,1
Q21980641,1
Q5551222,1
Q2662525,1
Q3346517,1
Q2746361,1
Q7170667,1
Q7089412,1
Q4557944,1
Q1064958,1
Q2878957,1
Q725453,1
Q450353,1
Q1622414,1
Q1756060,1
Q1182952,1
Q10547426,1
Q5154924,1
Q1411945,1
Q7930615,1
Q3504364,1
Q4816233,1
Q538906,1
Q15326,1
Q1888937,1
Q1276556,1
Q170210,1
Q1587937,1
Q157711,1
Q6174489,1
Q2063640,1
Q2716112,1
Q27624922,1
Q1758547,1
Q3141816,1
Q6345062,1
Q249606,1
Q5670577,1
Q3354346,1
Q825846,1
Q851775,1
Q11423613,1
Q1502102,1
Q1070438,1
Q4994848,1
Q54910,1
Q2944950,1
Q2165278,1
Q3683613,1
Q5643676,1
Q1294557,1
Q784834,1
Q1211548,1
Q28598,1
Q1510186,1
Q29610130,1
Q83270,1
Q6041036,1
Q5753938,1
Q8254378,1
Q12078,1
Q162032,1
Q4765076,1
Q700063,1
Q18554938,1
Q8041664,1
Q2180295,1
Q582169,1
Q222595,1
Q3406609,1
Q2016626,1
Q324617,1
Q16910654,1
Q5988876,1
Q4079285,1
Q589354,1
Q20721641,1
Q20679073,1
Q2863,1
Q2333562,1
Q599672,1
Q822939,1
Q7829896,1
Q22284410,1
Q4133887,1
Q2645130,1
Q2288816,1
Q2981922,1
Q6023558,1
Q6503534,1
Q620110,1
Q23806054,1
Q1129581,1
Q926094,1
Q1142483,1
Q246400,1
Q935809,1
Q130818,1
Q224000,1
Q7137285,1
Q102066,1
Q5341305,1
Q1009130,1
Q5608096,1
Q664573,1
Q7311469,1
Q3349922,1
Q6825353,1
Q179583,1
Q934200,1
Q402152,1
Q6823858,1
Q527091,1
Q1691845,1
Q4130071,1
Q36024,1
Q1491219,1
Q3280285,1
Q911282,1
Q225219,1
Q1235833,1
Q12192410,1
Q2092093,1
Q26063,1
Q3140150,1
Q6951247,1
Q1711304,1
Q1786611,1
Q5535074,1
Q15911915,1
Q393148,1
Q193203,1
Q29479078,1
Q662806,1
Q7138175,1
Q7801532,1
Q420545,1
Q3807565,1
Q6058432,1
Q2000218,1
Q1760545,1
Q7120484,1
Q7497914,1
Q17591720,1
Q38650,1
Q18133227,1
Q781048,1
Q6757670,1
Q14387830,1
Q4950459,1
Q2369442,1
Q300033,1
Q1778154,1
Q697935,1
Q494383,1
Q145273,1
Q133607,1
Q3247049,1
Q1499591,1
Q1508681,1
Q1622545,1
Q1010155,1
Q2423459,1
Q1572564,1
Q17073954,1
Q10565436,1
Q36396,1
Q143470,1
Q625957,1
Q1073847,1
Q3048983,1
Q1836494,1
Q3097812,1
Q28870120,1
Q985148,1
Q510023,1
Q16926773,1
Q447402,1
Q7628397,1
Q7400159,1
Q424102,1
Q9392141,1
Q14523736,1
Q175234,1
Q2249676,1
Q7076896,1
Q692913,1
Q22908781,1
Q1295316,1
Q1050848,1
Q1974625,1
Q2340412,1
Q42797,1
Q27966041,1
Q3406405,1
Q6313839,1
Q355646,1
Q7567895,1
Q16259551,1
Q788537,1
Q28843554,1
Q1131696,1
Q5137802,1
Q5440532,1
Q2921719,1
Q27887548,1
Q7456930,1
Q1090817,1
Q18358325,1
Q21202174,1
Q7318362,1
Q10825495,1
Q21964210,1
Q1348853,1
Q396108,1
Q37888,1
Q1758722,1
Q661436,1
Q1427116,1
Q3522376,1
Q407546,1
Q180507,1
Q15894749,1
Q1441734,1
Q3028131,1
Q464067,1
Q3905414,1
Q4178674,1
Q121176,1
Q1849126,1
Q4801432,1
Q7485981,1
Q7148113,1
Q647230,1
Q10469728,1
Q18356450,1
Q5146936,1
Q7078911,1
Q7896628,1
Q5973946,1
Q21898124,1
Q22666,1
Q120443,1
Q1086618,1
Q170239,1
Q1859321,1
Q2864736,1
Q3710284,1
Q5176530,1
Q1920925,1
Q6954189,1
Q1055807,1
Q787829,1
Q200562,1
Q1113550,1
Q11250823,1
Q1062242,1
Q7951690,1
Q17155523,1
Q446384,1
Q420860,1
Q4928623,1
Q173350,1
Q219174,1
Q43249,1
Q3976646,1
Q839111,1
Q158281,1
Q9396701,1
Q914913,1
Q484076,1
Q10374501,1
Q10319398,1
Q6745310,1
Q10377702,1
Q2916098,1
Q367831,1
Q80911,1
Q130360,1
Q386854,1
Q262090,1
Q18103595,1
Q16322486,1
Q10428634,1
Q10609760,1
Q10499647,1
Q2618162,1
Q3357577,1
Q52406,1
Q939871,1
Q210053,1
Q2180411,1
Q1335186,1
Q5066745,1
Q23557076,1
Q855373,1
Q10353746,1
Q7159158,1
Q215185,1
Q3240892,1
Q3434454,1
Q2447856,1
Q10684874,1
Q7191569,1
Q7860270,1
Q2992932,1
Q16335822,1
Q5283546,1
Q24700892,1
Q2727415,1
Q8035796,1
Q1753352,1
Q38234,1
Q1415635,1
Q17142507,1
Q3503155,1
Q1440496,1
Q14360432,1
Q28133045,1
Q191290,1
Q15094777,1
Q845060,1
Q5132815,1
Q595710,1
Q11066204,1
Q829183,1
Q11251695,1
Q207786,1
Q11271734,1
Q493173,1
Q3630902,1
Q11598569,1
Q951841,1
Q7537479,1
Q11481304,1
Q198788,1
Q16141747,1
Q4368298,1
Q7028289,1
Q14759463,1
Q11562938,1
Q210677,1
Q3376073,1
Q16534385,1
Q396165,1
Q11398056,1
Q643873,1
Q842623,1
Q374638,1
Q1972868,1
Q11555048,1
Q1188622,1
Q3107784,1
Q11452137,1
Q11366207,1
Q11510986,1
Q1364447,1
Q11572071,1
Q8464919,1
Q8688319,1
Q21167558,1
Q728410,1
Q11800357,1
Q41187,1
Q1010251,1
Q220393,1
Q21744087,1
Q11885709,1
Q3445465,1
Q943526,1
Q5283554,1
Q19713734,1
Q11918754,1
Q21082253,1
Q4260703,1
Q42857,1
Q6125745,1
Q3705218,1
Q11920609,1
Q2495054,1
Q18646132,1
Q5877648,1
Q82811,1
Q16687927,1
Q134847,1
Q855395,1
Q2910233,1
Q3757257,1
Q894189,1
Q1344924,1
Q1699802,1
Q3242115,1
Q7888327,1
Q12311813,1
Q12315831,1
Q26772853,1
Q1163256,1
Q18715515,1
Q513856,1
Q38390,1
Q7846560,1
Q506246,1
Q773392,1
Q12410174,1
Q843610,1
Q467687,1
Q4198825,1
Q17086996,1
Q1971354,1
Q34682961,1
Q160843,1
Q854618,1
Q44595,1
Q3232444,1
Q746529,1
Q6617856,1
Q4585173,1
Q6549298,1
Q4263842,1
Q16863871,1
Q19287541,1
Q1658784,1
Q12766313,1
Q3077678,1
Q3305298,1
Q2054945,1
Q7681435,1
Q6019629,1
Q205768,1
Q348775,1
Q856177,1
Q957129,1
Q7341545,1
Q30025056,1
Q6424069,1
Q2917049,1
Q14499731,1
Q18094785,1
Q23882,1
Q1172264,1
Q1094707,1
Q162840,1
Q13156045,1
Q12055881,1
Q30026,1
Q643546,1
Q12948581,1
Q28158324,1
Q3629473,1
Q13434162,1
Q13632559,1
Q170277,1
Q3412192,1
Q209871,1
Q11723142,1
Q18522009,1
Q12487314,1
Q580250,1
Q7168583,1
Q18522916,1
Q1688818,1
Q17624511,1
Q1125269,1
Q2402408,1
Q1702340,1
Q14530865,1
Q14320759,1
Q14325432,1
Q3542251,1
Q13600685,1
Q1115235,1
Q1620995,1
Q3800507,1
Q742698,1
Q675407,1
Q29640923,1
Q727596,1
Q3545649,1
Q4149604,1
Q7419514,1
Q3826055,1
Q24041566,1
Q18562285,1
Q15075070,1
Q1795804,1
Q622550,1
Q865050,1
Q20826189,1
Q2585233,1
Q2154083,1
Q12406392,1
Q1257559,1
Q1196843,1
Q36442,1
Q616100,1
Q1191706,1
Q7452874,1
Q15243424,1
Q15258959,1
Q208123,1
Q7231714,1
Q1186515,1
Q1140537,1
Q2633580,1
Q625012,1
Q15942896,1
Q4100298,1
Q16664888,1
Q1457112,1
Q1144614,1
Q5978719,1
Q9148502,1
Q15720785,1
Q1266202,1
Q15728204,1
Q2741179,1
Q979298,1
Q6634597,1
Q1325667,1
Q15055408,1
Q1029878,1
Q6011103,1
Q15077485,1
Q47740,1
Q1168263,1
Q13570182,1
Q2924805,1
Q3186859,1
Q15910811,1
Q4733226,1
Q1263068,1
Q960800,1
Q135251,1
Q134172,1
Q2369781,1
Q3162623,1
Q5615741,1
Q149818,1
Q5774299,1
Q2000969,1
Q27497311,1
Q1459900,1
Q25388772,1
Q20819739,1
Q4588521,1
Q297145,1
Q4303731,1
Q2126777,1
Q760120,1
Q1915125,1
Q1433767,1
Q3038929,1
Q562467,1
Q497674,1
Q16841334,1
Q4007170,1
Q2341480,1
Q18195779,1
Q903997,1
Q3688092,1
Q12379547,1
Q2116384,1
Q7118771,1
Q189859,1
Q3279120,1
Q3258695,1
Q7635394,1
Q3397551,1
Q1784259,1
Q272893,1
Q82562,1
Q3896496,1
Q2986739,1
Q1133632,1
Q11795219,1
Q1896500,1
Q3511131,1
Q1383946,1
Q4274081,1
Q15411075,1
Q536420,1
Q21886162,1
Q7882213,1
Q13033215,1
Q12871102,1
Q2199545,1
Q29407,1
Q192095,1
Q2866098,1
Q476310,1
Q1166205,1
Q868291,1
Q16797801,1
Q209422,1
Q10779529,1
Q18232178,1
Q1363,1
Q22809055,1
Q3587169,1
Q1534713,1
Q7632428,1
Q25409,1
Q7712812,1
Q7712813,1
Q18357417,1
Q1645980,1
Q275491,1
Q25547854,1
Q24524653,1
Q874342,1
Q1785302,1
Q5162950,1
Q428394,1
Q16851415,1
Q1244357,1
Q1280722,1
Q7189622,1
Q4629317,1
Q15079401,1
Q23714147,1
Q335101,1
Q2547839,1
Q5195006,1
Q7390,1
Q7443856,1
Q1249682,1
Q2540524,1
Q461659,1
Q16972647,1
Q4171266,1
Q6822329,1
Q6664403,1
Q28969904,1
Q409365,1
Q1392674,1
Q1516910,1
Q5322582,1
Q154482,1
Q3087145,1
Q2555852,1
Q27970894,1
Q4114753,1
Q5159269,1
Q428363,1
Q683343,1
Q490382,1
Q11570784,1
Q224125,1
Q379732,1
Q53475,1
Q17312541,1
Q6046329,1
Q6718,1
Q3684598,1
Q3699761,1
Q4439311,1
Q6732892,1
Q564635,1
Q484701,1
Q179231,1
Q150337,1
Q5430425,1
Q2723202,1
Q6822376,1
Q3917399,1
Q1435124,1
Q16645554,1
Q27404,1
Q647759,1
Q2205480,1
Q907447,1
Q1240211,1
Q983220,1
Q15878992,1
Q361733,1
Q16691394,1
Q1192097,1
Q19793980,1
Q3249024,1
Q18088031,1
Q5616327,1
Q1736347,1
Q2352767,1
Q30167277,1
Q3098286,1
Q4872714,1
Q17024803,1
Q17812364,1
Q26268585,1
Q147475,1
Q379025,1
Q528458,1
Q240709,1
Q18015677,1
Q10607894,1
Q1428515,1
Q2781630,1
Q1261951,1
Q4339756,1
Q7217335,1
Q17496834,1
Q5100854,1
Q2397602,1
Q58333,1
Q1059208,1
Q3409222,1
Q4171307,1
Q3503315,1
Q767568,1
Q16976601,1
Q146021,1
Q1318139,1
Q28031759,1
Q15735113,1
Q18357356,1
Q18344103,1
Q909558,1
Q191643,1
Q2045045,1
Q645928,1
Q2988930,1
Q4461868,1
Q1234763,1
Q3289888,1
Q14852379,1
Q1766961,1
Q7665663,1
Q1690779,1
Q3888043,1
Q167367,1
Q21228770,1
Q140714,1
Q1366376,1
Q18377780,1
Q18392682,1
Q5064546,1
Q3112410,1
Q14944328,1
Q911854,1
Q635139,1
Q407355,1
Q6085265,1
Q4048883,1
Q223209,1
Q928173,1
Q3214444,1
Q190545,1
Q3411946,1
Q5946700,1
Q607657,1
Q2127062,1
Q10882175,1
Q618198,1
Q377262,1
Q16239649,1
Q6815854,1
Q1579751,1
Q29510586,1
Q16249975,1
Q375218,1
Q19118609,1
Q1168568,1
Q21660855,1
Q1306119,1
Q1433985,1
Q1813927,1
Q1503133,1
Q5051230,1
Q10332733,1
Q256311,1
Q1959209,1
Q15841793,1
Q1934684,1
Q19355445,1
Q686514,1
Q1283235,1
Q16059624,1
Q19263883,1
Q12717331,1
Q11968387,1
Q5146309,1
Q14658,1
Q1072723,1
Q1022725,1
Q179643,1
Q7193799,1
Q5164338,1
Q3003029,1
Q19680694,1
Q19863150,1
Q19720443,1
Q20170872,1
Q7978115,1
Q294665,1
Q1411845,1
Q3888868,1
Q249,1
Q9649,1
Q4484381,1
Q9348775,1
Q7265998,1
Q19833989,1
Q17099804,1
Q19870015,1
Q6591764,1
Q7860635,1
Q16285938,1
Q1300689,1
Q1832795,1
Q4232779,1
Q30345409,1
Q1671452,1
Q84041,1
Q1106104,1
Q3151887,1
Q1202205,1
Q2553558,1
Q13561011,1
Q156223,1
Q2230033,1
Q16563784,1
Q2261440,1
Q115807,1
Q3271190,1
Q1517781,1
Q453391,1
Q837330,1
Q255896,1
Q8038544,1
Q667291,1
Q176739,1
Q3486783,1
Q3370148,1
Q4656789,1
Q1322263,1
Q4996251,1
Q1943198,1
Q23005233,1
Q20578137,1
Q33381018,1
Q13134576,1
Q4568437,1
Q1427028,1
Q8658,1
Q1725788,1
Q20986493,1
Q3406942,1
Q4468,1
Q1570052,1
Q20735444,1
Q20725950,1
Q1422464,1
Q1733384,1
Q20020588,1
Q6185405,1
Q48493,1
Q694124,1
Q20741091,1
Q176649,1
Q1397926,1
Q2135479,1
Q3125207,1
Q20109024,1
Q194181,1
Q8331,1
Q4822779,1
Q849813,1
Q7069001,1
Q10539426,1
Q2094191,1
Q1477856,1
Q18019452,1
Q4660970,1
Q331818,1
Q1740580,1
Q834368,1
Q1538791,1
Q2291862,1
Q1130376,1
Q20987008,1
Q758639,1
Q18171099,1
Q415775,1
Q1410881,1
Q2642253,1
Q408198,1
Q3504843,1
Q188862,1
Q19908471,1
Q218550,1
Q946715,1
Q1270793,1
Q155833,1
Q27344,1
Q184300,1
Q107602,1
Q21154276,1
Q10992055,1
Q688510,1
Q6049734,1
Q21085981,1
Q2346494,1
Q471639,1
Q254055,1
Q131,1
Q1888190,1
Q7203309,1
Q194152,1
Q762707,1
Q22304653,1
Q6839779,1
Q19880615,1
Q21281182,1
Q21356276,1
Q21439646,1
Q17092296,1
Q21586930,1
Q15735860,1
Q1846841,1
Q2822958,1
Q210523,1
Q21078691,1
Q906802,1
Q12063,1
Q21368324,1
Q4994402,1
Q5715092,1
Q134281,1
Q7662346,1
Q203180,1
Q938523,1
Q21334090,1
Q18719256,1
Q10409991,1
Q750887,1
Q1354085,1
Q3110290,1
Q4142858,1
Q14554991,1
Q789811,1
Q643053,1
Q11236495,1
Q7315485,1
Q2135318,1
Q75809,1
Q21532102,1
Q2368560,1
Q244599,1
Q188748,1
Q11552394,1
Q1757630,1
Q3315493,1
Q13651014,1
Q5618359,1
Q21680867,1
Q21682525,1
Q6410615,1
Q5015037,1
Q27118920,1
Q135044,1
Q189198,1
Q15361334,1
Q189201,1
Q170561,1
Q267245,1
Q726080,1
Q165141,1
Q179099,1
Q781210,1
Q828329,1
Q13137339,1
Q564392,1
Q995205,1
Q170480,1
Q863590,1
Q14925567,1
Q10401646,1
Q21347033,1
Q4117474,1
Q26338179,1
Q22250124,1
Q22337503,1
Q7900484,1
Q5060621,1
Q454,1
Q159304,1
Q162478,1
Q2136638,1
Q3827699,1
Q11476,1
Q5153,1
Q1469234,1
Q754660,1
Q1509541,1
Q895499,1
Q886265,1
Q6401236,1
Q148636,1
Q2497639,1
Q1737250,1
Q22676275,1
Q6647160,1
Q22680863,1
Q3006330,1
Q1859784,1
Q19971676,1
Q20107830,1
Q3123403,1
Q6887095,1
Q5267011,1
Q2063,1
Q1591172,1
Q586119,1
Q9068440,1
Q11014137,1
Q901922,1
Q908028,1
Q2997893,1
Q7049442,1
Q12183146,1
Q185038,1
Q477449,1
Q22951254,1
Q533309,1
Q611623,1
Q22980966,1
Q22995958,1
Q23000117,1
Q161098,1
Q12164981,1
Q12164989,1
Q901973,1
Q2954777,1
Q24910170,1
Q1088777,1
Q23070673,1
Q5028563,1
Q25383892,1
Q213602,1
Q1391306,1
Q221790,1
Q2415654,1
Q37081,1
Q1160214,1
Q14517494,1
Q752870,1
Q24991785,1
Q21550492,1
Q29885033,1
Q967963,1
Q3363968,1
Q149732,1
Q8775109,1
Q170978,1
Q16390082,1
Q618844,1
Q1277575,1
Q1316982,1
Q3285662,1
Q745129,1
Q2086138,1
Q2593413,1
Q386426,1
Q1389092,1
Q23835453,1
Q7632064,1
Q22908936,1
Q242507,1
Q1427360,1
Q26944915,1
Q9635221,1
Q7578997,1
Q744980,1
Q174834,1
Q21475976,1
Q24027474,1
Q9074420,1
Q5476,1
Q1595578,1
Q143873,1
Q968907,1
Q7225408,1
Q31069,1
Q180825,1
Q24045011,1
Q211474,1
Q3495357,1
Q1960551,1
Q4115772,1
Q326894,1
Q718966,1
Q2501724,1
Q17628268,1
Q5368818,1
Q7893166,1
Q1006719,1
Q5150914,1
Q3401212,1
Q12902788,1
Q4914986,1
Q663753,1
Q28026737,1
Q1464507,1
Q24789150,1
Q19946714,1
Q7579951,1
Q11233249,1
Q699813,1
Q829896,1
Q1199948,1
Q485808,1
Q4020328,1
Q21093817,1
Q24614205,1
Q24618128,1
Q24621530,1
Q24621627,1
Q24622562,1
Q2954793,1
Q14625613,1
Q7431799,1
Q1516258,1
Q10855217,1
Q274160,1
Q24718418,1
Q3726309,1
Q24731826,1
Q24733093,1
Q24733095,1
Q905957,1
Q24736622,1
Q1412822,1
Q44356,1
Q3303463,1
Q17086335,1
Q25383775,1
Q847723,1
Q20896033,1
Q24943410,1
Q24702434,1
Q5021113,1
Q6510130,1
Q1309945,1
Q5978114,1
Q3510644,1
Q1662011,1
Q1788216,1
Q651531,1
Q509075,1
Q10296912,1
Q28869269,1
Q1415459,1
Q20020613,1
Q12786121,1
Q2251741,1
Q5392247,1
Q18214023,1
Q21309329,1
Q5168206,1
Q8347803,1
Q15580,1
Q409534,1
Q7142839,1
Q25630923,1
Q25361863,1
Q184573,1
Q3429865,1
Q134863,1
Q1679515,1
Q4532152,1
Q9259290,1
Q177601,1
Q10859422,1
Q2742711,1
Q18690634,1
Q11871186,1
Q412561,1
Q26208894,1
Q22919781,1
Q18028167,1
Q1377950,1
Q3633354,1
Q131359,1
Q314132,1
Q1041225,1
Q5787273,1
Q1024754,1
Q1177362,1
Q2490871,1
Q386432,1
Q628858,1
Q1425332,1
Q5065114,1
Q2351384,1
Q2666373,1
Q2106696,1
Q4690199,1
Q17000743,1
Q128550,1
Q1073905,1
Q195125,1
Q3345491,1
Q759978,1
Q3249236,1
Q190109,1
Q382698,1
Q17295,1
Q15629907,1
Q208920,1
Q27016892,1
Q21010853,1
Q3017271,1
Q1056391,1
Q1088090,1
Q4896947,1
Q3653995,1
Q1660132,1
Q26844937,1
Q6164226,1
Q192439,1
Q11630520,1
Q26960669,1
Q26961031,1
Q27531381,1
Q26971074,1
Q26971246,1
Q26971252,1
Q26985011,1
Q26985012,1
Q26985337,1
Q2261792,1
Q27030844,1
Q27042376,1
Q27043357,1
Q27043936,1
Q27048410,1
Q6664240,1
Q27055624,1
Q3397950,1
Q27056383,1
Q27665152,1
Q19826142,1
Q1784582,1
Q3192940,1
Q209412,1
Q27067359,1
Q6419667,1
Q11733787,1
Q2846544,1
Q12383963,1
Q688275,1
Q7894410,1
Q27121407,1
Q27133956,1
Q27134040,1
Q27134060,1
Q27134066,1
Q1408777,1
Q21698137,1
Q129586,1
Q114396,1
Q16538267,1
Q27230606,1
Q27230609,1
Q27235639,1
Q27236651,1
Q27237175,1
Q1277340,1
Q15427853,1
Q27131349,1
Q26840855,1
Q79786,1
Q2126575,1
Q31055530,1
Q27032095,1
Q27032254,1
Q27491541,1
Q26995609,1
Q737140,1
Q37803,1
Q27589066,1
Q568312,1
Q318904,1
Q7210274,1
Q2998450,1
Q897395,1
Q27653701,1
Q1411049,1
Q17354255,1
Q11047409,1
Q1809566,1
Q901407,1
Q27154917,1
Q19382031,1
Q25506238,1
Q27793536,1
Q943995,1
Q11798648,1
Q1884156,1
Q279838,1
Q2215976,1
Q26265947,1
Q431,1
Q8067100,1
Q27893184,1
Q4395506,1
Q693148,1
Q487850,1
Q26437645,1
Q15236212,1
Q785479,1
Q6448862,1
Q1001011,1
Q27997365,1
Q2461385,1
Q3075495,1
Q5369651,1
Q206913,1
Q319469,1
Q11900292,1
Q19417957,1
Q3030248,1
Q1417626,1
Q16860229,1
Q16023665,1
Q28050889,1
Q1528905,1
Q1313852,1
Q28055792,1
Q477195,1
Q867668,1
Q12144,1
Q1276487,1
Q1803798,1
Q28096784,1
Q1935252,1
Q12327806,1
Q525361,1
Q7500021,1
Q27927548,1
Q21521457,1
Q15809070,1
Q2604530,1
Q20589414,1
Q10358728,1
Q725864,1
Q28235302,1
Q18536944,1
Q28297535,1
Q25375,1
Q1493448,1
Q25053937,1
Q16917889,1
Q12010363,1
Q28220188,1
Q6129871,1
Q500251,1
Q780287,1
Q2220733,1
Q1679012,1
Q3711325,1
Q11465,1
Q960189,1
Q1770225,1
Q42329,1
Q831677,1
Q247423,1
Q23773,1
Q987061,1
Q9091445,1
Q5518434,1
Q798599,1
Q28739241,1
Q247617,1
Q25245466,1
Q28752781,1
Q11343792,1
Q2538913,1
Q20523364,1
Q165715,1
Q7180748,1
Q1650915,1
Q329629,1
Q2474386,1
Q27966245,1
Q99895,1
Q751740,1
Q28843519,1
Q783906,1
Q16541253,1
Q28858054,1
Q2463089,1
Q12663462,1
Q155223,1
Q1679821,1
Q28837102,1
Q408457,1
Q1189682,1
Q19868442,1
Q28946254,1
Q28912943,1
Q159570,1
Q23854141,1
Q15846749,1
Q23664486,1
Q224615,1
Q110360,1
Q10826747,1
Q7583832,1
Q107099,1
Q16865492,1
Q1798506,1
Q2638325,1
Q7307453,1
Q3803811,1
Q18692162,1
Q16978152,1
Q14912864,1
Q7709640,1
Q11976176,1
Q29043254,1
Q6538366,1
Q191928,1
Q29053484,1
Q22661614,1
Q2973988,1
Q29054378,1
Q29060753,1
Q24895390,1
Q611644,1
Q916475,1
Q16024632,1
Q144004,1
Q7938009,1
Q35409,1
Q741608,1
Q191657,1
Q2943859,1
Q2385373,1
Q29048908,1
Q27955407,1
Q1333400,1
Q2815028,1
Q2994387,1
Q2031967,1
Q20459,1
Q1044408,1
Q252861,1
Q324708,1
Q29341647,1
Q1820704,1
Q137173,1
Q3024485,1
Q2333502,1
Q816871,1
Q8037437,1
Q15624796,1
Q112053,1
Q7255773,1
Q29405103,1
Q7579157,1
Q173907,1
Q3469909,1
Q25112434,1
Q596566,1
Q184856,1
Q659216,1
Q15791824,1
Q1146067,1
Q726826,1
Q1587724,1
Q16961893,1
Q18510097,1
Q29453992,1
Q4801444,1
Q877435,1
Q1920785,1
Q38130,1
Q16945583,1
Q20718588,1
Q1617884,1
Q967853,1
Q682,1
Q29565297,1
Q624543,1
Q191939,1
Q416275,1
Q2376293,1
Q10431511,1
Q109856,1
Q5154874,1
Q29586752,1
Q29605834,1
Q29584772,1
Q1326176,1
Q3511068,1
Q4283668,1
Q182264,1
Q29651057,1
Q385783,1
Q13099270,1
Q202883,1
Q1622272,1
Q2552072,1
Q312222,1
Q36908,1
Q2295176,1
Q3246976,1
Q103896,1
Q49762,1
Q5145848,1
Q688861,1
Q6160903,1
Q3720639,1
Q30114662,1
Q18415492,1
Q30116615,1
Q3487903,1
Q482499,1
Q14085739,1
Q3404385,1
Q429795,1
Q228736,1
Q1415356,1
Q4353657,1
Q29098295,1
Q3307661,1
Q194393,1
Q2247133,1
Q30158655,1
Q16705798,1
Q30161266,1
Q7093995,1
Q30177091,1
Q3303814,1
Q2855494,1
Q1998642,1
Q34457362,1
Q28939887,1
Q285272,1
Q18204617,1
Q30303350,1
Q1047213,1
Q335404,1
Q2744532,1
Q234668,1
Q30338671,1
Q156332,1
Q30349213,1
Q15623403,1
Q30349371,1
Q30349441,1
Q24840980,1
Q223653,1
Q30504436,1
Q997698,1
Q30557246,1
Q196109,1
Q7918434,1
Q28064622,1
Q864121,1
Q2973945,1
Q3062125,1
Q246143,1
Q1551307,1
Q4236384,1
Q30939938,1
Q20921232,1
Q1780647,1
Q31061890,1
Q915026,1
Q5919003,1
Q6950379,1
Q31094517,1
Q2955203,1
Q31096609,1
Q30972056,1
Q31271492,1
Q207946,1
Q214724,1
Q2922416,1
Q31505332,1
Q9347372,1
Q12513144,1
Q291362,1
Q1396354,1
Q1541373,1
Q1127799,1
Q32164125,1
Q32609249,1
Q11545923,1
Q10843402,1
Q816704,1
Q216642,1
Q32860639,1
Q3407263,1
Q191633,1
Q5567362,1
Q33081846,1
Q33082364,1
Q33083817,1
Q2887356,1
Q5149695,1
Q1262630,1
Q81683,1
Q30161199,1
Q120676,1
Q18290712,1
Q6584669,1
Q33506823,1
Q7109172,1
Q3089784,1
Q426394,1
Q15852766,1
Q814910,1
Q14599306,1
Q894985,1
Q26950764,1
Q1320883,1
Q347210,1
Q154021,1
Q5202369,1
Q36382413,1
Q7565169,1
Q3569290,1
Q6581097,1
Q2406443,1
Q696667,1
Q14906917,1
Q14907926,1
Q134267,1
Q12106401,1
Q37307899,1
Q10859263,1
Q478679,1
Q1520500,1
Q20504733,1
Q537250,1
Q28920052,1
Q30027695,1
Q49892,1
Q3269025,1
Q2737212,1
Q1865281,1
Q1335818,1
Q1951661,1
Q20155966,1
Q3852142,1
Q28464789,1
Q1973360,1
Q2438179,1
Q194112,1
Q370744,1
Q309166,1
Q337657,1
Q25553355,1
Q5215,1
Q7257812,1
Q1239455,1
Q3268848,1
Q36330215,1
Q2337967,1
Q2235075,1
Q471805,1
Q901597,1
Q195724,1
Q1619717,1
Q16346,1
Q4801240,1
Q9357058,1
Q5975031,1
Q339836,1
Q15727343,1
Q30301473,1
Q7858351,1
Q371781,1
Q29009,1
Q28653,1
Q645304,1
Q51739,1
Q605944,1
Q3409762,1
Q1383557,1
Q33681,1
Q24457356,1
Q4403672,1
Q2741512,1
Q1068902,1
Q36548538,1
Q30307677,1
Q423350,1
Q636051,1
Q6453739,1
Q662729,1
Q334823,1
Q15078724,1
Q4217443,1
Q1253520,1
Q1324454,1
Q1073343,1
Q340152,1
Q52700,1
Q14941224,1
Q466981,1
Q119565,1
Q19269361,1
Q2445303,1
Q422693,1
Q7632114,1
Q12127133,1
Q259590,1
Q654396,1
Q5176731,1
Q11193,1
Q425597,1
Q15398983,1
Q179518,1
Q670732,1
Q27295581,1
Q378935,1
Q4481787,1
Q1022626,1
Q100649,1
Q2593233,1
Q2623243,1
Q7265738,1
Q1381169,1
Q12412340,1
Q782885,1
Q3209251,1
Q458141,1
Q190476,1
Q188317,1
Q1456930,1
Q1147274,1
Q2098891,1
Q4469293,1
Q23755142,1
Q2917656,1
Q2143661,1
Q1188853,1
Q1014491,1
Q180592,1
Q1384998,1
Q16918444,1
Q16263021,1
Q2330255,1
Q1412375,1
Q1209289,1
Q190448,1
Q182016,1
Q1721546,1
Q3031752,1
Q142804,1
Q323081,1
Q1622288,1
Q196939,1
Q805779,1
Q650051,1
Q26944990,1
Q165896,1
Q1899632,1
Q588395,1
Q410407,1
Q1601329,1
Q2515887,1
Q11146,1
Q3851150,1
Q7832239,1
Q3054613,1
Q847773,1
Q830909,1
Q2387466,1
Q828748,1
Q1211369,1
Q1257946,1
Q48806,1
Q2251764,1
Q871371,1
Q2246676,1
Q1074173,1
Q6770891,1
Q10528967,1
Q1043226,1
Q1085001,1
Q3114821,1
Q450307,1
Q4067597,1
Q6974775,1
Q3998530,1
Q806729,1
Q23425,1
Q133255,1
Q3951881,1
Q4536542,1
Q1683099,1
Q669970,1
Q40276,1
Q214967,1
Q350205,1
Q40392,1
Q16256303,1
Q5312967,1
Q671298,1
Q2083910,1
Q25428,1
Q19868416,1
Q7647102,1
Q4779710,1
Q159127,1
Q231842,1
Q7240482,1
Q3551559,1
Q11002,1
Q2497303,1
Q170538,1
Q3959257,1
Q9367327,1
Q157894,1
Q3588251,1
Q265453,1
Q506894,1
Q3527003,1
Q1243067,1
Q1780763,1
Q375677,1
Q27628,1
Q166509,1
Q1192309,1
Q835141,1
Q356090,1
Q787057,1
Q7162366,1
Q2955891,1
Q190156,1
Q191907,1
Q522464,1
Q1520478,1
Q17138180,1
Q3071706,1
Q1879153,1
Q18208028,1
Q21494617,1
Q4986492,1
Q526790,1
Q339011,1
Q2915476,1
Q1252319,1
Q2606257,1
Q2144077,1
Q557399,1
Q871529,1
Q210882,1
Q964912,1
Q865054,1
Q507187,1
Q254465,1
Q212130,1
Q9061582,1
Q29962176,1
Q648224,1
Q10366773,1
Q244847,1
Q277629,1
Q1898388,1
Q4072853,1
Q2002016,1
Q28922878,1
Q1154312,1
Q7157526,1
Q4483539,1
Q2994466,1
Q19515337,1
Q833676,1
Q1035584,1
Q910979,1
Q522244,1
Q27881829,1
Q422899,1
Q172290,1
Q419147,1
Q16948788,1
Q27113920,1
Q2746231,1
Q30302706,1
Q1868462,1
Q898866,1
Q15855160,1
Q4337150,1
Q1235185,1
Q186915,1
Q104837,1
Q157833,1
Q4191403,1
Q17154617,1
Q7251378,1
Q12858816,1
Q5090461,1
Q1264442,1
Q27131674,1
Q1426848,1
Q15064326,1
Q1901234,1
Q681925,1
Q34186974,1
Q2014003,1
Q477298,1
Q620591,1
Q3880745,1
Q1969136,1
Q1064441,1
Q900097,1
Q491689,1
Q1187620,1
Q844903,1
Q891771,1
Q10406027,1
Q17153999,1
Q368926,1
Q2979024,1
Q351119,1
Q1507281,1
Q1275828,1
Q1502331,1
Q15192579,1
Q193606,1
Q607785,1
Q5100562,1
Q178750,1
Q179615,1
Q501405,1
Q3083746,1
Q3693417,1
Q762157,1
Q1335003,1
Q1523056,1
Q14523564,1
Q261105,1
Q18384395,1
Q1334213,1
Q27529879,1
Q355409,1
Q171180,1
Q757621,1
Q244777,1
Q627068,1
Q4810382,1
Q919075,1
Q16155171,1
Q22857,1
Q189791,1
Q3637701,1
Q1143398,1
Q3420086,1
Q906899,1
Q875832,1
Q500062,1
Q1426186,1
Q20683484,1
Q1251417,1
Q1887220,1
Q2964234,1
Q925352,1
Q1560197,1
Q725979,1
Q15220429,1
Q769584,1
Q738473,1
Q1548071,1
Q433033,1
Q1255282,1
Q3809508,1
Q1991566,1
Q10549775,1
Q1318900,1
Q4052124,1
Q1548498,1
Q182598,1
Q17947474,1
Q922942,1
Q751024,1
Q28061462,1
Q190995,1
Q216762,1
Q15407649,1
Q220644,1
Q729106,1
Q2406561,1
Q775533,1
Q4819856,1
Q2544182,1
Q2458322,1
Q167689,1
Q43513,1
Q9367288,1
Q102836,1
Q25504,1
Q9137136,1
Q37221,1
Q90695,1
Q1191035,1
Q1658941,1
Q3348407,1
Q29378691,1
Q892901,1
Q16971228,1
Q3150308,1
Q10372214,1
Q4294782,1
Q28550993,1
Q128593,1
Q173324,1
Q822212,1
Q2738581,1
Q799597,1
Q174077,1
Q786414,1
Q27058699,1
Q2125072,1
Q828880,1
Q6725810,1
Q860490,1
Q904906,1
Q2085786,1
Q577697,1
Q22680939,1
Q2624172,1
Q170460,1
Q706094,1
Q76592,1
Q905896,1
Q309070,1
Q1796951,1
Q1651597,1
Q28055306,1
Q1135180,1
Q1618571,1
Q1307337,1
Q2052698,1
Q1562052,1
Q787060,1
Q1879248,1
Q2025905,1
Q190475,1
Q149319,1
Q1132631,1
Q1398005,1
Q2961496,1
Q603944,1
Q856251,1
Q486921,1
Q17416384,1
Q1078374,1
Q10861654,1
Q2093169,1
Q503065,1
Q1363025,1
Q34007,1
Q943260,1
Q1349017,1
Q1129485,1
Q21401477,1
Q4504549,1
Q832177,1
Q2916312,1
Q6601113,1
Q2550974,1
Q2623817,1
Q1196071,1
Q657339,1
Q7404467,1
Q7439100,1
Q130654,1
Q1896787,1
Q2481478,1
Q1058629,1
Q2713890,1
Q3396439,1
Q16722960,1
Q16101952,1
Q128635,1
Q5354619,1
Q1707009,1
Q3979249,1
Q3735314,1
Q989870,1
Q1391582,1
Q327675,1
Q28989,1
Q2565355,1
Q26085184,1
Q23928152,1
Q4966884,1
Q748845,1
Q17541977,1
Q317027,1
Q18626769,1
Q616314,1
Q400185,1
Q811947,1
Q772267,1
Q193384,1
Q3079086,1
Q1867166,1
Q3561963,1
Q3553883,1
Q19604123,1
Q17142722,1
Q18340467,1
Q3239094,1
Q2926350,1
Q2556132,1
Q3391448,1
Q1113289,1
Q362111,1
Q76438,1
Q13222844,1
Q2308807,1
Q845098,1
Q2806437,1
Q411752,1
Q5372133,1
Q1349717,1
Q4102418,1
Q21481747,1
Q1840959,1
Q5135333,1
Q3113771,1
Q1431,1
Q191310,1
Q315329,1
Q19890758,1
Q2672220,1
Q4002185,1
Q656554,1
Q5265707,1
Q2166395,1
Q54852,1
Q546395,1
Q1345700,1
Q3559736,1
Q1824109,1
Q612709,1
Q142944,1
Q27304409,1
Q181517,1
Q1183559,1
Q5422262,1
Q574422,1
Q102231,1
Q216842,1
Q209658,1
Q870797,1
Q1792377,1
Q21743174,1
Q5961276,1
Q1993117,1
Q7655635,1
Q1951266,1
Q24336068,1
Q5146194,1
Q719524,1
Q925350,1
Q152285,1
Q749212,1
Q1076809,1
Q5150814,1
Q32566,1
Q239543,1
Q178947,1
Q1147354,1
Q2143541,1
Q668442,1
Q17005311,1
Q328716,1
Q420816,1
Q1845840,1
Q1256708,1
Q677763,1
Q3506176,1
Q26868453,1
Q26868224,1
Q2112436,1
Q1051792,1
Q846773,1
Q10444897,1
Q614355,1
Q2050638,1
Q52657,1
Q1711275,1
Q2537542,1
Q5973693,1
Q1802168,1
Q15142314,1
Q546440,1
Q17325066,1
Q15008061,1
Q1772834,1
Q1111,1
Q19887712,1
Q5299960,1
Q359351,1
Q26898019,1
Q21493801,1
Q2117603,1
Q2754129,1
Q2499259,1
Q181368,1
Q28840755,1
Q2468727,1
Q2118169,1
Q20732210,1
Q2195811,1
Q5360681,1
Q5164608,1
Q2119390,1
Q39052,1
Q182003,1
Q907209,1
Q17039303,1
Q3413439,1
Q557281,1
Q921513,1
Q967719,1
Q848436,1
Q1973309,1
Q457843,1
Q2920329,1
Q204767,1
Q180928,1
Q179723,1
Q559302,1
Q3519388,1
Q3323810,1
Q1540412,1
Q176763,1
Q2712924,1
Q170406,1
Q205034,1
Q1338800,1
Q2865760,1
Q11294156,1
Q29509293,1
Q1426255,1
Q21655334,1
Q2516403,1
Q1361765,1
Q2514988,1
Q3394670,1
Q2196961,1
Q477374,1
Q45888,1
Q36732,1
Q3781304,1
Q21020748,1
Q613918,1
Q6303167,1
Q335638,1
Q8406,1
Q58430,1
Q18635222,1
Q288035,1
Q1497658,1
Q4982800,1
Q5477973,1
Q1470795,1
Q2945123,1
Q5051837,1
Q3493904,1
Q2800294,1
Q1319035,1
Q26944983,1
Q15268054,1
Q610877,1
Q5830907,1
Q183945,1
Q15887806,1
Q1068640,1
Q1626547,1
Q1877476,1
Q310391,1
Q8043,1
Q1549790,1
Q778039,1
Q4785376,1
Q27062096,1
Q9334974,1
Q3436550,1
Q1297806,1
Q192832,1
Q22912575,1
Q4985034,1
Q1722502,1
Q908430,1
Q5446588,1
Q11464,1
Q276572,1
Q1703660,1
Q13405507,1
Q180046,1
Q49374,1
Q1777684,1
Q21369154,1
Q177771,1
Q3578475,1
Q2733083,1
Q1426261,1
Q4610556,1
Q18530,1
Q2027432,1
Q1096926,1
Q1416414,1
Q249473,1
Q1757539,1
Q7259957,1
Q435371,1
Q726474,1
Q192316,1
Q1284382,1
Q1283519,1
Q763956,1
Q15823107,1
Q3443147,1
Q27021481,1
Q24215516,1
Q23072559,1
Q1803044,1
Q2467690,1
Q1054271,1
Q8317,1
Q1436358,1
Q445485,1
Q976338,1
Q23068007,1
Q1542864,1
Q20181766,1
Q1662056,1
Q2251180,1
Q955413,1
Q18810687,1
Q5446532,1
Q21050889,1
Q1609677,1
Q1503455,1
Q1802121,1
Q1741752,1
Q19396147,1
Q20672156,1
Q357503,1
Q358902,1
Q1555243,1
Q11595976,1
Q19831393,1
Q2832150,1
Q10891593,1
Q192270,1
Q531716,1
Q146233,1
Q11105360,1
Q9505308,1
Q45279,1
Q3059502,1
Q1502639,1
Q29413289,1
Q949929,1
Q1479638,1
Q779864,1
Q14503051,1
Q27642463,1
Q542946,1
Q1925849,1
Q261503,1
Q2149670,1
Q4782813,1
Q1704079,1
Q26256310,1
Q1577013,1
Q2541568,1
Q2131777,1
Q14805701,1
Q1544612,1
Q18336,1
Q30126155,1
Q1939894,1
Q1938968,1
Q20280384,1
Q209896,1
Q1049467,1
Q1768061,1
Q4884092,1
Q17644470,1
Q1387973,1
Q869713,1
Q7935188,1
Q2905073,1
Q599797,1
Q2996416,1
Q1196868,1
Q5227352,1
Q9384658,1
Q182593,1
Q3100831,1
Q83401,1
Q30006597,1
Q2554570,1
Q2694643,1
Q3113114,1
Q15042137,1
Q27042445,1
Q3772461,1
Q1985237,1
Q14523679,1
Q18591211,1
Q2392270,1
Q357147,1
Q2394424,1
Q2823346,1
Q288311,1
Q886092,1
Q10550024,1
Q193061,1
Q814610,1
Q1511361,1
Q304311,1
Q2752858,1
Q29649159,1
Q1062978,1
Q932633,1
Q2656483,1
Q14531236,1
Q29631000,1
Q110079,1
Q1133032,1
Q7548144,1
Q2267018,1
Q2251595,1
Q1634416,1
Q23808824,1
Q249093,1
Q2389350,1
Q29955152,1
Q1603416,1
Q14538562,1
Q1228633,1
Q10857997,1
Q2697967,1
Q1658150,1
Q14535174,1
Q1417240,1
Q3544691,1
Q1515058,1
Q12168697,1
Q4043550,1
Q13642240,1
Q1533403,1
Q11344830,1
Q14579,1
Q15298195,1
Q15898960,1
Q1663988,1
Q3118016,1
Q204835,1
Q32114761,1
Q522413,1
Q188976,1
Q280559,1
Q1060092,1
Q14513977,1
Q2747456,1
Q14514673,1
Q4940432,1
Q532953,1
Q327538,1
Q10270932,1
Q2385043,1
Q18421675,1
Q2594133,1
Q10943038,1
Q5164280,1
Q19841312,1
Q7457632,1
Q2466565,1
Q2313235,1
Q1058741,1
Q1458216,1
Q2706314,1
Q14508208,1
Q2422322,1
Q2341415,1
Q27468574,1
Q15611243,1
Q15811450,1
Q2367298,1
Q5446574,1
Q16965134,1
Q896176,1
Q28128195,1
Q2630690,1
Q12355371,1
Q2551228,1
Q207988,1
Q18519549,1
Q28914147,1
Q216782,1
Q1247850,1
Q130011,1
Q5457695,1
Q411,1
Q1029418,1
Q24089499,1
Q152946,1
Q1330003,1
Q216330,1
Q4395996,1
Q5168035,1
Q1815874,1
Q47423,1
Q1311175,1
Q1943539,1
Q27955402,1
Q27653431,1
Q576029,1
Q18608436,1
Q1941895,1
Q30167902,1
Q28092864,1
Q7680364,1
Q17004679,1
Q1647651,1
Q1202607,1
Q526314,1
Q2462003,1
Q618439,1
Q2613523,1
Q1368976,1
Q421948,1
Q271907,1
Q186152,1
Q744962,1
Q2041740,1
Q4789011,1
Q3354924,1
Q2874635,1
Q209372,1
Q7456926,1
Q42982,1
Q214469,1
Q4119762,1
Q17015388,1
Q5189198,1
Q2922450,1
Q19765952,1
Q913439,1
Q16032957,1
Q2944934,1
Q2572330,1
Q2602778,1
Q29352579,1
Q157668,1
Q205477,1
Q27896063,1
Q21596859,1
Q959265,1
Q3010603,1
Q1345011,1
Q19644522,1
Q173113,1
Q1397,1
Q3122922,1
Q30240612,1
Q16850252,1
Q1486497,1
Q2867204,1
Q1308679,1
Q344799,1
Q1145683,1
Q1503147,1
Q345844,1
Q424190,1
Q1751859,1
Q15068469,1
Q857972,1
Q25588783,1
Q3054878,1
Q3094719,1
Q934367,1
Q3058599,1
Q1376760,1
Q6518268,1
Q1385059,1
Q2441645,1
Q1393765,1
Q3591524,1
Q25363,1
Q10796151,1
Q789320,1
Q373889,1
Q161180,1
Q3117865,1
Q7832815,1
Q15114930,1
Q334743,1
Q3112634,1
Q1548846,1
Q1154112,1
Q451924,1
Q16685822,1
Q5056369,1
Q35047,1
Q1650581,1
Q29411134,1
Q21170220,1
Q5924298,1
Q3162823,1
Q623086,1
Q12961474,1
Q36348,1
Q3480417,1
Q591055,1
Q2824103,1
Q821090,1
Q2123632,1
Q537420,1
Q837528,1
Q2745489,1
Q153544,1
Q1333980,1
Q1840882,1
Q15880183,1
Q1342021,1
Q15728869,1
Q28100286,1
Q14620,1
Q18557136,1
Q814709,1
Q2562744,1
Q2677067,1
Q298600,1
Q655427,1
Q1178520,1
Q948200,1
Q1140527,1
Q16998512,1
Q3360983,1
Q1591766,1
Q1095126,1
Q5326659,1
Q3276353,1
Q48522,1
Q2872812,1
Q193897,1
Q206945,1
Q1377126,1
Q5419717,1
Q878035,1
Q2352894,1
Q3398594,1
Q959042,1
Q21177212,1
Q6466879,1
Q10858068,1
Q30340773,1
Q2269733,1
Q2145286,1
Q1703061,1
Q1987815,1
Q19324498,1
Q5282965,1
Q177190,1
Q772007,1
Q130614,1
Q191944,1
Q714326,1
Q674875,1
Q186471,1
Q5127989,1
Q3534664,1
Q736161,1
Q1417599,1
Q819951,1
Q1083752,1
Q3550605,1
Q142824,1
Q12513,1
Q3572302,1
Q762316,1
Q205049,1
Q1196663,1
Q7160204,1
Q6661,1
Q2372244,1
Q2251942,1
Q4936410,1
Q15141469,1
Q1499294,1
Q27225643,1
Q21073100,1
Q3353410,1
Q507494,1
Q3653696,1
Q1376795,1
Q103049,1
Q1542486,1
Q5071577,1
Q27110407,1
Q1475346,1
Q17637939,1
Q1994782,1
Q1196203,1
Q30504601,1
Q955324,1
Q894640,1
Q497769,1
Q18592528,1
Q23691539,1
Q979730,1
Q22948131,1
Q3754231,1
Q13628729,1
Q169313,1
Q4411107,1
Q3789888,1
Q606283,1
Q747478,1
Q6174684,1
Q8570536,1
Q2078736,1
Q1031268,1
Q3841964,1
Q1153441,1
Q28946651,1
Q3742388,1
Q3906301,1
Q3941572,1
Q16586307,1
Q690024,1
Q413828,1
Q1653961,1
Q14405758,1
Q83641,1
Q1349657,1
Q6585139,1
Q1770744,1
Q2872814,1
Q1393324,1
Q24577393,1
Q3932142,1
Q15054936,1
Q3936952,1
Q3901316,1
Q2622713,1
Q1260632,1
Q1961253,1
Q17627659,1
Q3962955,1
Q1822089,1
Q3977051,1
Q3000131,1
Q3995736,1
Q3999595,1
Q18229036,1
Q15069684,1
Q1635956,1
Q729283,1
Q3835958,1
Q4161250,1
Q4364487,1
Q12816984,1
Q1956265,1
Q1281940,1
Q978275,1
Q21439593,1
Q2425187,1
Q349856,1
Q48267,1
Q4439,1
Q1069998,1
Q104319,1
Q14371213,1
Q4453481,1
Q890402,1
Q194274,1
Q844922,1
Q208040,1
Q158816,1
Q18776992,1
Q193944,1
Q3556186,1
Q1911186,1
Q4167890,1
Q20076236,1
Q161736,1
Q571112,1
Q621580,1
Q1370714,1
Q21011101,1
Q3449457,1
Q29549308,1
Q224414,1
Q5330340,1
Q1484503,1
Q209542,1
Q647690,1
Q1902629,1
Q4310373,1
Q29651136,1
Q3585697,1
Q195986,1
Q1693017,1
Q31532,1
Q1837011,1
Q773526,1
Q373691,1
Q1501945,1
Q14511634,1
Q1424733,1
Q4307966,1
Q4474726,1
Q877979,1
Q2558132,1
Q4343887,1
Q2376430,1
Q15306266,1
Q28933155,1
Q652123,1
Q170611,1
Q1153014,1
Q7598725,1
Q1013818,1
Q830320,1
Q911554,1
Q838498,1
Q4017086,1
Q2353049,1
Q1184953,1
Q3418142,1
Q5327742,1
Q4511004,1
Q4625815,1
Q7627838,1
Q11693,1
Q616358,1
Q28608836,1
Q1270401,1
Q519076,1
Q1270588,1
Q14508849,1
Q3459735,1
Q1508666,1
Q1755275,1
Q131471,1
Q1061971,1
Q4343630,1
Q4818019,1
Q906118,1
Q15921241,1
Q4922489,1
Q5532380,1
Q1930355,1
Q747347,1
Q4217103,1
Q18554834,1
Q20119979,1
Q1517344,1
Q4501412,1
Q2070184,1
Q942818,1
Q7899039,1
Q2249794,1
Q6070836,1
Q920219,1
Q688385,1
Q1284092,1
Q121439,1
Q179226,1
Q23766508,1
Q1046481,1
Q6808352,1
Q743891,1
Q4918039,1
Q28807042,1
Q2074644,1
Q193847,1
Q1516291,1
Q999560,1
Q19361028,1
Q16149213,1
Q4960291,1
Q20791844,1
Q2115663,1
Q15977715,1
Q891302,1
Q12015918,1
Q1641413,1
Q336377,1
Q740574,1
Q18193307,1
Q6673983,1
Q1760290,1
Q752660,1
Q841280,1
Q2543279,1
Q424741,1
Q19776580,1
Q5031069,1
Q7546880,1
Q2914471,1
Q732977,1
Q962165,1
Q17078319,1
Q210603,1
Q209917,1
Q212410,1
Q1421490,1
Q648995,1
Q845677,1
Q2397992,1
Q639681,1
Q3847604,1
Q1790870,1
Q1137272,1
Q3090847,1
Q2487752,1
Q19767,1
Q117191,1
Q1729207,1
Q6395439,1
Q16078681,1
Q4793818,1
Q21004260,1
Q387950,1
Q4850587,1
Q5598085,1
Q5447138,1
Q6936369,1
Q1224984,1
Q1250322,1
Q14515436,1
Q4724367,1
Q1417573,1
Q13080843,1
Q5100181,1
Q108640,1
Q42633,1
Q1859616,1
Q29447475,1
Q6027235,1
Q21429120,1
Q1423981,1
Q845514,1
Q382037,1
Q39201,1
Q16969721,1
Q954166,1
Q4866666,1
Q5049323,1
Q5440522,1
Q858036,1
Q1770203,1
Q7481320,1
Q14940731,1
Q7338002,1
Q749462,1
Q417084,1
Q24287527,1
Q6557437,1
Q2222461,1
Q28208970,1
Q2891044,1
Q2859736,1
Q127076,1
Q5385861,1
Q2441993,1
Q20739125,1
Q132159,1
Q13424458,1
Q7557352,1
Q7918273,1
Q574258,1
Q3278377,1
Q17276937,1
Q42659,1
Q191641,1
Q7075966,1
Q15619164,1
Q2387838,1
Q6089292,1
Q758940,1
Q220734,1
Q215915,1
Q116434,1
Q2562991,1
Q898797,1
Q1288449,1
Q150352,1
Q20014959,1
Q1517374,1
Q9585,1
Q4879808,1
Q20968604,1
Q658429,1
Q7546879,1
Q181901,1
Q14623204,1
Q530936,1
Q178483,1
Q20110896,1
Q2990570,1
Q208255,1
Q2657680,1
Q2667974,1
Q4929239,1
Q1024984,1
Q2032847,1
Q3119346,1
Q638290,1
Q27555350,1
Q42667,1
Q2904287,1
Q7338785,1
Q4819632,1
Q5366501,1
Q2743540,1
Q1245536,1
Q29980383,1
Q30169184,1
Q34728658,1
Q34727797,1
Q6269530,1
Q4482,1
Q1753773,1
Q13405544,1
Q741248,1
Q7699489,1
Q4793851,1
Q3196058,1
Q1363743,1
Q2366717,1
Q6889079,1
Q28969883,1
Q5988268,1
Q7041009,1
Q1936368,1
Q861712,1
Q5639512,1
Q1758673,1
Q1358633,1
Q1483388,1
Q2717573,1
Q1684811,1
Q3943927,1
Q1430268,1
Q13586691,1
Q2132957,1
Q1331972,1
Q6413247,1
Q217108,1
Q3002703,1
Q2736751,1
Q6139999,1
Q7531261,1
Q1516975,1
Q15244514,1
Q126167,1
Q1055251,1
Q2308299,1
Q205734,1
Q610001,1
Q2032,1
Q208144,1
Q10346142,1
Q7973488,1
Q127879,1
Q1568283,1
Q2726026,1
Q3270773,1
Q507246,1
Q2292514,1
Q865042,1
Q3683057,1
Q7316653,1
Q1421330,1
Q5141248,1
Q3818443,1
Q1239166,1
Q275934,1
Q1042979,1
Q860594,1
Q847556,1
Q5020211,1
Q6503275,1
Q12520160,1
Q13583449,1
Q102500,1
Q10498305,1
Q10593243,1
Q17146834,1
Q7605380,1
Q12412210,1
Q5589282,1
Q17990971,1
Q2044601,1
Q7120497,1
Q7120479,1
Q1148446,1
Q171174,1
Q23722468,1
Q317949,1
Q854022,1
Q28545725,1
Q716855,1
Q7187947,1
Q7258059,1
Q4211668,1
Q19638876,1
Q219409,1
Q16659581,1
Q7209566,1
Q1120538,1
Q1378504,1
Q3911030,1
Q830337,1
Q161500,1
Q2334804,1
Q1771716,1
Q18357407,1
Q7295719,1
Q1414572,1
Q132325,1
Q21192416,1
Q913850,1
Q20085071,1
Q2452746,1
Q23819686,1
Q2429892,1
Q5281760,1
Q3476437,1
Q727816,1
Q26944966,1
Q664846,1
Q19190659,1
Q21055608,1
Q1760114,1
Q1262328,1
Q6664529,1
Q438746,1
Q5259583,1
Q2385925,1
Q3307023,1
Q849175,1
Q43024,1
Q1567764,1
Q3649349,1
Q333733,1
Q7570309,1
Q2074172,1
Q5591770,1
Q157165,1
Q4001390,1
Q1335035,1
Q376178,1
Q16235255,1
Q503892,1
Q2294430,1
Q1744452,1
Q842870,1
Q3930,1
Q1503383,1
Q1185862,1
Q12410183,1
Q5054934,1
Q1483364,1
Q12060132,1
Q2494324,1
Q16187491,1
Q1195325,1
Q18196350,1
Q300901,1
Q1047380,1
Q863575,1
Q945434,1
Q11487113,1
Q16918164,1
Q5625028,1
Q8001324,1
Q152213,1
Q3015661,1
Q30249202,1
Q30249471,1
Q30249494,1
Q30249893,1
Q15757150,1
Q24068657,1
Q328381,1
Q431667,1
Q4430235,1
Q418579,1
Q1436229,1
Q1956890,1
Q28115446,1
Q18345540,1
Q1672567,1
Q3710552,1
Q23005231,1
Q17122206,1
Q1424519,1
Q905983,1
Q2077139,1
Q6941595,1
Q864190,1
Q16333402,1
Q908809,1
Q1076664,1
Q573863,1
Q45996,1
Q2929311,1
Q378348,1
Q11924668,1
Q1179447,1
Q2882238,1
Q13107809,1
Q2508462,1
Q3106448,1
Q9056048,1
Q629882,1
Q1112464,1
Q1088426,1
Q2852690,1
Q11751431,1
Q12332981,1
Q9265650,1
Q12046700,1
Q1867410,1
Q9395310,1
Q16325412,1
Q835960,1
Q11877099,1
Q743097,1
Q13357594,1
Q10395669,1
Q763244,1
Q6952729,1
Q7140444,1
Q185029,1
Q189224,1
Q6103015,1
Q13866185,1
Q5194627,1
Q3543802,1
Q10549360,1
Q10624464,1
Q1000492,1
Q14631294,1
Q3444700,1
Q26898016,1
Q10541921,1
Q10432607,1
Q1096365,1
Q17240,1
Q17411211,1
Q217421,1
Q204012,1
Q626066,1
Q17457437,1
Q4779867,1
Q7362743,1
Q7396785,1
Q14352329,1
Q10476836,1
Q334533,1
Q18510808,1
Q1621657,1
Q18510832,1
Q10497103,1
Q8004,1
Q16252290,1
Q10651185,1
Q10719543,1
Q131873,1
Q1334300,1
Q15958749,1
Q188364,1
Q134659,1
Q2916486,1
Q24666796,1
Q836976,1
Q146025,1
Q147434,1
Q17089224,1
Q19269035,1
Q20057438,1
Q133773,1
Q603496,1
Q15901930,1
Q10917675,1
Q4300373,1
Q283685,1
Q197617,1
Q17991075,1
Q1920219,1
Q234138,1
Q6739664,1
Q290857,1
Q3867028,1
Q13430821,1
Q38782,1
Q10957598,1
Q1887569,1
Q186131,1
Q7418001,1
Q11555008,1
Q11643709,1
Q7979077,1
Q11311300,1
Q3200355,1
Q1962004,1
Q200253,1
Q851257,1
Q11573099,1
Q164606,1
Q14126428,1
Q901610,1
Q6077215,1
Q41075,1
Q3042956,1
Q185757,1
Q19267791,1
Q7564106,1
Q1030320,1
Q11750539,1
Q21782630,1
Q188468,1
Q17518096,1
Q4526657,1
Q6601210,1
Q5154193,1
Q522648,1
Q1208101,1
Q13522655,1
Q3425355,1
Q3425366,1
Q21170479,1
Q362,1
Q10438653,1
Q3095378,1
Q629718,1
Q11857638,1
Q19388646,1
Q1446100,1
Q2916214,1
Q12047224,1
Q38383,1
Q20588555,1
Q6024226,1
Q13415428,1
Q380141,1
Q14325447,1
Q10260065,1
Q12304050,1
Q12300827,1
Q12335640,1
Q2216236,1
Q12318204,1
Q251684,1
Q12304219,1
Q11999888,1
Q7444727,1
Q12328459,1
Q12318652,1
Q12309493,1
Q12333303,1
Q1078597,1
Q919947,1
Q13370881,1
Q3961291,1
Q972132,1
Q18192532,1
Q20820251,1
Q2744117,1
Q15260494,1
Q1387258,1
Q9635921,1
Q272999,1
Q626334,1
Q12585720,1
Q3007315,1
Q845956,1
Q4585201,1
Q2748405,1
Q3013523,1
Q3473938,1
Q2099793,1
Q392423,1
Q4060300,1
Q299406,1
Q2473971,1
Q300955,1
Q21439924,1
Q5307704,1
Q6803515,1
Q966994,1
Q18111357,1
Q2388904,1
Q190660,1
Q19168184,1
Q3430157,1
Q150988,1
Q23392,1
Q3737344,1
Q2488752,1
Q9301403,1
Q18522853,1
Q1132964,1
Q3236743,1
Q1848863,1
Q1575,1
Q28044147,1
Q6901524,1
Q27331100,1
Q1544011,1
Q6559173,1
Q6546156,1
Q14506581,1
Q147545,1
Q14519612,1
Q9034517,1
Q9261468,1
Q3789839,1
Q1340793,1
Q3238057,1
Q23541360,1
Q786829,1
Q129211,1
Q373950,1
Q7580769,1
Q14631966,1
Q11549519,1
Q7210508,1
Q1665717,1
Q1067715,1
Q8011140,1
Q10398273,1
Q7193800,1
Q18579603,1
Q27676431,1
Q2171616,1
Q381216,1
Q5466179,1
Q2531568,1
Q94093,1
Q27891162,1
Q15691662,1
Q65997,1
Q2962283,1
Q776704,1
Q10953985,1
Q4380220,1
Q93716,1
Q28343261,1
Q1939700,1
Q5193357,1
Q3180083,1
Q80330,1
Q2330559,1
Q21600864,1
Q521200,1
Q23807345,1
Q1194317,1
Q15238482,1
Q2707177,1
Q161116,1
Q567624,1
Q5463565,1
Q1133667,1
Q17260841,1
Q17282232,1
Q1316596,1
Q16547858,1
Q508051,1
Q15972163,1
Q4925872,1
Q1277161,1
Q744710,1
Q3629007,1
Q907950,1
Q7576715,1
Q396412,1
Q7769997,1
Q13107716,1
Q25222,1
Q2551561,1
Q17047615,1
Q7629702,1
Q403017,1
Q23671485,1
Q3622455,1
Q2468929,1
Q608353,1
Q8073,1
Q14848225,1
Q228830,1
Q81068,1
Q694769,1
Q1474171,1
Q6821858,1
Q442927,1
Q320368,1
Q12726123,1
Q1130265,1
Q2112414,1
Q15871186,1
Q16912071,1
Q1482145,1
Q42569,1
Q3151851,1
Q708751,1
Q10340065,1
Q156888,1
Q2607599,1
Q18350832,1
Q1283218,1
Q1830423,1
Q6646294,1
Q772257,1
Q15980635,1
Q18123008,1
Q2941001,1
Q7309312,1
Q189953,1
Q7225114,1
Q1711372,1
Q7063753,1
Q30151218,1
Q293077,1
Q678345,1
Q636791,1
Q841437,1
Q1954172,1
Q1116826,1
Q1154055,1
Q4735447,1
Q10501320,1
Q5811429,1
Q16344117,1
Q607056,1
Q7930773,1
Q20579256,1
Q16429384,1
Q17095959,1
Q28963415,1
Q3031465,1
Q875998,1
Q1390204,1
Q851563,1
Q19673401,1
Q420490,1
Q46805,1
Q7363,1
Q190035,1
Q3679502,1
Q2166642,1
Q1976715,1
Q21769932,1
Q722974,1
Q35856,1
Q1126331,1
Q1202197,1
Q1515551,1
Q15809149,1
Q5227252,1
Q21233490,1
Q366017,1
Q380356,1
Q6694082,1
Q3918329,1
Q1961526,1
Q624902,1
Q18338424,1
Q18396676,1
Q28110087,1
Q648666,1
Q18544777,1
Q784271,1
Q29221,1
Q185000,1
Q885122,1
Q1957814,1
Q895809,1
Q683794,1
Q18591838,1
Q11176,1
Q459798,1
Q7258038,1
Q7892394,1
Q11744885,1
Q705908,1
Q994755,1
Q9089593,1
Q2494094,1
Q21156996,1
Q427276,1
Q410193,1
Q5074423,1
Q16023726,1
Q1562095,1
Q17522201,1
Q17488177,1
Q26235123,1
Q13350190,1
Q849248,1
Q5756596,1
Q17761064,1
Q901367,1
Q17319474,1
Q797769,1
Q730863,1
Q6486803,1
Q15849385,1
Q4682549,1
Q3309308,1
Q101680,1
Q17363933,1
Q1146556,1
Q4859618,1
Q602300,1
Q12118866,1
Q1498593,1
Q673079,1
Q135,1
Q1786828,1
Q696937,1
Q478535,1
Q720477,1
Q17487600,1
Q16151173,1
Q11545869,1
Q4435749,1
Q209726,1
Q11914873,1
Q3803019,1
Q510511,1
Q2993925,1
Q6322008,1
Q19947271,1
Q17660060,1
Q15840010,1
Q1188107,1
Q17812472,1
Q17855191,1
Q2063700,1
Q1980740,1
Q50000,1
Q1019352,1
Q2687851,1
Q224655,1
Q415812,1
Q2333778,1
Q4351513,1
Q1314,1
Q15781252,1
Q1421853,1
Q8078936,1
Q2695089,1
Q4372150,1
Q975684,1
Q193145,1
Q5013223,1
Q1276130,1
Q5287530,1
Q11320567,1
Q30503704,1
Q1421134,1
Q59677,1
Q241906,1
Q5641604,1
Q15933874,1
Q17709270,1
Q1066033,1
Q6823697,1
Q380230,1
Q487,1
Q1201081,1
Q16665126,1
Q4687862,1
Q650365,1
Q167130,1
Q3925637,1
Q168745,1
Q5030568,1
Q334661,1
Q757232,1
Q22676035,1
Q170571,1
Q18578634,1
Q1484022,1
Q514243,1
Q4128870,1
Q1346984,1
Q18609332,1
Q11573847,1
Q2287249,1
Q1981234,1
Q27042489,1
Q18624661,1
Q57624,1
Q18630519,1
Q724907,1
Q7397372,1
Q18163867,1
Q2482382,1
Q217425,1
Q1554448,1
Q12487682,1
Q5844636,1
Q2130900,1
Q38047,1
Q18814377,1
Q1462977,1
Q3236984,1
Q386890,1
Q186212,1
Q1045481,1
Q1521153,1
Q620938,1
Q210216,1
Q1428205,1
Q5437340,1
Q3330467,1
Q1185607,1
Q19310814,1
Q14111136,1
Q2431906,1
Q28942,1
Q534026,1
Q511425,1
Q16797587,1
Q27156818,1
Q5997566,1
Q4375974,1
Q2550479,1
Q18542069,1
Q2183215,1
Q648864,1
Q27556845,1
Q19868531,1
Q505162,1
Q355379,1
Q1161151,1
Q1418168,1
Q15628778,1
Q19280202,1
Q7233569,1
Q25036736,1
Q3652014,1
Q19688404,1
Q1097273,1
Q4313264,1
Q2785359,1
Q19311509,1
Q1141160,1
Q1413947,1
Q12049788,1
Q2140453,1
Q2698964,1
Q787182,1
Q18357827,1
Q165447,1
Q340186,1
Q51619,1
Q19844542,1
Q996547,1
Q2822895,1
Q729456,1
Q11064553,1
Q3500623,1
Q4055822,1
Q662862,1
Q4127913,1
Q787882,1
Q26987258,1
Q3603840,1
Q19546583,1
Q11321874,1
Q3174724,1
Q16056634,1
Q1756461,1
Q11396303,1
Q3239561,1
Q4533514,1
Q20182662,1
Q92049,1
Q212431,1
Q24035546,1
Q19979343,1
Q20650896,1
Q15781244,1
Q18349525,1
Q26271186,1
Q1539661,1
Q5360970,1
Q30301734,1
Q555853,1
Q908194,1
Q12872,1
Q16869178,1
Q5580462,1
Q558941,1
Q819887,1
Q5215299,1
Q29295873,1
Q476274,1
Q370785,1
Q189177,1
Q7696995,1
Q20820103,1
Q1409029,1
Q20665848,1
Q966559,1
Q14419427,1
Q17175920,1
Q5904,1
Q1197114,1
Q1357,1
Q2575688,1
Q1427010,1
Q29971375,1
Q659925,1
Q689155,1
Q2533833,1
Q500007,1
Q931389,1
Q1258583,1
Q8503406,1
Q1139076,1
Q20892714,1
Q11618417,1
Q878794,1
Q20901732,1
Q1363275,1
Q465473,1
Q10428371,1
Q190353,1
Q21200006,1
Q3416049,1
Q4689029,1
Q1436228,1
Q10655253,1
Q6666604,1
Q367125,1
Q873636,1
Q7618012,1
Q386275,1
Q1854340,1
Q7268438,1
Q3217284,1
Q1207453,1
Q21000560,1
Q2835959,1
Q1136456,1
Q2339161,1
Q21075974,1
Q4610,1
Q1137183,1
Q2514037,1
Q1631392,1
Q9384384,1
Q1989626,1
Q19337026,1
Q302562,1
Q12016640,1
Q11863343,1
Q12305615,1
Q12408117,1
Q16881449,1
Q2509384,1
Q934841,1
Q21208027,1
Q275450,1
Q21446226,1
Q662175,1
Q3966623,1
Q35076,1
Q3044430,1
Q1311395,1
Q21368707,1
Q21336943,1
Q157214,1
Q134931,1
Q21078416,1
Q311257,1
Q16992861,1
Q16965488,1
Q380136,1
Q1058577,1
Q1060653,1
Q5422175,1
Q21418860,1
Q21408242,1
Q218221,1
Q1533239,1
Q146573,1
Q751037,1
Q19137,1
Q156025,1
Q3143978,1
Q3826253,1
Q37002670,1
Q874531,1
Q263917,1
Q3768550,1
Q4774314,1
Q356008,1
Q21600501,1
Q4208097,1
Q11392127,1
Q3418211,1
Q161426,1
Q4688393,1
Q10432784,1
Q1746025,1
Q1674651,1
Q583865,1
Q21852420,1
Q9178218,1
Q2993762,1
Q15777392,1
Q17561213,1
Q166196,1
Q174945,1
Q2989503,1
Q10589,1
Q1758233,1
Q2371595,1
Q426095,1
Q416550,1
Q5691910,1
Q22137108,1
Q2995749,1
Q914668,1
Q5354716,1
Q20721337,1
Q21008971,1
Q7240733,1
Q22328407,1
Q22328526,1
Q3579047,1
Q621114,1
Q3586695,1
Q16094253,1
Q15229117,1
Q16680630,1
Q653197,1
Q21050962,1
Q2499279,1
Q414894,1
Q2011184,1
Q22680886,1
Q1685996,1
Q22696143,1
Q5370199,1
Q22247909,1
Q3407440,1
Q28445637,1
Q7261163,1
Q339719,1
Q28083771,1
Q2400350,1
Q12221213,1
Q12178711,1
Q729998,1
Q22952823,1
Q22569276,1
Q22075801,1
Q3577495,1
Q18003170,1
Q526384,1
Q1961125,1
Q1075388,1
Q23008307,1
Q189566,1
Q3776487,1
Q1083709,1
Q333936,1
Q3612567,1
Q130515,1
Q2396216,1
Q219142,1
Q959049,1
Q3065657,1
Q1023516,1
Q21291149,1
Q310879,1
Q2556446,1
Q23307817,1
Q1057944,1
Q157512,1
Q18606097,1
Q16872397,1
Q3653936,1
Q42008,1
Q2204264,1
Q5408063,1
Q707482,1
Q5548658,1
Q23759482,1
Q4829849,1
Q1139327,1
Q1315347,1
Q5571099,1
Q23761716,1
Q23761063,1
Q5274970,1
Q23806062,1
Q1321618,1
Q1040552,1
Q7432455,1
Q240305,1
Q10861387,1
Q23889478,1
Q23925812,1
Q4569381,1
Q1787825,1
Q3092395,1
Q2632700,1
Q1062491,1
Q773987,1
Q10302978,1
Q1366544,1
Q12330017,1
Q1182010,1
Q8035990,1
Q24027526,1
Q15963277,1
Q2922685,1
Q2954780,1
Q24050070,1
Q24206615,1
Q2629131,1
Q7828163,1
Q19969488,1
Q4883474,1
Q7902840,1
Q16969546,1
Q198055,1
Q819274,1
Q20743939,1
Q18224993,1
Q22809145,1
Q5010457,1
Q213713,1
Q326470,1
Q12515489,1
Q2170732,1
Q24541610,1
Q12124774,1
Q24574680,1
Q11694117,1
Q281124,1
Q24614056,1
Q24628140,1
Q24628162,1
Q14914008,1
Q24730502,1
Q347910,1
Q3006228,1
Q11499429,1
Q658274,1
Q32635006,1
Q24259030,1
Q2471335,1
Q789889,1
Q780059,1
Q17075804,1
Q11405,1
Q28967240,1
Q5419294,1
Q2529239,1
Q33283984,1
Q29017361,1
Q513984,1
Q30015942,1
Q5341276,1
Q16262972,1
Q21229886,1
Q21225176,1
Q616438,1
Q335201,1
Q1945759,1
Q22341926,1
Q1374716,1
Q14943910,1
Q2069469,1
Q2403661,1
Q171799,1
Q1151538,1
Q23069361,1
Q25395886,1
Q21360117,1
Q4366498,1
Q25378074,1
Q1422489,1
Q1474418,1
Q737439,1
Q1049208,1
Q3238275,1
Q5669966,1
Q23526,1
Q16114456,1
Q467400,1
Q20760511,1
Q17253145,1
Q2860936,1
Q12408,1
Q25935477,1
Q861004,1
Q2566803,1
Q15141535,1
Q828170,1
Q952443,1
Q26208895,1
Q213984,1
Q6138980,1
Q157991,1
Q3809680,1
Q2554905,1
Q2421276,1
Q2045021,1
Q26262178,1
Q26262181,1
Q13681,1
Q2665579,1
Q26267321,1
Q3148886,1
Q2241036,1
Q1309117,1
Q851758,1
Q1308217,1
Q5010548,1
Q21040609,1
Q62270,1
Q1225292,1
Q240191,1
Q2552974,1
Q5065100,1
Q967960,1
Q2832306,1
Q25616527,1
Q2084233,1
Q603492,1
Q26722387,1
Q1408259,1
Q2114269,1
Q209669,1
Q1699400,1
Q146186,1
Q1166864,1
Q593894,1
Q470025,1
Q161166,1
Q1479983,1
Q26858538,1
Q26810467,1
Q1495969,1
Q10677830,1
Q1754625,1
Q1399136,1
Q2281232,1
Q695318,1
Q149882,1
Q811907,1
Q20798349,1
Q21040127,1
Q1076157,1
Q2547819,1
Q134928,1
Q1181933,1
Q1538669,1
Q4692,1
Q855988,1
Q26961035,1
Q14972848,1
Q42603,1
Q2363543,1
Q26972874,1
Q26973044,1
Q129594,1
Q26985338,1
Q5511145,1
Q10513452,1
Q773335,1
Q747382,1
Q2932238,1
Q27042378,1
Q27042380,1
Q27042507,1
Q27042790,1
Q27042797,1
Q629138,1
Q27043325,1
Q27043330,1
Q27043610,1
Q27043926,1
Q27043934,1
Q27043944,1
Q27043957,1
Q193666,1
Q27048288,1
Q27048383,1
Q27048411,1
Q27048423,1
Q27048425,1
Q34500764,1
Q16538054,1
Q2955216,1
Q27055623,1
Q27055696,1
Q27055719,1
Q27056308,1
Q27056311,1
Q27056388,1
Q27056389,1
Q27056457,1
Q27056634,1
Q25432442,1
Q7911716,1
Q1419626,1
Q2116408,1
Q27122081,1
Q4187019,1
Q32907316,1
Q27133456,1
Q27133620,1
Q27133962,1
Q27133964,1
Q27134051,1
Q26841226,1
Q835852,1
Q3596761,1
Q2955088,1
Q2955093,1
Q27230610,1
Q27235637,1
Q27236680,1
Q27236695,1
Q27236728,1
Q27237161,1
Q27031027,1
Q26840859,1
Q7635378,1
Q185733,1
Q1278383,1
Q27491055,1
Q1763083,1
Q6034610,1
Q27313304,1
Q992837,1
Q18536981,1
Q1440688,1
Q27031026,1
Q348914,1
Q4801149,1
Q1259323,1
Q27653145,1
Q27031030,1
Q16538271,1
Q185957,1
Q11723798,1
Q379813,1
Q386077,1
Q1729655,1
Q1345140,1
Q2146446,1
Q27158141,1
Q27794861,1
Q5013810,1
Q1499871,1
Q28858802,1
Q1434884,1
Q27668415,1
Q799211,1
Q3228731,1
Q2730351,1
Q5788925,1
Q1454319,1
Q27942568,1
Q13142456,1
Q1076329,1
Q1234523,1
Q1673122,1
Q396060,1
Q4072772,1
Q392110,1
Q186612,1
Q3586558,1
Q19131638,1
Q1762513,1
Q4259952,1
Q20204906,1
Q27988538,1
Q2295256,1
Q83357,1
Q27996463,1
Q16637316,1
Q828545,1
Q189656,1
Q2144405,1
Q56065,1
Q28016830,1
Q28021387,1
Q9286,1
Q18130274,1
Q10536056,1
Q11705181,1
Q12800682,1
Q12310971,1
Q4404911,1
Q2607557,1
Q12018421,1
Q3726199,1
Q7631073,1
Q18433455,1
Q28109950,1
Q7805429,1
Q23047472,1
Q2995432,1
Q154878,1
Q16585739,1
Q2242926,1
Q28174251,1
Q28428479,1
Q494756,1
Q30249960,1
Q783243,1
Q31081041,1
Q1637531,1
Q907311,1
Q7370541,1
Q28605450,1
Q28100410,1
Q2620655,1
Q819955,1
Q2297128,1
Q3126700,1
Q409814,1
Q224155,1
Q887620,1
Q2950655,1
Q988084,1
Q217086,1
Q5781563,1
Q5333342,1
Q2250229,1
Q1638962,1
Q80930,1
Q1952196,1
Q28608222,1
Q728388,1
Q28454354,1
Q10429667,1
Q3184737,1
Q3056541,1
Q1414362,1
Q190593,1
Q579021,1
Q20014246,1
Q916620,1
Q28739289,1
Q890057,1
Q11713167,1
Q1155596,1
Q327651,1
Q133686,1
Q1727518,1
Q15461768,1
Q28843112,1
Q1477744,1
Q28870211,1
Q829925,1
Q28871219,1
Q28872397,1
Q427512,1
Q3931974,1
Q3927688,1
Q4465663,1
Q8018506,1
Q28934734,1
Q473201,1
Q28946883,1
Q42973,1
Q760392,1
Q6247,1
Q1854186,1
Q14318316,1
Q7990030,1
Q2590801,1
Q29048893,1
Q15809231,1
Q29050118,1
Q29051258,1
Q29100039,1
Q16960754,1
Q1332724,1
Q17506028,1
Q29053929,1
Q11081538,1
Q6587065,1
Q568407,1
Q35045721,1
Q749311,1
Q3570522,1
Q29168234,1
Q1453915,1
Q16323594,1
Q6857862,1
Q2677478,1
Q877955,1
Q1169199,1
Q2947723,1
Q104363,1
Q455941,1
Q3574417,1
Q677921,1
Q3309134,1
Q2119869,1
Q7236012,1
Q29401348,1
Q29401858,1
Q1400734,1
Q7430243,1
Q753204,1
Q7604514,1
Q4792469,1
Q105397,1
Q910768,1
Q1678302,1
Q221769,1
Q1633881,1
Q24911704,1
Q3736439,1
Q104493,1
Q27230968,1
Q5868822,1
Q29462804,1
Q186266,1
Q101373,1
Q193721,1
Q11863088,1
Q3179385,1
Q21086227,1
Q4006324,1
Q422857,1
Q423014,1
Q11863090,1
Q20653385,1
Q971299,1
Q147807,1
Q410369,1
Q768519,1
Q430062,1
Q412994,1
Q247914,1
Q16659419,1
Q17591330,1
Q422117,1
Q15630488,1
Q20059824,1
Q1058717,1
Q134985,1
Q1065441,1
Q16793613,1
Q19766000,1
Q16744668,1
Q753847,1
Q105439,1
Q728944,1
Q12058044,1
Q1767279,1
Q3055260,1
Q23426054,1
Q17052147,1
Q29885770,1
Q1629518,1
Q29943235,1
Q3027857,1
Q29959475,1
Q868354,1
Q2044607,1
Q14599717,1
Q5069704,1
Q3687557,1
Q29576,1
Q1781403,1
Q30301514,1
Q12055726,1
Q5276074,1
Q816745,1
Q30109631,1
Q1787000,1
Q23954892,1
Q1854755,1
Q1190278,1
Q1424692,1
Q2347221,1
Q121308,1
Q30143176,1
Q2021478,1
Q11920628,1
Q1714133,1
Q30158606,1
Q5390229,1
Q30158701,1
Q14523337,1
Q131695,1
Q4940490,1
Q30227593,1
Q7006371,1
Q20818846,1
Q49393,1
Q1945033,1
Q915110,1
Q1386438,1
Q30301599,1
Q526071,1
Q30332311,1
Q30332486,1
Q30332699,1
Q30332737,1
Q30332988,1
Q30333102,1
Q273383,1
Q996524,1
Q1444512,1
Q30349222,1
Q30349395,1
Q30349499,1
Q30349507,1
Q30511620,1
Q213240,1
Q162822,1
Q22329407,1
Q30557308,1
Q979531,1
Q1125808,1
Q741745,1
Q740002,1
Q30646819,1
Q679614,1
Q11889241,1
Q1319414,1
Q11942657,1
Q31093255,1
Q16384705,1
Q31240343,1
Q31271381,1
Q31271644,1
Q31300263,1
Q626035,1
Q31506358,1
Q17781833,1
Q2348735,1
Q1297869,1
Q8564242,1
Q11215470,1
Q384102,1
Q17852731,1
Q32611136,1
Q171486,1
Q25497,1
Q7894495,1
Q2819136,1
Q12323631,1
Q24439113,1
Q32953576,1
Q28867158,1
Q158852,1
Q31499762,1
Q33083546,1
Q30647237,1
Q2492981,1
Q2058687,1
Q33112727,1
Q33113349,1
Q1139766,1
Q2894096,1
Q189218,1
Q281524,1
Q33579151,1
Q244351,1
Q31659571,1
Q7631670,1
Q656950,1
Q22282936,1
Q3807542,1
Q656242,1
Q4783431,1
Q62246,1
Q4488757,1
Q7437588,1
Q36381219,1
Q26721363,1
Q7860915,1
Q897825,1
Q4688286,1
Q30108677,1
Q30108676,1
Q37525235,1
Q10884441,1
Q6581072,1
Q188759,1
Q5255892,1
Q41274,1
Q145150,1
Q6814224,1
Q6316828,1
Q63116,1
Q1130510,1
Q13427890,1
Q28922866,1
Q1344897,1
Q28933706,1
Q10458671,1
Q5089407,1
Q2915311,1
Q4460810,1
Q4493384,1
Q2138558,1
Q2835,1
Q1900752,1
Q15063057,1
Q3254723,1
Q17303255,1
Q900337,1
Q18491097,1
Q16001535,1
Q29045219,1
Q5753107,1
Q29154430,1
Q5310255,1
Q1148064,1
Q5419773,1
Q1077309,1
Q11127777,1
Q33146,1
Q945733,1
Q995268,1
Q1388725,1
Q15733622,1
Q2974411,1
Q17525321,1
Q27555265,1
Q765270,1
Q16181672,1
Q3123011,1
Q1412049,1
Q15849531,1
Q4994447,1
Q638022,1
Q2324703,1
Q15223654,1
Q839470,1
Q17128939,1
Q20513587,1
Q40526,1
Q16787794,1
Q2940408,1
Q29613500,1
Q18578988,1
Q1326354,1
Q165862,1
Q157484,1
Q4153439,1
Q49466,1
Q13589421,1
Q3874316,1
Q1750900,1
Q14941037,1
Q327132,1
Q22813672,1
Q15190726,1
Q41675,1
Q898359,1
Q1083915,1
Q16703606,1
Q1347572,1
Q419584,1
Q1067402,1
Q964630,1
Q413374,1
Q3065784,1
Q20986771,1
Q1427694,1
Q213901,1
Q8437543,1
Q228206,1
Q276582,1
Q814124,1
Q15728825,1
Q2695008,1
Q627933,1
Q2176477,1
Q2920615,1
Q7649559,1
Q3112544,1
Q1262732,1
Q12051052,1
Q20532,1
Q1727131,1
Q16725889,1
Q18968035,1
Q23956024,1
Q753056,1
Q29386689,1
Q28638,1
Q34990,1
Q17012800,1
Q1265353,1
Q651361,1
Q2438715,1
Q5156764,1
Q620737,1
Q2721184,1
Q621476,1
Q1235171,1
Q674546,1
Q2375497,1
Q27022,1
Q383973,1
Q2041293,1
Q3181749,1
Q2835957,1
Q1999917,1
Q1231309,1
Q744960,1
Q2986441,1
Q1408812,1
Q5249081,1
Q1259424,1
Q191978,1
Q2263645,1
Q20767372,1
Q269829,1
Q28777989,1
Q940607,1
Q20983788,1
Q7798072,1
Q4516355,1
Q890478,1
Q939954,1
Q7917838,1
Q751046,1
Q1481202,1
Q2508201,1
Q1540283,1
Q12597599,1
Q1921708,1
Q945763,1
Q427085,1
Q12818349,1
Q3326554,1
Q220827,1
Q29968027,1
Q444835,1
Q15043636,1
Q327055,1
Q7323073,1
Q23077442,1
Q1741781,1
Q15669672,1
Q2719358,1
Q775351,1
Q378379,1
Q9268,1
Q18351604,1
Q3275242,1
Q1479328,1
Q3696944,1
Q3456816,1
Q20085892,1
Q587327,1
Q41534,1
Q1229735,1
Q2715405,1
Q271716,1
Q10650367,1
Q182672,1
Q1139554,1
Q715044,1
Q13642845,1
Q16920157,1
Q998426,1
Q3657490,1
Q166140,1
Q4467269,1
Q17124184,1
Q954625,1
Q2578201,1
Q2995529,1
Q26718,1
Q5423634,1
Q252821,1
Q21597574,1
Q12117,1
Q303764,1
Q2290274,1
Q260899,1
Q1954845,1
Q25352,1
Q475023,1
Q367680,1
Q158382,1
Q16952285,1
Q25303924,1
Q15975283,1
Q291642,1
Q1478408,1
Q295404,1
Q20807927,1
Q306103,1
Q5152113,1
Q1983069,1
Q16741956,1
Q3356065,1
Q176440,1
Q4968436,1
Q25810859,1
Q917657,1
Q1425858,1
Q1345933,1
Q12326545,1
Q280164,1
Q211036,1
Q2573513,1
Q1932461,1
Q911922,1
Q1564871,1
Q202325,1
Q1114838,1
Q302987,1
Q1572106,1
Q17859673,1
Q17386807,1
Q1549808,1
Q2071951,1
Q378097,1
Q14215551,1
Q273131,1
Q2955392,1
Q381354,1
Q1172399,1
Q1536372,1
Q271449,1
Q174335,1
Q2570220,1
Q3578219,1
Q10177,1
Q273458,1
Q2717702,1
Q25997675,1
Q7432341,1
Q27444428,1
Q4634151,1
Q414433,1
Q26220987,1
Q27120733,1
Q2805600,1
Q420786,1
Q190016,1
Q407520,1
Q412356,1
Q425065,1
Q3268331,1
Q4362942,1
Q474883,1
Q81406,1
Q62536,1
Q15727526,1
Q20819285,1
Q699353,1
Q192093,1
Q627627,1
Q91914,1
Q1075912,1
Q453097,1
Q1006421,1
Q878041,1
Q11023058,1
Q858700,1
Q6518201,1
Q619616,1
Q1130239,1
Q803749,1
Q4389307,1
Q28811019,1
Q21509757,1
Q26203767,1
Q1616353,1
Q246,1
Q619942,1
Q3754526,1
Q6082747,1
Q3032107,1
Q2508813,1
Q327400,1
Q181296,1
Q258534,1
Q1585560,1
Q16547098,1
Q5691099,1
Q896525,1
Q627189,1
Q1351672,1
Q14551995,1
Q245462,1
Q21573967,1
Q1378622,1
Q1498213,1
Q290036,1
Q611420,1
Q1322810,1
Q857144,1
Q2138424,1
Q457471,1
Q2394188,1
Q4436777,1
Q23701771,1
Q456555,1
Q2338574,1
Q1746803,1
Q16034119,1
Q4348996,1
Q18642275,1
Q187204,1
Q2977174,1
Q184528,1
Q656365,1
Q22811662,1
Q245595,1
Q1415372,1
Q10668296,1
Q2500734,1
Q11732289,1
Q14524818,1
Q574050,1
Q10499968,1
Q20642099,1
Q3601563,1
Q11672592,1
Q855919,1
Q160146,1
Q184402,1
Q2597952,1
Q2328181,1
Q39453,1
Q3399365,1
Q2604342,1
Q22808066,1
Q20180817,1
Q34548345,1
Q188816,1
Q2961567,1
Q3088691,1
Q3290922,1
Q819049,1
Q1548761,1
Q10864031,1
Q184377,1
Q1679711,1
Q3240332,1
Q7318456,1
Q2586014,1
Q20820240,1
Q2338879,1
Q588748,1
Q916412,1
Q465214,1
Q21044658,1
Q1137176,1
Q1742093,1
Q238231,1
Q933348,1
Q627302,1
Q1166618,1
Q628779,1
Q3931297,1
Q1762301,1
Q58748,1
Q5227234,1
Q404935,1
Q3346024,1
Q281095,1
Q955260,1
Q2234999,1
Q10860855,1
Q14554976,1
Q7210312,1
Q861170,1
Q198725,1
Q7640073,1
Q5507172,1
Q1798550,1
Q5154320,1
Q6188101,1
Q5215429,1
Q2306047,1
Q23807836,1
Q16996904,1
Q193139,1
Q774482,1
Q3503302,1
Q1327526,1
Q1548033,1
Q1006610,1
Q2930613,1
Q1184247,1
Q489168,1
Q1133195,1
Q724600,1
Q2327575,1
Q15407662,1
Q373712,1
Q753035,1
Q829000,1
Q23044657,1
Q1391465,1
Q1210082,1
Q837084,1
Q920601,1
Q29536,1
Q13428326,1
Q633454,1
Q265392,1
Q3276281,1
Q26273842,1
Q16775102,1
Q860740,1
Q622821,1
Q1052390,1
Q606876,1
Q43260,1
Q19798877,1
Q2281257,1
Q395801,1
Q18356391,1
Q3203538,1
Q1509725,1
Q2979836,1
Q37499745,1
Q5288799,1
Q3574069,1
Q2540378,1
Q27431342,1
Q21169256,1
Q1137554,1
Q626707,1
Q9397181,1
Q2586266,1
Q1053399,1
Q832025,1
Q3053337,1
Q11994816,1
Q2005652,1
Q12664963,1
Q510542,1
Q3055232,1
Q11726988,1
Q529938,1
Q2923474,1
Q4122235,1
Q3044964,1
Q904756,1
Q2143054,1
Q3497669,1
Q4826456,1
Q266955,1
Q131406,1
Q828191,1
Q15812693,1
Q140699,1
Q209741,1
Q578290,1
Q180853,1
Q355145,1
Q2615240,1
Q1609437,1
Q23788,1
Q1967218,1
Q1878344,1
Q641442,1
Q3429919,1
Q3978215,1
Q24853940,1
Q18115751,1
Q6812013,1
Q1154385,1
Q1968322,1
Q1502312,1
Q805531,1
Q37501518,1
Q2171942,1
Q1814169,1
Q17272400,1
Q1788785,1
Q1665535,1
Q1221121,1
Q1423188,1
Q2138608,1
Q1009371,1
Q2928341,1
Q374774,1
Q1838229,1
Q2251692,1
Q19799740,1
Q235879,1
Q17422,1
Q971929,1
Q21537025,1
Q3331341,1
Q227704,1
Q35170,1
Q3412091,1
Q6024509,1
Q849009,1
Q19842373,1
Q4202184,1
Q2918952,1
Q190375,1
Q11570991,1
Q185876,1
Q18846,1
Q29197,1
Q18648707,1
Q6047650,1
Q418418,1
Q1068422,1
Q1069840,1
Q304366,1
Q673281,1
Q1506785,1
Q15812387,1
Q1335007,1
Q678418,1
Q502057,1
Q533709,1
Q4398673,1
Q1158353,1
Q2533936,1
Q2639207,1
Q13261,1
Q2500807,1
Q11837290,1
Q15008073,1
Q16239032,1
Q3682165,1
Q44106,1
Q15221256,1
Q19796287,1
Q37172,1
Q17297775,1
Q46783,1
Q7205962,1
Q1321686,1
Q17192123,1
Q690110,1
Q1142340,1
Q1342425,1
Q1144648,1
Q13391244,1
Q26711856,1
Q146978,1
Q18011202,1
Q889561,1
Q530002,1
Q2070715,1
Q41494,1
Q214932,1
Q1015325,1
Q340587,1
Q7186500,1
Q15738686,1
Q1780543,1
Q686831,1
Q5330379,1
Q884750,1
Q16865732,1
Q4492,1
Q18556314,1
Q15106505,1
Q179671,1
Q11668204,1
Q182076,1
Q184260,1
Q13257647,1
Q1020768,1
Q11146759,1
Q1258093,1
Q987075,1
Q902144,1
Q1209520,1
Q1880695,1
Q9715,1
Q184558,1
Q3620673,1
Q866178,1
Q12200,1
Q2292993,1
Q206824,1
Q2112401,1
Q329978,1
Q421060,1
Q227477,1
Q1518873,1
Q15630827,1
Q392651,1
Q18937,1
Q16511152,1
Q1875628,1
Q15975929,1
Q2354797,1
Q11820947,1
Q1142282,1
Q7502102,1
Q15815596,1
Q7696092,1
Q897012,1
Q830128,1
Q26861438,1
Q203847,1
Q1545800,1
Q747008,1
Q6418247,1
Q1731837,1
Q1074328,1
Q1074090,1
Q234020,1
Q3519022,1
Q46944,1
Q189414,1
Q581809,1
Q489371,1
Q271913,1
Q37501,1
Q294403,1
Q3090234,1
Q509021,1
Q18918137,1
Q1339824,1
Q875600,1
Q896832,1
Q837215,1
Q1783504,1
Q7338001,1
Q15852173,1
Q327591,1
Q14300548,1
Q619851,1
Q19311633,1
Q1939104,1
Q1513250,1
Q661518,1
Q2585871,1
Q745852,1
Q19573932,1
Q1632297,1
Q16938974,1
Q188612,1
Q1862983,1
Q2661677,1
Q4390239,1
Q28966106,1
Q18206601,1
Q45190,1
Q3280976,1
Q12355440,1
Q421987,1
Q6533725,1
Q169793,1
Q17301324,1
Q5943060,1
Q18071186,1
Q2535318,1
Q846742,1
Q7189598,1
Q22337463,1
Q2296694,1
Q1758228,1
Q1417730,1
Q361073,1
Q2305910,1
Q538661,1
Q191968,1
Q5376203,1
Q20826063,1
Q756069,1
Q219251,1
Q3405599,1
Q3985193,1
Q6222147,1
Q1758383,1
Q546687,1
Q3917621,1
Q15088658,1
Q5519970,1
Q15642566,1
Q623170,1
Q18697119,1
Q322077,1
Q483269,1
Q5136459,1
Q1593604,1
Q6484609,1
Q1755242,1
Q1362124,1
Q121572,1
Q1356770,1
Q28955126,1
Q1320115,1
Q849237,1
Q10682315,1
Q1154996,1
Q2166448,1
Q1136963,1
Q172957,1
Q2009662,1
Q6501221,1
Q22171339,1
Q17190136,1
Q558133,1
Q6644703,1
Q1719931,1
Q609276,1
Q2542653,1
Q7001060,1
Q4915239,1
Q2867431,1
Q913990,1
Q186374,1
Q20073597,1
Q5412496,1
Q1366002,1
Q957314,1
Q18018837,1
Q13743995,1
Q1454131,1
Q1560906,1
Q265612,1
Q1720940,1
Q957434,1
Q2140144,1
Q263555,1
Q1156881,1
Q15479103,1
Q694094,1
Q182555,1
Q192568,1
Q1062169,1
Q5436447,1
Q1640151,1
Q19803504,1
Q10379632,1
Q1500849,1
Q10677154,1
Q10594812,1
Q17573152,1
Q901628,1
Q2491687,1
Q1384060,1
Q1074808,1
Q1306022,1
Q20853566,1
Q14511973,1
Q623398,1
Q1553001,1
Q3041780,1
Q10512405,1
Q13878580,1
Q30249188,1
Q3549994,1
Q1457762,1
Q180160,1
Q2981904,1
Q7829748,1
Q836867,1
Q2668665,1
Q3513439,1
Q15809732,1
Q2978883,1
Q742139,1
Q852590,1
Q1335161,1
Q596496,1
Q483978,1
Q26268927,1
Q28935994,1
Q8046440,1
Q275051,1
Q6898279,1
Q465274,1
Q12949943,1
Q7100864,1
Q4370097,1
Q584082,1
Q192630,1
Q730016,1
Q4162385,1
Q29606995,1
Q5495352,1
Q1283181,1
Q265558,1
Q2484428,1
Q1410327,1
Q1743020,1
Q384724,1
Q3988,1
Q1074121,1
Q18012513,1
Q2989487,1
Q4785,1
Q178380,1
Q17126759,1
Q2241237,1
Q37821,1
Q170084,1
Q1264852,1
Q2845851,1
Q1563695,1
Q193823,1
Q17041707,1
Q597952,1
Q1071396,1
Q1738391,1
Q856592,1
Q994145,1
Q16295246,1
Q26911,1
Q2862119,1
Q2166744,1
Q2524758,1
Q1211721,1
Q193850,1
Q617332,1
Q7210362,1
Q10551175,1
Q992968,1
Q11503624,1
Q701548,1
Q1820356,1
Q20080754,1
Q18155974,1
Q2197739,1
Q842346,1
Q558339,1
Q6934974,1
Q2140388,1
Q1163179,1
Q3374672,1
Q2985515,1
Q7307,1
Q4129855,1
Q2250139,1
Q3922050,1
Q28654502,1
Q2035651,1
Q387917,1
Q171448,1
Q1616675,1
Q21440143,1
Q15548100,1
Q43290,1
Q1786016,1
Q21439365,1
Q4515638,1
Q1827103,1
Q1322402,1
Q5123780,1
Q4350734,1
Q1625214,1
Q2067689,1
Q247700,1
Q403255,1
Q139425,1
Q1126262,1
Q14522504,1
Q24930788,1
Q1358126,1
Q654710,1
Q1975692,1
Q1574715,1
Q373609,1
Q5883857,1
Q21044673,1
Q3529455,1
Q1307792,1
Q943010,1
Q4508598,1
Q22087508,1
Q6695859,1
Q19507642,1
Q1184466,1
Q1674143,1
Q3734365,1
Q1186710,1
Q11289149,1
Q29369140,1
Q3429163,1
Q2561694,1
Q435972,1
Q2677586,1
Q1129448,1
Q2624718,1
Q16547173,1
Q39162,1
Q663145,1
Q2593264,1
Q876542,1
Q752182,1
Q223750,1
Q1896571,1
Q1574982,1
Q3786405,1
Q1553237,1
Q270286,1
Q1434106,1
Q376522,1
Q1970286,1
Q19847194,1
Q1502803,1
Q185631,1
Q3395432,1
Q2024390,1
Q19921076,1
Q477538,1
Q905757,1
Q3772804,1
Q16296141,1
Q10448870,1
Q184373,1
Q4655519,1
Q185816,1
Q841559,1
Q15648901,1
Q274083,1
Q10566551,1
Q15124452,1
Q7379880,1
Q1132049,1
Q617593,1
Q146322,1
Q3595586,1
Q14532664,1
Q1516282,1
Q3325736,1
Q665565,1
Q643638,1
Q3405827,1
Q960522,1
Q17004810,1
Q2124881,1
Q16003550,1
Q2247868,1
Q1199125,1
Q407727,1
Q964851,1
Q16147814,1
Q83147,1
Q28404,1
Q978302,1
Q2872754,1
Q111029,1
Q765822,1
Q373406,1
Q2226062,1
Q2439355,1
Q6936366,1
Q167447,1
Q9016264,1
Q1594,1
Q7677967,1
Q676108,1
Q24088109,1
Q137805,1
Q2018769,1
Q953919,1
Q958035,1
Q2945729,1
Q2950715,1
Q864298,1
Q7374547,1
Q19915239,1
Q26261145,1
Q13401580,1
Q8348747,1
Q3480110,1
Q3356153,1
Q3591520,1
Q2994540,1
Q20642780,1
Q7689419,1
Q3001094,1
Q664088,1
Q166005,1
Q422933,1
Q2746700,1
Q496537,1
Q16630141,1
Q7257732,1
Q1779692,1
Q4686372,1
Q604748,1
Q582093,1
Q510122,1
Q2766008,1
Q244156,1
Q464769,1
Q4072220,1
Q623366,1
Q2024265,1
Q3726356,1
Q1931010,1
Q259642,1
Q1434290,1
Q1891817,1
Q467252,1
Q127993,1
Q44405,1
Q942037,1
Q3421910,1
Q37402,1
Q597695,1
Q14507711,1
Q7645882,1
Q934433,1
Q27896081,1
Q3800397,1
Q581098,1
Q1601114,1
Q5381254,1
Q2373485,1
Q3136991,1
Q14324969,1
Q27976689,1
Q3975953,1
Q2921357,1
Q642659,1
Q11187147,1
Q1956184,1
Q1069928,1
Q208869,1
Q3280353,1
Q5177956,1
Q2140711,1
Q620663,1
Q3029064,1
Q1775431,1
Q7537,1
Q3315477,1
Q74304,1
Q22235641,1
Q8650263,1
Q815554,1
Q7309233,1
Q637816,1
Q42302,1
Q13528369,1
Q2891405,1
Q1109404,1
Q7302598,1
Q2625521,1
Q190940,1
Q3391101,1
Q1907895,1
Q30748095,1
Q33565,1
Q187300,1
Q1060330,1
Q807818,1
Q3410766,1
Q3414487,1
Q2429728,1
Q3931361,1
Q2329041,1
Q6335929,1
Q5178969,1
Q21055923,1
Q25041611,1
Q2992545,1
Q3309962,1
Q21855859,1
Q7333746,1
Q201350,1
Q2751242,1
Q934849,1
Q3257921,1
Q1471749,1
Q868200,1
Q13462494,1
Q5203615,1
Q1760326,1
Q1404229,1
Q2945386,1
Q740881,1
Q3516802,1
Q21978035,1
Q1092875,1
Q3186688,1
Q4017080,1
Q3455670,1
Q191768,1
Q3008165,1
Q190172,1
Q4955822,1
Q676379,1
Q20650192,1
Q15783967,1
Q7230197,1
Q3054803,1
Q18710816,1
Q3591550,1
Q16669800,1
Q7884742,1
Q199356,1
Q10331450,1
Q3697119,1
Q3748739,1
Q2999579,1
Q6815560,1
Q5410500,1
Q3632289,1
Q5517847,1
Q27163155,1
Q491853,1
Q2345364,1
Q1175507,1
Q468804,1
Q7341605,1
Q3683812,1
Q1154909,1
Q2694093,1
Q1128340,1
Q11598264,1
Q583313,1
Q218639,1
Q7158926,1
Q5182137,1
Q30225899,1
Q30855430,1
Q2535379,1
Q3735966,1
Q492420,1
Q3941759,1
Q224749,1
Q941796,1
Q1277797,1
Q1393477,1
Q7864585,1
Q212413,1
Q16279568,1
Q8392478,1
Q3822604,1
Q3820766,1
Q3267589,1
Q1519864,1
Q214961,1
Q219730,1
Q1654545,1
Q1249435,1
Q16738549,1
Q16883749,1
Q1301303,1
Q20743534,1
Q3959117,1
Q3063847,1
Q146602,1
Q24699540,1
Q13423084,1
Q3935713,1
Q1999108,1
Q559476,1
Q20630238,1
Q3601630,1
Q1130378,1
Q609269,1
Q4064513,1
Q9325291,1
Q4380196,1
Q4380744,1
Q4041515,1
Q842008,1
Q12131667,1
Q19128096,1
Q4183828,1
Q14646001,1
Q1937453,1
Q2480597,1
Q934552,1
Q21501360,1
Q4775204,1
Q22724,1
Q7241494,1
Q2672163,1
Q2138304,1
Q609408,1
Q2313592,1
Q32966,1
Q4516014,1
Q4291415,1
Q1898510,1
Q16071050,1
Q12152998,1
Q2466103,1
Q2337718,1
Q523796,1
Q1664917,1
Q4417886,1
Q1550182,1
Q5438144,1
Q2369218,1
Q4959796,1
Q4404694,1
Q18679685,1
Q33053502,1
Q4291352,1
Q29022,1
Q4531977,1
Q219242,1
Q3677886,1
Q1131243,1
Q4318090,1
Q161105,1
Q1249686,1
Q192280,1
Q903356,1
Q487226,1
Q4461687,1
Q7584501,1
Q27825520,1
Q1478895,1
Q4530294,1
Q4080162,1
Q1149766,1
Q1958033,1
Q4481675,1
Q751636,1
Q15145597,1
Q17102031,1
Q1928277,1
Q16704562,1
Q503968,1
Q1342286,1
Q29168569,1
Q730249,1
Q9001739,1
Q1194369,1
Q1570373,1
Q3736909,1
Q11656,1
Q1453446,1
Q1277220,1
Q2636776,1
Q4876601,1
Q4806660,1
Q29825322,1
Q1097630,1
Q915341,1
Q16979209,1
Q324563,1
Q1049733,1
Q1160830,1
Q919917,1
Q10594592,1
Q787180,1
Q2610712,1
Q1162425,1
Q2351849,1
Q176318,1
Q81725,1
Q1651237,1
Q7048599,1
Q6664153,1
Q42844,1
Q392892,1
Q1586457,1
Q9022493,1
Q673514,1
Q245359,1
Q1756502,1
Q18185,1
Q1925062,1
Q11229,1
Q2425191,1
Q849680,1
Q2495337,1
Q7892,1
Q19323605,1
Q17073982,1
Q1023529,1
Q4876006,1
Q6595936,1
Q133722,1
Q7292750,1
Q1074821,1
Q17227,1
Q798293,1
Q1308978,1
Q225932,1
Q1760958,1
Q159992,1
Q1862434,1
Q917519,1
Q227936,1
Q302691,1
Q13622547,1
Q2531546,1
Q10713454,1
Q1755609,1
Q119094,1
Q184609,1
Q875937,1
Q1526814,1
Q4856398,1
Q209544,1
Q2300237,1
Q7049573,1
Q912550,1
Q540264,1
Q4787327,1
Q936941,1
Q1054115,1
Q18611609,1
Q627111,1
Q2378309,1
Q1592877,1
Q1063558,1
Q2302678,1
Q508630,1
Q23714139,1
Q2587934,1
Q2563977,1
Q7309239,1
Q1419038,1
Q13232341,1
Q942433,1
Q20656058,1
Q4368876,1
Q1417134,1
Q1393965,1
Q5204199,1
Q16618355,1
Q3532084,1
Q277511,1
Q3559207,1
Q785653,1
Q28843552,1
Q208580,1
Q1570358,1
Q4752944,1
Q853185,1
Q1194058,1
Q7893190,1
Q421700,1
Q1941660,1
Q32859515,1
Q4839577,1
Q16986400,1
Q8041858,1
Q5691664,1
Q849530,1
Q7248094,1
Q681737,1
Q899107,1
Q37739,1
Q5165350,1
Q22017277,1
Q3092752,1
Q7826676,1
Q1133809,1
Q12808513,1
Q917518,1
Q38923,1
Q549638,1
Q19877569,1
Q1475717,1
Q7272432,1
Q178032,1
Q3330008,1
Q5451617,1
Q1642788,1
Q29348155,1
Q1121224,1
Q93978,1
Q7622661,1
Q284865,1
Q7019492,1
Q7695873,1
Q638230,1
Q6517555,1
Q5514953,1
Q20791519,1
Q6932025,1
Q12106,1
Q131395,1
Q5163034,1
Q842399,1
Q449111,1
Q4740548,1
Q209190,1
Q18668233,1
Q385346,1
Q2726038,1
Q875724,1
Q367885,1
Q469382,1
Q29918961,1
Q6061001,1
Q2932595,1
Q24091050,1
Q19799894,1
Q1071160,1
Q785456,1
Q192855,1
Q159273,1
Q3024729,1
Q18607694,1
Q720398,1
Q1545707,1
Q807113,1
Q636232,1
Q156369,1
Q5903049,1
Q5813653,1
Q1852898,1
Q204037,1
Q907492,1
Q1073579,1
Q721441,1
Q192892,1
Q151353,1
Q5690823,1
Q4426578,1
Q687103,1
Q446776,1
Q1941779,1
Q18011146,1
Q9245017,1
Q1572339,1
Q4499034,1
Q1250390,1
Q4752140,1
Q7286403,1
Q8206121,1
Q696819,1
Q2583372,1
Q30077192,1
Q1231081,1
Q13211826,1
Q19311492,1
Q422238,1
Q371452,1
Q5149387,1
Q4204502,1
Q1913604,1
Q169545,1
Q3308639,1
Q4693952,1
Q1476018,1
Q6979629,1
Q7550583,1
Q417815,1
Q2500638,1
Q5426023,1
Q1455718,1
Q544041,1
Q134490,1
Q5185052,1
Q2352459,1
Q4681316,1
Q760102,1
Q3479072,1
Q163021,1
Q23804016,1
Q5189476,1
Q3347861,1
Q5178897,1
Q5564585,1
Q181020,1
Q247218,1
Q12042158,1
Q2082626,1
Q39344,1
Q3887135,1
Q643684,1
Q4079161,1
Q6901292,1
Q48124,1
Q27908,1
Q1197272,1
Q778637,1
Q28916128,1
Q6459097,1
Q6936225,1
Q280590,1
Q11471338,1
Q11434246,1
Q531349,1
Q1341702,1
Q1981896,1
Q19829729,1
Q18647521,1
Q2608202,1
Q1327252,1
Q586911,1
Q7106585,1
Q1165204,1
Q2495986,1
Q887314,1
Q7120469,1
Q7179960,1
Q12667482,1
Q45393,1
Q7659073,1
Q5100853,1
Q7122841,1
Q16954139,1
Q25036082,1
Q7974565,1
Q1662048,1
Q407384,1
Q23003754,1
Q9213330,1
Q1078850,1
Q809910,1
Q485643,1
Q452298,1
Q2468248,1
Q13222088,1
Q649870,1
Q4352360,1
Q986388,1
Q1154848,1
Q10565898,1
Q7309138,1
Q618652,1
Q21283925,1
Q2740397,1
Q1497172,1
Q921870,1
Q836950,1
Q3072490,1
Q661871,1
Q5364249,1
Q20767168,1
Q209892,1
Q6817456,1
Q2456677,1
Q16969697,1
Q621467,1
Q250840,1
Q4853860,1
Q1142315,1
Q728934,1
Q209148,1
Q7420695,1
Q5642704,1
Q29642990,1
Q26845135,1
Q8519884,1
Q2550720,1
Q7824600,1
Q6839471,1
Q18152059,1
Q2271383,1
Q467024,1
Q7562624,1
Q7562620,1
Q5332264,1
Q898446,1
Q7570294,1
Q1478310,1
Q5323405,1
Q16976589,1
Q1572426,1
Q1422407,1
Q2324813,1
Q4282636,1
Q6471530,1
Q452212,1
Q747894,1
Q188989,1
Q2434518,1
Q7210347,1
Q1744621,1
Q30237636,1
Q2721464,1
Q6932141,1
Q1192284,1
Q16919809,1
Q178805,1
Q1067825,1
Q7620434,1
Q1074069,1
Q7885007,1
Q2522563,1
Q23900955,1
Q3216816,1
Q255063,1
Q652386,1
Q2073537,1
Q543462,1
Q586032,1
Q2647651,1
Q2467463,1
Q1623337,1
Q165301,1
Q30249223,1
Q1570656,1
Q5146583,1
Q1532082,1
Q7257968,1
Q7600677,1
Q1751819,1
Q7948677,1
Q7257748,1
Q11689382,1
Q463230,1
Q15947452,1
Q2817174,1
Q4804328,1
Q1760882,1
Q1411858,1
Q20956728,1
Q581839,1
Q253855,1
Q487192,1
Q6034208,1
Q374832,1
Q1402000,1
Q19946525,1
Q1584293,1
Q7200789,1
Q1389993,1
Q5161160,1
Q390624,1
Q3603944,1
Q525443,1
Q9351662,1
Q9213397,1
Q83303,1
Q27913316,1
Q1042490,1
Q9356212,1
Q778827,1
Q719645,1
Q974144,1
Q200184,1
Q388315,1
Q3192420,1
Q4958918,1
Q3487349,1
Q421721,1
Q10432777,1
Q17522632,1
Q10436455,1
Q3046719,1
Q7832958,1
Q1236793,1
Q7273050,1
Q504069,1
Q826949,1
Q10593721,1
Q4993278,1
Q1165944,1
Q10038,1
Q10576877,1
Q10425307,1
Q783953,1
Q1542314,1
Q10548615,1
Q10625734,1
Q10626050,1
Q5493186,1
Q10638260,1
Q11626671,1
Q23069729,1
Q618532,1
Q10607892,1
Q10553306,1
Q1953564,1
Q2180970,1
Q3405306,1
Q1997451,1
Q2372322,1
Q2054251,1
Q11025270,1
Q23044124,1
Q15920959,1
Q9433297,1
Q1062177,1
Q11079898,1
Q7257839,1
Q2609272,1
Q346810,1
Q11088459,1
Q9298432,1
Q2276760,1
Q12053945,1
Q14192100,1
Q27924245,1
Q6057169,1
Q11187440,1
Q5976817,1
Q757375,1
Q1190152,1
Q3249098,1
Q1064975,1
Q17232649,1
Q11398011,1
Q4817823,1
Q498056,1
Q2311445,1
Q191781,1
Q149405,1
Q11446451,1
Q33097655,1
Q899203,1
Q11611231,1
Q2602083,1
Q11570779,1
Q11344950,1
Q6581577,1
Q22131820,1
Q11280104,1
Q10855632,1
Q41958,1
Q8008834,1
Q24886171,1
Q424857,1
Q1246128,1
Q1370417,1
Q2927809,1
Q288407,1
Q7386983,1
Q5308066,1
Q9259073,1
Q6593190,1
Q16335953,1
Q1386472,1
Q2205625,1
Q15157105,1
Q4231584,1
Q28058804,1
Q1599004,1
Q25823,1
Q206338,1
Q1171347,1
Q5908002,1
Q22681279,1
Q23045307,1
Q5396415,1
Q11906833,1
Q11914908,1
Q1822965,1
Q11939487,1
Q1147986,1
Q3425386,1
Q3425353,1
Q1669408,1
Q29688492,1
Q29585394,1
Q11942634,1
Q11955271,1
Q11941858,1
Q17863932,1
Q181847,1
Q10593227,1
Q17779109,1
Q2157266,1
Q649434,1
Q159565,1
Q1482316,1
Q10414167,1
Q283534,1
Q48013,1
Q34184051,1
Q1188382,1
Q193083,1
Q1153558,1
Q181780,1
Q354775,1
Q5404283,1
Q1473265,1
Q913,1
Q3827032,1
Q9028293,1
Q26789607,1
Q205046,1
Q1985622,1
Q26958727,1
Q1484907,1
Q4302641,1
Q10568834,1
Q11994775,1
Q12345576,1
Q206883,1
Q126945,1
Q2308372,1
Q851436,1
Q733786,1
Q12501340,1
Q7828339,1
Q1671143,1
Q9194625,1
Q5150593,1
Q6609573,1
Q16182850,1
Q12606266,1
Q11260769,1
Q402996,1
Q174291,1
Q3951828,1
Q256632,1
Q76560,1
Q22906964,1
Q12910619,1
Q729463,1
Q1450446,1
Q500,1
Q4135597,1
Q12873675,1
Q384414,1
Q271555,1
Q2721449,1
Q3964035,1
Q10883050,1
Q381219,1
Q208028,1
Q11921906,1
Q137746,1
Q4499912,1
Q1864911,1
Q654182,1
Q932495,1
Q13440162,1
Q26958695,1
Q16675435,1
Q3143131,1
Q2663565,1
Q2670081,1
Q2210391,1
Q2063988,1
Q1550791,1
Q1103842,1
Q7013332,1
Q15173808,1
Q3962337,1
Q18583229,1
Q28745,1
Q2533468,1
Q924990,1
Q20754443,1
Q10860417,1
Q13028145,1
Q29358,1
Q6546381,1
Q130438,1
Q2584671,1
Q1847255,1
Q9819120,1
Q768200,1
Q1542294,1
Q1410503,1
Q1811486,1
Q3509919,1
Q7835525,1
Q7164228,1
Q7080212,1
Q6637072,1
Q11701966,1
Q9066168,1
Q1358,1
Q3435775,1
Q1811968,1
Q1753033,1
Q28555351,1
Q1976585,1
Q19382421,1
Q1076596,1
Q12087689,1
Q2883832,1
Q127134,1
Q340806,1
Q1397794,1
Q1910998,1
Q1218662,1
Q4434325,1
Q4838792,1
Q7700500,1
Q15144568,1
Q1404375,1
Q83809,1
Q15710725,1
Q3643320,1
Q2646614,1
Q973658,1
Q781815,1
Q262406,1
Q765192,1
Q1106393,1
Q2720855,1
Q2893109,1
Q530480,1
Q16688760,1
Q1670189,1
Q2578278,1
Q2559469,1
Q3342922,1
Q564428,1
Q587052,1
Q158752,1
Q13137592,1
Q15881550,1
Q71681,1
Q690868,1
Q6398495,1
Q1980049,1
Q833089,1
Q3010312,1
Q476743,1
Q1637192,1
Q1431958,1
Q16674455,1
Q1907312,1
Q28070878,1
Q2564240,1
Q13425845,1
Q13425769,1
Q15730408,1
Q14561,1
Q173756,1
Q5249204,1
Q15991269,1
Q23787227,1
Q191811,1
Q17317568,1
Q151900,1
Q1655093,1
Q4334668,1
Q1961762,1
Q12406497,1
Q7265205,1
Q6283446,1
Q5493815,1
Q2474922,1
Q7139637,1
Q16256406,1
Q6935478,1
Q5025183,1
Q41217,1
Q1658957,1
Q2352628,1
Q7088004,1
Q10285934,1
Q2561390,1
Q16101852,1
Q278156,1
Q1464283,1
Q1938887,1
Q516970,1
Q1300490,1
Q3686933,1
Q1779300,1
Q16616741,1
Q6934955,1
Q2946089,1
Q4118499,1
Q2072581,1
Q1276202,1
Q16266745,1
Q2993173,1
Q2596594,1
Q854836,1
Q16707691,1
Q51621,1
Q2066674,1
Q860741,1
Q8435708,1
Q220759,1
Q1455196,1
Q27106471,1
Q4023504,1
Q3456296,1
Q24906026,1
Q4336030,1
Q5460062,1
Q2578772,1
Q21170235,1
Q16883152,1
Q3008707,1
Q7249333,1
Q3163103,1
Q12195172,1
Q5354752,1
Q2413978,1
Q3072043,1
Q3150754,1
Q1679747,1
Q1243043,1
Q415601,1
Q417662,1
Q7991776,1
Q131130,1
Q4160913,1
Q6484284,1
Q3139394,1
Q671512,1
Q13228657,1
Q7930747,1
Q1053933,1
Q2640178,1
Q7195392,1
Q7309420,1
Q27899635,1
Q7542224,1
Q1518913,1
Q1188553,1
Q5256232,1
Q20460164,1
Q1238731,1
Q84129,1
Q104021,1
Q3660858,1
Q1866689,1
Q11949976,1
Q7878662,1
Q39275,1
Q429950,1
Q153476,1
Q182590,1
Q2091637,1
Q578874,1
Q596077,1
Q28923023,1
Q1682434,1
Q12758692,1
Q914807,1
Q13031727,1
Q230052,1
Q180268,1
Q424361,1
Q7206969,1
Q1054574,1
Q7890846,1
Q850204,1
Q1519020,1
Q8303885,1
Q17516175,1
Q2628059,1
Q720254,1
Q1435771,1
Q2076218,1
Q361945,1
Q603529,1
Q430,1
Q1513023,1
Q599999,1
Q3830768,1
Q1435706,1
Q8405,1
Q3176680,1
Q12301128,1
Q5412228,1
Q176930,1
Q285386,1
Q181890,1
Q134,1
Q2955669,1
Q131428,1
Q11723296,1
Q7263606,1
Q2261364,1
Q2297586,1
Q1362364,1
Q134293,1
Q19587441,1
Q17984075,1
Q10438274,1
Q29471082,1
Q279433,1
Q18575424,1
Q17709301,1
Q1398359,1
Q4346433,1
Q18011336,1
Q191839,1
Q29444104,1
Q2141565,1
Q1257339,1
Q2393375,1
Q18019775,1
Q614289,1
Q23003,1
Q17423303,1
Q17054562,1
Q16481794,1
Q5106917,1
Q1200678,1
Q18168545,1
Q15264319,1
Q18175789,1
Q7825035,1
Q6806593,1
Q15088720,1
Q900214,1
Q912362,1
Q17172716,1
Q13226535,1
Q10673626,1
Q1316853,1
Q417181,1
Q18346602,1
Q185502,1
Q482752,1
Q176831,1
Q3538399,1
Q18387529,1
Q1364853,1
Q3966178,1
Q7809,1
Q723656,1
Q340179,1
Q38994,1
Q468591,1
Q345847,1
Q4597255,1
Q18511644,1
Q18554701,1
Q468895,1
Q664303,1
Q765547,1
Q269025,1
Q3808870,1
Q1362195,1
Q18606072,1
Q5323431,1
Q2259821,1
Q50851,1
Q1521583,1
Q494820,1
Q143970,1
Q327561,1
Q1394400,1
Q24541623,1
Q10498312,1
Q17165317,1
Q1642130,1
Q3591573,1
Q16693034,1
Q809889,1
Q27537502,1
Q300027,1
Q687521,1
Q1649,1
Q25276,1
Q43035,1
Q11863217,1
Q11573,1
Q726460,1
Q10411402,1
Q3829748,1
Q196195,1
Q5260784,1
Q1519335,1
Q222958,1
Q1742962,1
Q3448800,1
Q839018,1
Q16653219,1
Q361785,1
Q3887334,1
Q299678,1
Q582023,1
Q717293,1
Q19316842,1
Q3088299,1
Q19341731,1
Q3088323,1
Q3030796,1
Q13572,1
Q1194674,1
Q3359856,1
Q4801017,1
Q3803834,1
Q9581877,1
Q19525610,1
Q2224989,1
Q4698569,1
Q1862181,1
Q6125755,1
Q2047938,1
Q807924,1
Q2951290,1
Q2981680,1
Q20474006,1
Q12882599,1
Q12806826,1
Q1614379,1
Q722589,1
Q11325830,1
Q7925343,1
Q1367530,1
Q660464,1
Q955484,1
Q16776679,1
Q3789061,1
Q19849064,1
Q10874534,1
Q17047449,1
Q965093,1
Q18141938,1
Q4793808,1
Q6736329,1
Q638210,1
Q13186,1
Q28419132,1
Q19899595,1
Q16584993,1
Q3926588,1
Q18067173,1
Q1921606,1
Q1154589,1
Q21512251,1
Q11723797,1
Q594446,1
Q18761104,1
Q876558,1
Q26265941,1
Q6453233,1
Q1148568,1
Q438331,1
Q19969489,1
Q1341119,1
Q2565086,1
Q2228956,1
Q2135586,1
Q3242862,1
Q23668083,1
Q11404657,1
Q7498067,1
Q16830263,1
Q398308,1
Q219869,1
Q5073837,1
Q193075,1
Q20127833,1
Q11948177,1
Q99309,1
Q445019,1
Q963380,1
Q152361,1
Q1481411,1
Q25271,1
Q5474587,1
Q1074920,1
Q452020,1
Q170201,1
Q1049923,1
Q25292,1
Q2061094,1
Q1098165,1
Q1371481,1
Q277753,1
Q385501,1
Q713853,1
Q478788,1
Q299079,1
Q357662,1
Q480220,1
Q288401,1
Q29167422,1
Q24657198,1
Q4905035,1
Q1328072,1
Q184243,1
Q3247043,1
Q2604714,1
Q2010500,1
Q23055573,1
Q200801,1
Q767036,1
Q1614957,1
Q244916,1
Q27480045,1
Q489628,1
Q1691016,1
Q11519484,1
Q780811,1
Q20020845,1
Q17271604,1
Q20884819,1
Q81235,1
Q30504670,1
Q797189,1
Q903452,1
Q2413683,1
Q866612,1
Q20089159,1
Q860868,1
Q1935949,1
Q1133467,1
Q16354474,1
Q37600,1
Q2481548,1
Q2747221,1
Q2271859,1
Q22811486,1
Q21658544,1
Q14923870,1
Q3267414,1
Q28966214,1
Q21042249,1
Q3916505,1
Q2915579,1
Q29526,1
Q2141075,1
Q5150363,1
Q188078,1
Q11163999,1
Q6643305,1
Q720920,1
Q41873,1
Q13479914,1
Q38301,1
Q28110291,1
Q718694,1
Q16716503,1
Q2615343,1
Q3526627,1
Q2477865,1
Q5163951,1
Q7554354,1
Q11722517,1
Q81659,1
Q21345790,1
Q13163235,1
Q471839,1
Q596594,1
Q21439673,1
Q1194119,1
Q204861,1
Q14925459,1
Q1411549,1
Q2562058,1
Q7556,1
Q1947652,1
Q739585,1
Q21076250,1
Q21214874,1
Q21078681,1
Q7514923,1
Q21322989,1
Q158094,1
Q3476572,1
Q16719918,1
Q14411698,1
Q31212388,1
Q21422918,1
Q27355,1
Q906850,1
Q3073766,1
Q1399648,1
Q1060764,1
Q21230546,1
Q4671960,1
Q19118320,1
Q20022597,1
Q2570370,1
Q3077281,1
Q21476775,1
Q3578442,1
Q2117459,1
Q323824,1
Q247899,1
Q944672,1
Q5416693,1
Q1475637,1
Q4388302,1
Q16980934,1
Q167377,1
Q8035084,1
Q3757343,1
Q34228421,1
Q34228293,1
Q625568,1
Q4774344,1
Q4461020,1
Q684592,1
Q2910253,1
Q16323905,1
Q5297202,1
Q5177943,1
Q1202167,1
Q933091,1
Q11390939,1
Q15708837,1
Q693908,1
Q43173,1
Q626478,1
Q21948459,1
Q1575003,1
Q2100742,1
Q42267,1
Q160826,1
Q2529526,1
Q1625709,1
Q395736,1
Q21428091,1
Q3305194,1
Q138580,1
Q186319,1
Q15806031,1
Q1073492,1
Q22108680,1
Q7127750,1
Q4401736,1
Q243170,1
Q598884,1
Q2803875,1
Q6206,1
Q21502270,1
Q15282326,1
Q1545323,1
Q22282168,1
Q553085,1
Q22328402,1
Q11871615,1
Q21908308,1
Q1543206,1
Q13471431,1
Q22676262,1
Q22680842,1
Q16639889,1
Q1257345,1
Q3413234,1
Q1490797,1
Q2164106,1
Q22771246,1
Q55474,1
Q3025978,1
Q799016,1
Q207302,1
Q493615,1
Q11194773,1
Q2954810,1
Q333515,1
Q21037308,1
Q3312607,1
Q2874701,1
Q343568,1
Q22952793,1
Q2631696,1
Q17079911,1
Q15833242,1
Q1343747,1
Q23000122,1
Q1565052,1
Q3948731,1
Q6002242,1
Q3550863,1
Q596990,1
Q23038345,1
Q1141733,1
Q7205514,1
Q488032,1
Q1528894,1
Q19088,1
Q7439086,1
Q2281714,1
Q28955231,1
Q4752922,1
Q12241590,1
Q191089,1
Q16929633,1
Q80026,1
Q31029,1
Q3033548,1
Q1236370,1
Q23685184,1
Q188830,1
Q12343964,1
Q12175780,1
Q12199342,1
Q12155738,1
Q14919807,1
Q23809218,1
Q1025517,1
Q417700,1
Q9126910,1
Q23889469,1
Q23889479,1
Q887236,1
Q729496,1
Q15120374,1
Q23458388,1
Q5527268,1
Q6108588,1
Q2846975,1
Q1054581,1
Q569348,1
Q896403,1
Q1166049,1
Q24027515,1
Q2545934,1
Q195537,1
Q24035113,1
Q3509172,1
Q391358,1
Q210578,1
Q24050002,1
Q5739465,1
Q5474524,1
Q1366174,1
Q1232739,1
Q920285,1
Q38686,1
Q2107707,1
Q440611,1
Q718298,1
Q1362251,1
Q7897003,1
Q2300099,1
Q24541613,1
Q24565488,1
Q24565968,1
Q3539355,1
Q215071,1
Q24613911,1
Q24618266,1
Q24628181,1
Q1146379,1
Q2129771,1
Q1440058,1
Q333150,1
Q316930,1
Q30344581,1
Q24718382,1
Q16538191,1
Q24718419,1
Q20724394,1
Q24731830,1
Q24733742,1
Q24733779,1
Q24733820,1
Q1056607,1
Q17115089,1
Q1401550,1
Q13578103,1
Q5798,1
Q425567,1
Q22130673,1
Q22946340,1
Q748250,1
Q2990947,1
Q20724119,1
Q1158778,1
Q2951169,1
Q565858,1
Q28834983,1
Q622825,1
Q11202642,1
Q2412527,1
Q638335,1
Q23809285,1
Q299363,1
Q174565,1
Q25381625,1
Q3002545,1
Q20798386,1
Q25398072,1
Q25398332,1
Q25398366,1
Q26344166,1
Q5153984,1
Q12695722,1
Q20921574,1
Q6117914,1
Q16419151,1
Q7807633,1
Q152263,1
Q1236807,1
Q7603906,1
Q21290858,1
Q23044006,1
Q855740,1
Q25839930,1
Q2249932,1
Q24658556,1
Q2875694,1
Q4100847,1
Q3634192,1
Q26764061,1
Q1602587,1
Q494360,1
Q14537877,1
Q1750740,1
Q26262111,1
Q622662,1
Q412770,1
Q13896240,1
Q26299022,1
Q840419,1
Q3525418,1
Q168289,1
Q3182378,1
Q951006,1
Q7328304,1
Q1255306,1
Q14523332,1
Q19817303,1
Q21044505,1
Q26736167,1
Q74068,1
Q9181026,1
Q147861,1
Q161511,1
Q460523,1
Q526549,1
Q157393,1
Q5756613,1
Q1062509,1
Q735943,1
Q28062188,1
Q7170688,1
Q659600,1
Q3653994,1
Q21051195,1
Q3654000,1
Q1508239,1
Q14545608,1
Q416622,1
Q741702,1
Q623755,1
Q26971143,1
Q26971250,1
Q26972778,1
Q26972779,1
Q26972922,1
Q26972925,1
Q26985016,1
Q3071,1
Q2538679,1
Q507696,1
Q27042512,1
Q27042795,1
Q27043927,1
Q27043941,1
Q27043949,1
Q27043958,1
Q27048382,1
Q27048394,1
Q27048408,1
Q1004929,1
Q2955217,1
Q2955205,1
Q2955095,1
Q16538096,1
Q27055694,1
Q27055697,1
Q27055707,1
Q27055710,1
Q27055720,1
Q27056303,1
Q27056392,1
Q27056456,1
Q27056464,1
Q409744,1
Q30126674,1
Q409482,1
Q27133171,1
Q2823215,1
Q27121348,1
Q50980,1
Q925303,1
Q1421918,1
Q2266789,1
Q27133460,1
Q27133468,1
Q27133611,1
Q27133617,1
Q431630,1
Q27149727,1
Q10843743,1
Q6839886,1
Q815521,1
Q641943,1
Q352409,1
Q24960050,1
Q27230607,1
Q27230608,1
Q26834055,1
Q27236708,1
Q27237206,1
Q19847,1
Q1371249,1
Q2146388,1
Q2358586,1
Q17329819,1
Q27526294,1
Q2120288,1
Q674925,1
Q461499,1
Q489799,1
Q18654439,1
Q293431,1
Q784445,1
Q2249080,1
Q683906,1
Q27627225,1
Q1411808,1
Q27031032,1
Q2642600,1
Q27671698,1
Q27681893,1
Q820355,1
Q6806558,1
Q16058933,1
Q1058330,1
Q1693153,1
Q27793496,1
Q27794750,1
Q27794756,1
Q27794858,1
Q7578390,1
Q18609861,1
Q2597575,1
Q16686153,1
Q6305624,1
Q19945412,1
Q3881191,1
Q337238,1
Q19919820,1
Q27116207,1
Q27901751,1
Q32971069,1
Q758646,1
Q1121559,1
Q27921877,1
Q15820417,1
Q1487,1
Q2205972,1
Q1104030,1
Q19705902,1
Q381977,1
Q1876744,1
Q11903387,1
Q669221,1
Q2321247,1
Q53696,1
Q15966792,1
Q673097,1
Q5128362,1
Q27983251,1
Q2488257,1
Q39833,1
Q5557393,1
Q655951,1
Q279118,1
Q19379650,1
Q7276859,1
Q6345665,1
Q12716860,1
Q1259917,1
Q309823,1
Q56057,1
Q28053580,1
Q1780924,1
Q12287834,1
Q16462721,1
Q5839321,1
Q11722858,1
Q1325045,1
Q30301632,1
Q1133383,1
Q1425792,1
Q216146,1
Q301585,1
Q611522,1
Q28167962,1
Q1820380,1
Q257146,1
Q9335008,1
Q11481471,1
Q625797,1
Q679087,1
Q188688,1
Q28342104,1
Q10906117,1
Q206813,1
Q18449523,1
Q181457,1
Q1151833,1
Q2458164,1
Q1930187,1
Q12150405,1
Q4638793,1
Q1891041,1
Q693340,1
Q805510,1
Q19280136,1
Q19471285,1
Q13219637,1
Q11077005,1
Q337979,1
Q3194888,1
Q860554,1
Q1067247,1
Q2792509,1
Q4950458,1
Q1954906,1
Q28599737,1
Q187014,1
Q11388806,1
Q3651924,1
Q1144170,1
Q2448831,1
Q28668602,1
Q1391175,1
Q10536475,1
Q2363097,1
Q1860,1
Q3826910,1
Q5734803,1
Q5832796,1
Q6646450,1
Q390395,1
Q1965979,1
Q193181,1
Q2255024,1
Q2608165,1
Q855337,1
Q12132663,1
Q943162,1
Q2757473,1
Q28822032,1
Q21995059,1
Q6269549,1
Q4887411,1
Q28857173,1
Q483488,1
Q1585316,1
Q588478,1
Q1781227,1
Q203290,1
Q21422876,1
Q725920,1
Q10881597,1
Q2337961,1
Q3456967,1
Q2347911,1
Q15618637,1
Q1815560,1
Q16869264,1
Q1566584,1
Q1135939,1
Q857997,1
Q30160586,1
Q5595257,1
Q25381170,1
Q8350,1
Q26936078,1
Q6664655,1
Q29052758,1
Q29383137,1
Q2125610,1
Q29061811,1
Q27940843,1
Q784878,1
Q331619,1
Q27094,1
Q3016988,1
Q24708247,1
Q1476837,1
Q3628059,1
Q30718,1
Q347690,1
Q745158,1
Q218802,1
Q2057088,1
Q3300024,1
Q478853,1
Q31561041,1
Q2403237,1
Q552446,1
Q18646134,1
Q3180120,1
Q29063418,1
Q11268998,1
Q835420,1
Q740732,1
Q371798,1
Q3355832,1
Q7190637,1
Q6752131,1
Q1615491,1
Q876040,1
Q2864716,1
Q837185,1
Q851415,1
Q7651136,1
Q1823258,1
Q996531,1
Q208421,1
Q1255766,1
Q185041,1
Q178933,1
Q4292134,1
Q332285,1
Q159341,1
Q29458772,1
Q3063341,1
Q192383,1
Q171446,1
Q1520439,1
Q205650,1
Q862240,1
Q17125263,1
Q29518746,1
Q901227,1
Q80218,1
Q13359850,1
Q3716453,1
Q6899110,1
Q16939260,1
Q167741,1
Q150582,1
Q429926,1
Q1196408,1
Q524634,1
Q38523,1
Q2016530,1
Q1185409,1
Q2494151,1
Q3369299,1
Q4299271,1
Q7015254,1
Q29644051,1
Q429935,1
Q102151,1
Q3783467,1
Q422167,1
Q16682186,1
Q429754,1
Q165254,1
Q418215,1
Q7415903,1
Q25324528,1
Q335239,1
Q328293,1
Q5169289,1
Q21287602,1
Q83483,1
Q29934288,1
Q22284678,1
Q1543280,1
Q354717,1
Q290759,1
Q751314,1
Q20851763,1
Q1312571,1
Q30443872,1
Q1631103,1
Q161936,1
Q196113,1
Q1163915,1
Q206809,1
Q841563,1
Q2005926,1
Q30032267,1
Q30032365,1
Q16503,1
Q211517,1
Q30063035,1
Q25377973,1
Q21087276,1
Q1147337,1
Q3836446,1
Q7094098,1
Q28869945,1
Q13231467,1
Q62955,1
Q25995,1
Q372948,1
Q7998161,1
Q2901881,1
Q891475,1
Q30158675,1
Q2217499,1
Q12055729,1
Q6484595,1
Q7214908,1
Q166816,1
Q30301589,1
Q202648,1
Q3080019,1
Q1408706,1
Q1800601,1
Q30310495,1
Q5377027,1
Q831047,1
Q30217264,1
Q30332239,1
Q30333137,1
Q658626,1
Q30456396,1
Q9252,1
Q13660513,1
Q30503903,1
Q30512013,1
Q245068,1
Q30577809,1
Q9378375,1
Q54767,1
Q5177257,1
Q844244,1
Q1152399,1
Q665517,1
Q20825907,1
Q1207969,1
Q11180,1
Q30531464,1
Q31023710,1
Q31092105,1
Q2941235,1
Q31271024,1
Q31271624,1
Q1077209,1
Q1463076,1
Q31510394,1
Q31920535,1
Q210420,1
Q26839938,1
Q15140807,1
Q215972,1
Q32161692,1
Q20517587,1
Q28000264,1
Q451638,1
Q22528413,1
Q32603438,1
Q32604159,1
Q1261184,1
Q759957,1
Q412609,1
Q32931447,1
Q183319,1
Q29043227,1
Q24877466,1
Q30669499,1
Q16070471,1
Q1366172,1
Q2954296,1
Q12370416,1
Q325956,1
Q1341445,1
Q257885,1
Q33129727,1
Q33130932,1
Q3899318,1
Q2445851,1
Q3926105,1
Q2636673,1
Q33712195,1
Q8015530,1
Q913709,1
Q20110917,1
Q341284,1
Q14327702,1
Q1680993,1
Q34748156,1
Q19442430,1
Q7852739,1
Q7361235,1
Q25402,1
Q35693898,1
Q30090726,1
Q745566,1
Q11950904,1
Q2540626,1
Q15633776,1
Q24266767,1
Q22809184,1
Q6549774,1
Q7487455,1
Q16485594,1
Q12318148,1
Q29584697,1
Q3190149,1
Q37143759,1
Q1049511,1
Q998555,1
Q1925963,1
Q29077471,1
Q7252610,1
Q1080137,1
Q37736399,1
Q1573748,1
Q1188782,1
Q599093,1
Q2915234,1
Q816063,1
Q208106,1
Q191936,1
Q19600,1
Q3963243,1
Q36987233,1
Q1139104,1
Q199360,1
Q15141485,1
Q3487913,1
Q769802,1
Q24533253,1
Q936549,1
Q1469686,1
Q862156,1
Q1076968,1
Q47280,1
Q282250,1
Q9699,1
Q3539556,1
Q23022928,1
Q28733284,1
Q14745279,1
Q1847641,1
Q6609673,1
Q206106,1
Q11639620,1
Q739288,1
Q380233,1
Q2891866,1
Q16137862,1
Q855270,1
Q302646,1
Q1228650,1
Q910542,1
Q211591,1
Q17154131,1
Q24535802,1
Q3074377,1
Q1847460,1
Q4792966,1
Q179742,1
Q31989,1
Q866427,1
Q61566,1
Q573952,1
Q28923018,1
Q202691,1
Q169921,1
Q651118,1
Q2911158,1
Q18636000,1
Q2414609,1
Q227675,1
Q1330974,1
Q11515690,1
Q11571545,1
Q3056175,1
Q36648794,1
Q11279677,1
Q850692,1
Q375355,1
Q1418543,1
Q187587,1
Q2284014,1
Q1143546,1
Q163967,1
Q683038,1
Q2257409,1
Q1030814,1
Q373069,1
Q235157,1
Q15845855,1
Q8770760,1
Q14941038,1
Q163214,1
Q1500848,1
Q11682254,1
Q207643,1
Q104225,1
Q4058003,1
Q421978,1
Q336797,1
Q1945331,1
Q1139400,1
Q1221110,1
Q17302772,1
Q3621835,1
Q1142019,1
Q185789,1
Q3244670,1
Q1409961,1
Q1328230,1
Q6052783,1
Q407142,1
Q24335595,1
Q2355954,1
Q7251589,1
Q4993117,1
Q3514355,1
Q22073013,1
Q436105,1
Q772662,1
Q19841649,1
Q146527,1
Q1757263,1
Q840850,1
Q1308274,1
Q1507442,1
Q903495,1
Q1787901,1
Q1550119,1
Q1073408,1
Q2305862,1
Q29168072,1
Q570554,1
Q23004,1
Q20724849,1
Q1563921,1
Q1455927,1
Q1517186,1
Q3882459,1
Q811094,1
Q40283,1
Q5881191,1
Q3757650,1
Q126163,1
Q1631162,1
Q1966622,1
Q686899,1
Q829147,1
Q757598,1
Q357679,1
Q214753,1
Q10267322,1
Q952064,1
Q947546,1
Q309383,1
Q15728054,1
Q15211908,1
Q595819,1
Q345280,1
Q8188,1
Q14402006,1
Q940368,1
Q9380064,1
Q179904,1
Q831990,1
Q2709054,1
Q1064242,1
Q848624,1
Q694324,1
Q849730,1
Q185813,1
Q2627459,1
Q4827277,1
Q198386,1
Q1758095,1
Q611361,1
Q27102249,1
Q3434769,1
Q2513417,1
Q384593,1
Q20892054,1
Q4465563,1
Q211450,1
Q123524,1
Q16965132,1
Q2642710,1
Q413676,1
Q200352,1
Q1562489,1
Q641169,1
Q7250609,1
Q174925,1
Q844993,1
Q551997,1
Q28530079,1
Q247792,1
Q3398012,1
Q184996,1
Q15875324,1
Q2307854,1
Q954087,1
Q905592,1
Q231710,1
Q2458474,1
Q3392263,1
Q365184,1
Q4826865,1
Q23585486,1
Q1719049,1
Q88356,1
Q5282744,1
Q1523791,1
Q1132541,1
Q311773,1
Q189214,1
Q1438698,1
Q1050633,1
Q2408310,1
Q1720683,1
Q357279,1
Q3406,1
Q7118227,1
Q1640995,1
Q381243,1
Q811312,1
Q4229165,1
Q2296411,1
Q12070726,1
Q609042,1
Q504637,1
Q1194379,1
Q547348,1
Q2313379,1
Q30107229,1
Q1584291,1
Q1559347,1
Q170153,1
Q261918,1
Q1932945,1
Q1156049,1
Q23636677,1
Q231250,1
Q1948292,1
Q293813,1
Q4697636,1
Q529458,1
Q182933,1
Q272629,1
Q2110245,1
Q1433996,1
Q265586,1
Q1748869,1
Q513631,1
Q3077171,1
Q3081213,1
Q153998,1
Q754984,1
Q2663787,1
Q2519113,1
Q1362956,1
Q204481,1
Q15709421,1
Q1372565,1
Q2563572,1
Q1691962,1
Q203688,1
Q192949,1
Q21864308,1
Q26713767,1
Q1912682,1
Q91416,1
Q227672,1
Q20204151,1
Q1783556,1
Q1928064,1
Q653345,1
Q2184715,1
Q11702690,1
Q840211,1
Q516739,1
Q2298050,1
Q12416326,1
Q1196371,1
Q48942,1
Q2285982,1
Q12705,1
Q2276335,1
Q4654172,1
Q1618567,1
Q16650680,1
Q3356144,1
Q7201599,1
Q1146074,1
Q1049524,1
Q4283819,1
Q1183649,1
Q165115,1
Q1712614,1
Q679508,1
Q127611,1
Q419563,1
Q407944,1
Q599312,1
Q4973722,1
Q290308,1
Q413343,1
Q189335,1
Q407515,1
Q415602,1
Q2176159,1
Q1787056,1
Q19549,1
Q7991613,1
Q2269158,1
Q1321555,1
Q28801354,1
Q211830,1
Q7805320,1
Q10970278,1
Q151250,1
Q1070855,1
Q592657,1
Q1632885,1
Q3044530,1
Q752673,1
Q876023,1
Q220016,1
Q333779,1
Q1478755,1
Q174098,1
Q4347853,1
Q784,1
Q754,1
Q17012,1
Q790,1
Q1588,1
Q769,1
Q734,1
Q766,1
Q730,1
Q41867,1
Q11430530,1
Q1220959,1
Q4830211,1
Q862550,1
Q5157579,1
Q2487670,1
Q3555010,1
Q2763,1
Q1205696,1
Q22759,1
Q11076343,1
Q969619,1
Q502649,1
Q3741447,1
Q12856745,1
Q193460,1
Q805755,1
Q2520774,1
Q3375726,1
Q36233176,1
Q2513440,1
Q737677,1
Q440476,1
Q4117397,1
Q3024660,1
Q1215981,1
Q1982302,1
Q1085160,1
Q1048057,1
Q31949776,1
Q7692353,1
Q7225533,1
Q380288,1
Q867621,1
Q4826857,1
Q314482,1
Q1978634,1
Q2936142,1
Q7225125,1
Q17639282,1
Q15730631,1
Q1534839,1
Q2243284,1
Q1072840,1
Q233063,1
Q327835,1
Q1062332,1
Q7632005,1
Q791938,1
Q11457,1
Q7632657,1
Q225937,1
Q6944253,1
Q7210349,1
Q3455067,1
Q1570280,1
Q1218073,1
Q7888544,1
Q299963,1
Q191884,1
Q1009216,1
Q131187,1
Q5528116,1
Q577117,1
Q1407393,1
Q348303,1
Q7897276,1
Q893,1
Q243669,1
Q1622314,1
Q1786766,1
Q1457294,1
Q4481793,1
Q11499141,1
Q139859,1
Q986764,1
Q140044,1
Q1770639,1
Q1986639,1
Q4038559,1
Q516751,1
Q115368,1
Q13134154,1
Q909747,1
Q942061,1
Q19220511,1
Q586573,1
Q1151934,1
Q13426043,1
Q197811,1
Q178898,1
Q17092363,1
Q1953422,1
Q190780,1
Q1192403,1
Q16528358,1
Q23123,1
Q2993760,1
Q874980,1
Q49391,1
Q1775798,1
Q1763371,1
Q3773186,1
Q2341329,1
Q899959,1
Q1889337,1
Q1973901,1
Q1394988,1
Q4388,1
Q7293293,1
Q3512027,1
Q7886778,1
Q2514492,1
Q805079,1
Q3531146,1
Q1109320,1
Q5018754,1
Q1311481,1
Q2067937,1
Q1792533,1
Q5157582,1
Q145903,1
Q822086,1
Q2891121,1
Q5151780,1
Q1032176,1
Q17763739,1
Q18406159,1
Q170393,1
Q38645,1
Q5309082,1
Q673203,1
Q3854371,1
Q6934715,1
Q3327760,1
Q4056396,1
Q219872,1
Q1553195,1
Q12048312,1
Q27243428,1
Q118819,1
Q6944143,1
Q860360,1
Q1137226,1
Q155925,1
Q861453,1
Q3239011,1
Q2256059,1
Q17582,1
Q19773264,1
Q1540003,1
Q251859,1
Q17374430,1
Q485742,1
Q3961022,1
Q15852753,1
Q1322098,1
Q330574,1
Q171692,1
Q5380480,1
Q914841,1
Q9390730,1
Q798428,1
Q579440,1
Q1240054,1
Q735881,1
Q854451,1
Q163233,1
Q217032,1
Q11663745,1
Q180253,1
Q844704,1
Q7663737,1
Q1291690,1
Q2447975,1
Q1941808,1
Q837463,1
Q216054,1
Q754256,1
Q2200417,1
Q601319,1
Q239092,1
Q18246031,1
Q2916781,1
Q1034941,1
Q6028003,1
Q232771,1
Q20717849,1
Q708176,1
Q739479,1
Q20469688,1
Q7512598,1
Q24339576,1
Q757549,1
Q701069,1
Q7574626,1
Q196672,1
Q1030097,1
Q390383,1
Q1514805,1
Q1423696,1
Q1724132,1
Q4854529,1
Q191576,1
Q11735492,1
Q920057,1
Q1638770,1
Q3596097,1
Q1788256,1
Q757655,1
Q1792374,1
Q1005845,1
Q13365595,1
Q1492380,1
Q15956397,1
Q256648,1
Q1812366,1
Q854223,1
Q1015136,1
Q4652364,1
Q158490,1
Q2462658,1
Q7963016,1
Q5017160,1
Q23680106,1
Q548031,1
Q1616362,1
Q523607,1
Q6786859,1
Q18479330,1
Q142554,1
Q431604,1
Q11813353,1
Q820854,1
Q837900,1
Q1073768,1
Q1436248,1
Q134032,1
Q1365323,1
Q2744368,1
Q1929372,1
Q11284213,1
Q5759940,1
Q595663,1
Q2855609,1
Q6960589,1
Q1093390,1
Q47910,1
Q1407406,1
Q29334,1
Q1214947,1
Q41270,1
Q159702,1
Q915073,1
Q6925544,1
Q8196,1
Q177013,1
Q827512,1
Q1395264,1
Q2265547,1
Q7374522,1
Q41927,1
Q6154363,1
Q4524036,1
Q1386433,1
Q182209,1
Q1341685,1
Q18354150,1
Q606671,1
Q2126794,1
Q474805,1
Q1060874,1
Q207527,1
Q1728005,1
Q175661,1
Q5177802,1
Q6857262,1
Q897765,1
Q28548035,1
Q8254437,1
Q25368,1
Q2478141,1
Q179121,1
Q607297,1
Q1198713,1
Q1204943,1
Q21050458,1
Q273610,1
Q4956705,1
Q1151252,1
Q2058312,1
Q1203526,1
Q84071,1
Q905789,1
Q3242920,1
Q1242841,1
Q18018963,1
Q255503,1
Q36415,1
Q3644180,1
Q172145,1
Q554482,1
Q170082,1
Q15478230,1
Q682675,1
Q606672,1
Q173843,1
Q1792609,1
Q20992031,1
Q819311,1
Q17005145,1
Q830382,1
Q6634100,1
Q2392436,1
Q409037,1
Q1243246,1
Q238337,1
Q388592,1
Q1172744,1
Q1204466,1
Q213918,1
Q2330613,1
Q28057462,1
Q28777634,1
Q748349,1
Q1907582,1
Q25368938,1
Q549823,1
Q362356,1
Q732344,1
Q1720578,1
Q1365383,1
Q29395685,1
Q20931974,1
Q194173,1
Q1766059,1
Q1424704,1
Q1776417,1
Q584041,1
Q3724609,1
Q2670999,1
Q1137840,1
Q221123,1
Q2563658,1
Q1260928,1
Q39645,1
Q25814,1
Q5155072,1
Q815382,1
Q2516866,1
Q504549,1
Q191355,1
Q14747193,1
Q759769,1
Q2739329,1
Q16007016,1
Q41453,1
Q179080,1
Q1783936,1
Q120312,1
Q2301114,1
Q1343700,1
Q1774225,1
Q829624,1
Q1069891,1
Q5597009,1
Q9178927,1
Q1946879,1
Q17016923,1
Q13417232,1
Q924827,1
Q1413420,1
Q27976507,1
Q6559906,1
Q1667469,1
Q5148648,1
Q1513352,1
Q471400,1
Q639625,1
Q2461535,1
Q5037183,1
Q346330,1
Q840688,1
Q1306351,1
Q7295721,1
Q815846,1
Q484937,1
Q2250276,1
Q25037303,1
Q778333,1
Q4367188,1
Q4618975,1
Q445335,1
Q165647,1
Q1562213,1
Q11237019,1
Q2143665,1
Q3433185,1
Q627136,1
Q1439618,1
Q1227640,1
Q2002615,1
Q20107493,1
Q1204923,1
Q1124663,1
Q1757138,1
Q1469751,1
Q166003,1
Q267726,1
Q682871,1
Q6436,1
Q1552818,1
Q1505283,1
Q320765,1
Q7885131,1
Q2070928,1
Q2891429,1
Q14018439,1
Q2078706,1
Q828823,1
Q210745,1
Q16512470,1
Q1208150,1
Q1571063,1
Q4887441,1
Q1661763,1
Q1343007,1
Q2062651,1
Q5375155,1
Q1043452,1
Q864734,1
Q1269239,1
Q891537,1
Q1434856,1
Q8978735,1
Q15631401,1
Q753224,1
Q190705,1
Q554308,1
Q2313203,1
Q1159201,1
Q18625691,1
Q130693,1
Q4255100,1
Q15853727,1
Q12885585,1
Q2297513,1
Q10413035,1
Q1471069,1
Q1187635,1
Q28008286,1
Q577107,1
Q1718043,1
Q6502866,1
Q818369,1
Q23835349,1
Q121221,1
Q1493627,1
Q1743123,1
Q25863168,1
Q6027502,1
Q376325,1
Q13403729,1
Q921657,1
Q192116,1
Q930412,1
Q2744577,1
Q842813,1
Q11384629,1
Q6728731,1
Q379173,1
Q605476,1
Q1047808,1
Q617663,1
Q2208805,1
Q30056117,1
Q14518514,1
Q3408368,1
Q13776946,1
Q3764998,1
Q3061331,1
Q188884,1
Q1359863,1
Q2328480,1
Q210847,1
Q215343,1
Q364883,1
Q187860,1
Q2605563,1
Q20746126,1
Q5586091,1
Q2563306,1
Q1415197,1
Q237576,1
Q1049394,1
Q1321,1
Q4145459,1
Q1746171,1
Q17334311,1
Q2018863,1
Q482853,1
Q24678689,1
Q11184,1
Q1702525,1
Q485997,1
Q294124,1
Q1391285,1
Q606986,1
Q1913217,1
Q1259027,1
Q190977,1
Q1826720,1
Q11155,1
Q2340208,1
Q26403005,1
Q857102,1
Q2519148,1
Q7241637,1
Q2101699,1
Q3558127,1
Q2027640,1
Q20181809,1
Q5421253,1
Q1603154,1
Q1055909,1
Q1323389,1
Q15690553,1
Q14946335,1
Q152079,1
Q840651,1
Q4334946,1
Q628403,1
Q1113555,1
Q1941852,1
Q1994819,1
Q609131,1
Q1747183,1
Q19728993,1
Q30249564,1
Q2248740,1
Q5338003,1
Q630954,1
Q344900,1
Q600396,1
Q255404,1
Q846240,1
Q1401470,1
Q14520256,1
Q14002899,1
Q2203390,1
Q2277901,1
Q773441,1
Q1552813,1
Q1151241,1
Q1428660,1
Q765763,1
Q2229695,1
Q1940734,1
Q3457990,1
Q1048652,1
Q947036,1
Q948944,1
Q28403896,1
Q10660033,1
Q3139792,1
Q1550589,1
Q306610,1
Q17143698,1
Q204390,1
Q2918770,1
Q1356551,1
Q132987,1
Q1870237,1
Q514,1
Q863908,1
Q844784,1
Q3531761,1
Q1262636,1
Q15839071,1
Q2535020,1
Q3077354,1
Q1529575,1
Q716511,1
Q435940,1
Q190877,1
Q1310130,1
Q915474,1
Q7258042,1
Q2175525,1
Q2072214,1
Q2568890,1
Q188711,1
Q475247,1
Q2766547,1
Q5124670,1
Q16814,1
Q7168584,1
Q4797275,1
Q2453632,1
Q9197378,1
Q778393,1
Q18340294,1
Q2558308,1
Q149013,1
Q1780384,1
Q177529,1
Q457026,1
Q131132,1
Q21492706,1
Q399768,1
Q2243722,1
Q22340040,1
Q1623586,1
Q3363001,1
Q5641871,1
Q789698,1
Q484924,1
Q870870,1
Q5371079,1
Q10898410,1
Q4312270,1
Q2122699,1
Q7129609,1
Q235155,1
Q908667,1
Q997339,1
Q1997475,1
Q590268,1
Q1195695,1
Q18601055,1
Q14524594,1
Q232353,1
Q920887,1
Q14506912,1
Q2762318,1
Q1291200,1
Q186310,1
Q15978675,1
Q33673,1
Q1200676,1
Q10860491,1
Q1686000,1
Q1144207,1
Q989016,1
Q638569,1
Q5267922,1
Q522190,1
Q214214,1
Q28457,1
Q25882,1
Q10417796,1
Q3307670,1
Q7574983,1
Q2708412,1
Q14521082,1
Q190259,1
Q17000713,1
Q27230195,1
Q216227,1
Q19358746,1
Q17024412,1
Q868442,1
Q864184,1
Q12973006,1
Q21094868,1
Q1659622,1
Q1096752,1
Q645950,1
Q1522550,1
Q333763,1
Q1146055,1
Q110660,1
Q814947,1
Q1497831,1
Q3088330,1
Q2815064,1
Q2815194,1
Q22082936,1
Q5266746,1
Q2875704,1
Q163359,1
Q599099,1
Q185943,1
Q1992685,1
Q2532223,1
Q420330,1
Q5601809,1
Q4608419,1
Q230533,1
Q1437134,1
Q1088843,1
Q16675884,1
Q26997005,1
Q728435,1
Q276172,1
Q1339594,1
Q9053034,1
Q45959,1
Q3437096,1
Q3655495,1
Q2944921,1
Q2950873,1
Q2837192,1
Q2953545,1
Q2275685,1
Q428792,1
Q41150,1
Q3345348,1
Q1412364,1
Q539784,1
Q21501357,1
Q5519945,1
Q977947,1
Q380782,1
Q28130058,1
Q7432149,1
Q149292,1
Q25397986,1
Q2999960,1
Q2005275,1
Q448190,1
Q1767520,1
Q1479995,1
Q932249,1
Q1545308,1
Q174053,1
Q969864,1
Q3073454,1
Q21281181,1
Q3058217,1
Q1143564,1
Q236448,1
Q17423076,1
Q2903541,1
Q683385,1
Q1429277,1
Q2913798,1
Q59577,1
Q421344,1
Q1194269,1
Q83,1
Q1886460,1
Q17091611,1
Q334508,1
Q680004,1
Q3536740,1
Q30535713,1
Q370451,1
Q3114657,1
Q3186980,1
Q7912957,1
Q7003025,1
Q1537371,1
Q3186812,1
Q2147004,1
Q5155040,1
Q133500,1
Q341045,1
Q1207203,1
Q3622822,1
Q30303305,1
Q3942870,1
Q6151065,1
Q3259190,1
Q679989,1
Q2003549,1
Q216893,1
Q15304430,1
Q8189417,1
Q3477425,1
Q26205185,1
Q381160,1
Q7229711,1
Q10751930,1
Q190056,1
Q141830,1
Q1337756,1
Q15221965,1
Q7315175,1
Q3343337,1
Q386147,1
Q2364755,1
Q17172633,1
Q1870313,1
Q16155280,1
Q2166489,1
Q11687022,1
Q28532565,1
Q3152831,1
Q12978128,1
Q1095194,1
Q176645,1
Q9067730,1
Q2369010,1
Q7931338,1
Q1049924,1
Q15197142,1
Q170219,1
Q2092674,1
Q12244093,1
Q7623619,1
Q1045984,1
Q899681,1
Q466597,1
Q217422,1
Q422074,1
Q21523409,1
Q858496,1
Q21813598,1
Q14963,1
Q2973184,1
Q2748835,1
Q2701691,1
Q767166,1
Q1765681,1
Q12985867,1
Q2073228,1
Q14505421,1
Q805082,1
Q187156,1
Q3134347,1
Q1144784,1
Q1399344,1
Q1548721,1
Q3562405,1
Q1154458,1
Q798838,1
Q7281192,1
Q2599399,1
Q14006248,1
Q3606917,1
Q193054,1
Q3833678,1
Q304974,1
Q17027638,1
Q3638580,1
Q14238758,1
Q205047,1
Q3653698,1
Q2210292,1
Q3631433,1
Q1112183,1
Q1342576,1
Q589971,1
Q11074464,1
Q7513985,1
Q1147190,1
Q17378631,1
Q3708659,1
Q488409,1
Q1464943,1
Q1974804,1
Q1724081,1
Q30239264,1
Q29633511,1
Q3799599,1
Q7579940,1
Q7629468,1
Q3844082,1
Q3845317,1
Q1784476,1
Q1053631,1
Q3854870,1
Q3862648,1
Q27158941,1
Q5179781,1
Q3999222,1
Q1792240,1
Q1638371,1
Q1249702,1
Q11022340,1
Q147096,1
Q3613345,1
Q3900013,1
Q5274065,1
Q3907564,1
Q3907679,1
Q3402326,1
Q423265,1
Q3928171,1
Q227505,1
Q978659,1
Q917448,1
Q3942056,1
Q4687964,1
Q461917,1
Q43450,1
Q30504598,1
Q1960810,1
Q2371222,1
Q299332,1
Q1537263,1
Q3968691,1
Q28946545,1
Q3985275,1
Q1765968,1
Q1705284,1
Q942787,1
Q3805025,1
Q939364,1
Q1518226,1
Q11071039,1
Q1256346,1
Q2305012,1
Q889757,1
Q4135898,1
Q191421,1
Q11960389,1
Q5287633,1
Q1505845,1
Q5287666,1
Q679411,1
Q1678432,1
Q16710068,1
Q5146315,1
Q523058,1
Q1733207,1
Q6165948,1
Q4070280,1
Q977576,1
Q425402,1
Q217844,1
Q7498673,1
Q4171315,1
Q2645207,1
Q8396,1
Q4203185,1
Q2854904,1
Q756431,1
Q7310838,1
Q4099851,1
Q3505260,1
Q4187924,1
Q2314657,1
Q170658,1
Q628612,1
Q189643,1
Q4146702,1
Q5440531,1
Q4307918,1
Q4096935,1
Q4375514,1
Q2422245,1
Q862571,1
Q1585199,1
Q3408995,1
Q20077167,1
Q10901350,1
Q11248258,1
Q11506625,1
Q1444804,1
Q4337998,1
Q4988896,1
Q2997549,1
Q3089676,1
Q1385001,1
Q232846,1
Q933844,1
Q4450113,1
Q718688,1
Q1497276,1
Q7382232,1
Q3648486,1
Q6887204,1
Q862633,1
Q2102938,1
Q20720217,1
Q620661,1
Q410221,1
Q3537645,1
Q1778555,1
Q3496987,1
Q744040,1
Q167071,1
Q1748406,1
Q118171,1
Q5323412,1
Q131136,1
Q3323198,1
Q5154936,1
Q740460,1
Q473635,1
Q4315577,1
Q1999004,1
Q933870,1
Q26090,1
Q42675,1
Q5001711,1
Q22175212,1
Q1202868,1
Q128001,1
Q590870,1
Q3308934,1
Q1818127,1
Q838247,1
Q422423,1
Q3045958,1
Q361047,1
Q18536145,1
Q203622,1
Q7558983,1
Q17164849,1
Q228138,1
Q1232148,1
Q192701,1
Q4347112,1
Q11726974,1
Q1622217,1
Q18545,1
Q998550,1
Q866598,1
Q938925,1
Q38322,1
Q1143358,1
Q3367403,1
Q158011,1
Q15618646,1
Q15618647,1
Q5282696,1
Q5508226,1
Q1853245,1
Q5013230,1
Q283770,1
Q25710,1
Q216690,1
Q16000441,1
Q585110,1
Q131165,1
Q6583066,1
Q7558985,1
Q5062122,1
Q2405838,1
Q4942597,1
Q16056640,1
Q999897,1
Q376596,1
Q18578904,1
Q631360,1
Q1458153,1
Q20982366,1
Q706122,1
Q13424340,1
Q1408529,1
Q1814622,1
Q2309739,1
Q863402,1
Q1911677,1
Q397436,1
Q429399,1
Q750183,1
Q858517,1
Q278919,1
Q18349836,1
Q22725,1
Q37612,1
Q281111,1
Q1521187,1
Q20861496,1
Q43637,1
Q2890135,1
Q1188866,1
Q1432810,1
Q7681280,1
Q2303963,1
Q5516775,1
Q831304,1
Q843585,1
Q7460342,1
Q182436,1
Q627335,1
Q3560677,1
Q3557982,1
Q7628270,1
Q966254,1
Q5383589,1
Q4904826,1
Q1285993,1
Q5176129,1
Q30339156,1
Q6752328,1
Q4764737,1
Q6633171,1
Q6311907,1
Q470262,1
Q3214425,1
Q3238324,1
Q3684337,1
Q41960,1
Q1278498,1
Q4039203,1
Q18211693,1
Q767680,1
Q549433,1
Q587743,1
Q16534565,1
Q4337209,1
Q1165721,1
Q1352600,1
Q22809620,1
Q334765,1
Q5588918,1
Q7096377,1
Q24014562,1
Q4793006,1
Q5598492,1
Q18358548,1
Q104541,1
Q215414,1
Q18145580,1
Q2824584,1
Q1447266,1
Q177764,1
Q583372,1
Q29002282,1
Q15695,1
Q4506063,1
Q3320548,1
Q14530780,1
Q974394,1
Q1222308,1
Q1243912,1
Q2839480,1
Q1181593,1
Q41415,1
Q22909672,1
Q19334912,1
Q22909673,1
Q5968661,1
Q24088922,1
Q6828010,1
Q7269364,1
Q23823893,1
Q20018880,1
Q183599,1
Q178803,1
Q12225,1
Q11779601,1
Q9046814,1
Q193294,1
Q842387,1
Q4818196,1
Q2914529,1
Q1621905,1
Q1414780,1
Q6452225,1
Q4394827,1
Q1424020,1
Q3477289,1
Q538685,1
Q21574079,1
Q20014823,1
Q330204,1
Q11059426,1
Q1373538,1
Q3057965,1
Q13409536,1
Q1823737,1
Q942297,1
Q5278690,1
Q984063,1
Q170337,1
Q759860,1
Q11030,1
Q1455870,1
Q19895647,1
Q962139,1
Q1509860,1
Q864912,1
Q861402,1
Q215034,1
Q4290565,1
Q6452562,1
Q6459308,1
Q5469077,1
Q28470,1
Q938102,1
Q2575002,1
Q2750149,1
Q11900058,1
Q68467,1
Q10856065,1
Q1961308,1
Q904319,1
Q782014,1
Q1202732,1
Q15218776,1
Q609477,1
Q1522059,1
Q13158,1
Q13187,1
Q30167801,1
Q50636,1
Q1180505,1
Q2301186,1
Q487914,1
Q3040056,1
Q4018482,1
Q10535314,1
Q1672817,1
Q83204,1
Q462293,1
Q4386797,1
Q154607,1
Q35800652,1
Q1950906,1
Q5136446,1
Q1711247,1
Q3621199,1
Q215675,1
Q1574928,1
Q26944924,1
Q778187,1
Q5711091,1
Q2098373,1
Q1572706,1
Q6849760,1
Q1617747,1
Q824176,1
Q4420972,1
Q288720,1
Q38344,1
Q165233,1
Q15051339,1
Q5925,1
Q410083,1
Q7677913,1
Q1368262,1
Q7449623,1
Q23309217,1
Q26879200,1
Q17029629,1
Q5163480,1
Q1475848,1
Q7112451,1
Q27116995,1
Q29848551,1
Q7257503,1
Q19845357,1
Q515001,1
Q1530287,1
Q1427951,1
Q2084125,1
Q20807898,1
Q5468342,1
Q721129,1
Q1550400,1
Q1128500,1
Q10886053,1
Q1295912,1
Q1196276,1
Q479448,1
Q2509280,1
Q142194,1
Q916292,1
Q1048581,1
Q7447671,1
Q6664633,1
Q6561553,1
Q836365,1
Q2345768,1
Q28923003,1
Q7900334,1
Q847400,1
Q179959,1
Q912996,1
Q2934264,1
Q30137770,1
Q7118621,1
Q5513301,1
Q2945522,1
Q3054723,1
Q60378,1
Q17055024,1
Q424074,1
Q13573011,1
Q100159,1
Q7433713,1
Q21684987,1
Q18706315,1
Q7449063,1
Q586280,1
Q953136,1
Q17022363,1
Q2125170,1
Q1653073,1
Q1026962,1
Q7777393,1
Q378070,1
Q2338287,1
Q810145,1
Q489197,1
Q24035250,1
Q19952202,1
Q127630,1
Q705157,1
Q7705753,1
Q47131,1
Q1751569,1
Q7804682,1
Q7444686,1
Q18916540,1
Q28939874,1
Q30249315,1
Q30249429,1
Q18175356,1
Q3437883,1
Q913651,1
Q7894504,1
Q6592593,1
Q2447721,1
Q27650740,1
Q2694199,1
Q3246252,1
Q6607992,1
Q5283140,1
Q2912198,1
Q3233737,1
Q6815577,1
Q2860371,1
Q621076,1
Q836550,1
Q458524,1
Q1395985,1
Q5719001,1
Q3772465,1
Q12050852,1
Q29382462,1
Q17186607,1
Q1786517,1
Q2983860,1
Q15813267,1
Q152311,1
Q386905,1
Q3050282,1
Q340412,1
Q3390714,1
Q14748878,1
Q4804181,1
Q572738,1
Q3251367,1
Q185557,1
Q2307625,1
Q45922,1
Q248382,1
Q371900,1
Q10366968,1
Q3976643,1
Q10318641,1
Q2906832,1
Q1409247,1
Q15853886,1
Q2298603,1
Q250437,1
Q10711527,1
Q620584,1
Q637121,1
Q370949,1
Q18177009,1
Q1439559,1
Q10509615,1
Q11989328,1
Q40089,1
Q1189745,1
Q1423426,1
Q2304354,1
Q2502557,1
Q10589279,1
Q28526451,1
Q14089399,1
Q7230256,1
Q17376335,1
Q31884224,1
Q2283886,1
Q10711415,1
Q726686,1
Q10716255,1
Q1039099,1
Q669911,1
Q1266546,1
Q11111115,1
Q411664,1
Q10861631,1
Q9455594,1
Q20978643,1
Q7225115,1
Q13743387,1
Q5939681,1
Q5465533,1
Q11196560,1
Q6731162,1
Q1340372,1
Q11102529,1
Q177836,1
Q227689,1
Q4972119,1
Q1001035,1
Q3240227,1
Q11424753,1
Q12045585,1
Q199427,1
Q1147317,1
Q11116488,1
Q15503298,1
Q11298806,1
Q2156242,1
Q3516871,1
Q779745,1
Q203209,1
Q5157543,1
Q1908912,1
Q840036,1
Q344855,1
Q1340098,1
Q11392653,1
Q689022,1
Q11347628,1
Q11452760,1
Q11455614,1
Q11448133,1
Q11381412,1
Q11597731,1
Q11665557,1
Q1667082,1
Q11638036,1
Q11486287,1
Q11668898,1
Q3536928,1
Q11267737,1
Q1798773,1
Q11668273,1
Q846299,1
Q11426286,1
Q1069525,1
Q2004969,1
Q4419053,1
Q11582670,1
Q11422437,1
Q8062662,1
Q7426437,1
Q11465701,1
Q11618908,1
Q11580865,1
Q3315678,1
Q13415372,1
Q9035625,1
Q2267872,1
Q2047311,1
Q9388546,1
Q15808637,1
Q11776944,1
Q17395473,1
Q15145755,1
Q927519,1
Q18680105,1
Q1976354,1
Q25979021,1
Q194380,1
Q474704,1
Q156397,1
Q836133,1
Q1881858,1
Q641142,1
Q1618050,1
Q4588168,1
Q852345,1
Q574580,1
Q3354725,1
Q2800626,1
Q19392820,1
Q1017239,1
Q20057240,1
Q1331373,1
Q3534263,1
Q502685,1
Q10977433,1
Q5792893,1
Q466066,1
Q925144,1
Q935362,1
Q1639427,1
Q285784,1
Q12287445,1
Q19707409,1
Q12322561,1
Q504125,1
Q4589610,1
Q27044,1
Q12345822,1
Q4842222,1
Q25488614,1
Q3456650,1
Q12505432,1
Q2575049,1
Q108429,1
Q9639178,1
Q11124955,1
Q4250544,1
Q2583784,1
Q1049885,1
Q623708,1
Q22964126,1
Q852784,1
Q625420,1
Q11086567,1
Q18363639,1
Q20521112,1
Q408429,1
Q7565961,1
Q175959,1
Q19159,1
Q2022113,1
Q2413393,1
Q16237489,1
Q16880640,1
Q652695,1
Q29102814,1
Q20897929,1
Q12054583,1
Q2635501,1
Q505892,1
Q3153117,1
Q796778,1
Q21050576,1
Q205757,1
Q3600649,1
Q4989857,1
Q13640494,1
Q13433401,1
Q19972033,1
Q13424318,1
Q1409468,1
Q211155,1
Q2197515,1
Q29838690,1
Q10540834,1
Q4809,1
Q18589299,1
Q5155593,1
Q1091880,1
Q14162139,1
Q13423964,1
Q404510,1
Q3536503,1
Q1536561,1
Q28499984,1
Q830043,1
Q490035,1
Q6383556,1
Q591878,1
Q2560355,1
Q1132944,1
Q1138173,1
Q2145951,1
Q3107657,1
Q3822632,1
Q1000370,1
Q283510,1
Q1154336,1
Q7916170,1
Q178592,1
Q14942280,1
Q18059293,1
Q2141230,1
Q6026477,1
Q290723,1
Q2839562,1
Q184208,1
Q594419,1
Q7940973,1
Q747883,1
Q6961870,1
Q1326038,1
Q188863,1
Q1940366,1
Q1711250,1
Q465774,1
Q5526362,1
Q3060865,1
Q13450283,1
Q7116365,1
Q15811504,1
Q23005232,1
Q165950,1
Q8424783,1
Q165650,1
Q6140039,1
Q17290546,1
Q2306517,1
Q3962110,1
Q16520446,1
Q720155,1
Q23570653,1
Q238113,1
Q2915788,1
Q2591510,1
Q15935465,1
Q17195265,1
Q1878752,1
Q2867016,1
Q380104,1
Q18813,1
Q1789489,1
Q5651245,1
Q1786564,1
Q7681417,1
Q464122,1
Q179863,1
Q723220,1
Q739734,1
Q15725508,1
Q15054049,1
Q1515982,1
Q1678525,1
Q701521,1
Q2373052,1
Q25342,1
Q102083,1
Q20667180,1
Q7832521,1
Q15831204,1
Q15831213,1
Q10514065,1
Q2098700,1
Q242256,1
Q1183485,1
Q170358,1
Q1790941,1
Q16856620,1
Q1568205,1
Q776904,1
Q17461314,1
Q5254978,1
Q1614561,1
Q15643588,1
Q1184488,1
Q491500,1
Q1058149,1
Q2602337,1
Q10875653,1
Q622467,1
Q24933318,1
Q5378597,1
Q13425822,1
Q2740408,1
Q2600838,1
Q15730410,1
Q2023643,1
Q832319,1
Q194168,1
Q384028,1
Q587378,1
Q15177627,1
Q24649035,1
Q2285180,1
Q2639241,1
Q5059066,1
Q228303,1
Q377639,1
Q7225130,1
Q1054291,1
Q371952,1
Q12411192,1
Q909643,1
Q20684472,1
Q16305048,1
Q25379161,1
Q26538,1
Q2270955,1
Q4875688,1
Q355746,1
Q29051270,1
Q1473433,1
Q19960438,1
Q1248914,1
Q16609199,1
Q580056,1
Q24463191,1
Q184620,1
Q4479446,1
Q3343734,1
Q3445394,1
Q16061842,1
Q1333024,1
Q29292973,1
Q17126392,1
Q2367613,1
Q1936785,1
Q16761595,1
Q20718275,1
Q2282377,1
Q3299995,1
Q2798820,1
Q1542174,1
Q202833,1
Q13115914,1
Q7303388,1
Q7852566,1
Q17170,1
Q7438124,1
Q3064523,1
Q1049540,1
Q6954188,1
Q131303,1
Q268828,1
Q19833595,1
Q105784,1
Q194279,1
Q1182203,1
Q17022368,1
Q4914887,1
Q42395,1
Q160453,1
Q5583669,1
Q161358,1
Q7604380,1
Q193204,1
Q11626933,1
Q25345660,1
Q1477760,1
Q27270177,1
Q845260,1
Q1433083,1
Q5500205,1
Q264024,1
Q19204188,1
Q4315,1
Q17518707,1
Q24074457,1
Q452816,1
Q945344,1
Q654953,1
Q490609,1
Q1063470,1
Q6753763,1
Q1574228,1
Q158722,1
Q292351,1
Q26714952,1
Q17137839,1
Q3096286,1
Q15089621,1
Q11908236,1
Q850376,1
Q901537,1
Q489644,1
Q1054134,1
Q1786567,1
Q17424250,1
Q17450055,1
Q3501552,1
Q2433645,1
Q17565737,1
Q178249,1
Q137838,1
Q1416431,1
Q14284,1
Q1553864,1
Q13381863,1
Q1414768,1
Q16010345,1
Q1414443,1
Q146429,1
Q12068677,1
Q24716659,1
Q1773266,1
Q3603729,1
Q1775755,1
Q1137280,1
Q1930266,1
Q835067,1
Q16323327,1
Q1119573,1
Q7644480,1
Q3077248,1
Q18009934,1
Q2954173,1
Q3278878,1
Q18033451,1
Q17521513,1
Q53473,1
Q1780193,1
Q18075124,1
Q2992611,1
Q20020637,1
Q2628513,1
Q3244994,1
Q12802925,1
Q765277,1
Q5034450,1
Q6905942,1
Q2552799,1
Q19572676,1
Q15905312,1
Q20820199,1
Q18272436,1
Q1431441,1
Q477406,1
Q19902884,1
Q3042960,1
Q871081,1
Q1971373,1
Q6459412,1
Q28089193,1
Q3300044,1
Q598168,1
Q4404908,1
Q5183433,1
Q22669035,1
Q3190900,1
Q6806507,1
Q2133161,1
Q1070955,1
Q27495502,1
Q2052084,1
Q21656353,1
Q7955,1
Q1131678,1
Q567148,1
Q750277,1
Q595364,1
Q193842,1
Q309901,1
Q11871823,1
Q18664082,1
Q7124780,1
Q11889441,1
Q489632,1
Q2872808,1
Q18713229,1
Q1974131,1
Q3325724,1
Q18759773,1
Q20087567,1
Q1073467,1
Q506946,1
Q37041,1
Q650993,1
Q1502455,1
Q60918,1
Q1109562,1
Q8035444,1
Q537151,1
Q20727990,1
Q567303,1
Q5164213,1
Q1130291,1
Q25399066,1
Q68308,1
Q16324495,1
Q16937368,1
Q12143498,1
Q124946,1
Q1853321,1
Q3525204,1
Q24752503,1
Q5358570,1
Q2603074,1
Q1755408,1
Q1761888,1
Q12003176,1
Q28054891,1
Q2376111,1
Q212469,1
Q4654925,1
Q11003111,1
Q176503,1
Q19720330,1
Q2986434,1
Q215628,1
Q12348237,1
Q5197873,1
Q1174821,1
Q623354,1
Q989796,1
Q1527693,1
Q1206261,1
Q401404,1
Q4291358,1
Q6707993,1
Q28959347,1
Q1055622,1
Q637410,1
Q695225,1
Q1300725,1
Q7330070,1
Q884335,1
Q2629736,1
Q1514190,1
Q4342473,1
Q12433056,1
Q267558,1
Q18923407,1
Q63724,1
Q10609771,1
Q4263267,1
Q13446638,1
Q159733,1
Q12774170,1
Q24016972,1
Q20180690,1
Q459435,1
Q6985647,1
Q4851249,1
Q3916957,1
Q20107258,1
Q2000043,1
Q5191770,1
Q15713367,1
Q1625990,1
Q19764,1
Q223352,1
Q13493441,1
Q622753,1
Q1932496,1
Q2937619,1
Q1426327,1
Q1105339,1
Q23664,1
Q19894488,1
Q207277,1
Q5453341,1
Q131668,1
Q209029,1
Q12978821,1
Q316507,1
Q4310603,1
Q22248783,1
Q2945640,1
Q3882927,1
Q4831844,1
Q18952,1
Q13403028,1
Q4990531,1
Q17147964,1
Q11375,1
Q35069054,1
Q947963,1
Q20790614,1
Q1518523,1
Q58789,1
Q7120486,1
Q14458220,1
Q837249,1
Q15462156,1
Q465503,1
Q18012553,1
Q3288900,1
Q1391847,1
Q14550957,1
Q24514938,1
Q2643006,1
Q2534046,1
Q2135382,1
Q21009904,1
Q468495,1
Q2342622,1
Q946052,1
Q1501837,1
Q1399164,1
Q159812,1
Q2291031,1
Q736753,1
Q2122866,1
Q2504350,1
Q1130279,1
Q3356506,1
Q7200276,1
Q941399,1
Q20199086,1
Q6022533,1
Q2962574,1
Q17550221,1
Q5166238,1
Q170598,1
Q1789763,1
Q21212092,1
Q21386810,1
Q28148570,1
Q11827303,1
Q23662493,1
Q6508847,1
Q5227797,1
Q3141611,1
Q327144,1
Q191541,1
Q134542,1
Q3719431,1
Q21223537,1
Q2088732,1
Q1248305,1
Q3493224,1
Q616135,1
Q1930883,1
Q1953535,1
Q135239,1
Q6821615,1
Q2529755,1
Q3691017,1
Q1542952,1
Q844816,1
Q4037357,1
Q5174,1
Q156449,1
Q1941671,1
Q18341233,1
Q685629,1
Q247013,1
Q299264,1
Q6130595,1
Q5378545,1
Q12808193,1
Q1882522,1
Q1267055,1
Q177826,1
Q26959029,1
Q21635748,1
Q1976598,1
Q275459,1
Q459832,1
Q21682678,1
Q690940,1
Q189571,1
Q3473578,1
Q11611056,1
Q1311186,1
Q2460806,1
Q208454,1
Q991121,1
Q21915411,1
Q971637,1
Q21167512,1
Q33060692,1
Q41064,1
Q186262,1
Q47762,1
Q676899,1
Q134479,1
Q190978,1
Q163534,1
Q174512,1
Q180857,1
Q340674,1
Q3316403,1
Q157115,1
Q17145559,1
Q26828324,1
Q19829510,1
Q207391,1
Q650187,1
Q1455803,1
Q22087155,1
Q756535,1
Q6495690,1
Q1914150,1
Q3026458,1
Q20925036,1
Q3132741,1
Q7250393,1
Q5591854,1
Q1121558,1
Q22329657,1
Q1589444,1
Q880371,1
Q12623153,1
Q2359623,1
Q18450941,1
Q17156673,1
Q22673323,1
Q1131628,1
Q1564767,1
Q107231,1
Q2903406,1
Q5354688,1
Q22806973,1
Q3247231,1
Q206229,1
Q1307492,1
Q9033159,1
Q7307127,1
Q22921164,1
Q1309666,1
Q1952556,1
Q616701,1
Q22951216,1
Q18384482,1
Q22975500,1
Q663375,1
Q21583230,1
Q22980980,1
Q473331,1
Q5587375,1
Q10869909,1
Q3709993,1
Q16574168,1
Q12164987,1
Q12161916,1
Q12155884,1
Q1650640,1
Q866742,1
Q188854,1
Q4011107,1
Q15976136,1
Q17074865,1
Q23069702,1
Q1089309,1
Q12069986,1
Q23072411,1
Q5255736,1
Q2415966,1
Q2699076,1
Q10354402,1
Q5774663,1
Q736856,1
Q2093430,1
Q2477722,1
Q5372544,1
Q2516126,1
Q179831,1
Q2896105,1
Q1118647,1
Q5227362,1
Q5227309,1
Q38490,1
Q6049213,1
Q38479,1
Q389745,1
Q16151174,1
Q23899575,1
Q15983532,1
Q39115,1
Q10686037,1
Q10911908,1
Q10908676,1
Q11082098,1
Q1574605,1
Q28600656,1
Q2588110,1
Q4801148,1
Q3112604,1
Q1763065,1
Q798618,1
Q33791,1
Q27914,1
Q15141097,1
Q10265686,1
Q5722033,1
Q23058942,1
Q23931075,1
Q932483,1
Q1891833,1
Q22009290,1
Q217448,1
Q3260010,1
Q327401,1
Q5452943,1
Q5166227,1
Q192852,1
Q8007924,1
Q2912687,1
Q24050074,1
Q168397,1
Q28035102,1
Q223807,1
Q3829467,1
Q1433783,1
Q6020137,1
Q814273,1
Q19795283,1
Q5676196,1
Q7458519,1
Q424213,1
Q1711400,1
Q24442659,1
Q24451618,1
Q206486,1
Q5310485,1
Q24554298,1
Q2429749,1
Q630790,1
Q790016,1
Q24621798,1
Q5250857,1
Q18443991,1
Q574302,1
Q1435724,1
Q15463116,1
Q23901693,1
Q24718207,1
Q24718226,1
Q24718416,1
Q424200,1
Q24730499,1
Q24730506,1
Q2955092,1
Q24731834,1
Q24733669,1
Q1663522,1
Q17774539,1
Q1060855,1
Q18816147,1
Q5610968,1
Q25388904,1
Q537478,1
Q17103717,1
Q7204920,1
Q558106,1
Q19858337,1
Q4442042,1
Q19069188,1
Q3180817,1
Q3470165,1
Q6501890,1
Q16596876,1
Q4215713,1
Q18544772,1
Q18412581,1
Q1061281,1
Q25345649,1
Q3134293,1
Q146893,1
Q25398076,1
Q25398382,1
Q2830663,1
Q498640,1
Q4683593,1
Q724409,1
Q2920452,1
Q2481479,1
Q2465585,1
Q12404501,1
Q146898,1
Q735485,1
Q2998170,1
Q7950,1
Q25366096,1
Q25687472,1
Q131643,1
Q3704604,1
Q530151,1
Q5148597,1
Q2585724,1
Q187176,1
Q83043,1
Q5196479,1
Q24480003,1
Q2269,1
Q21518609,1
Q6820610,1
Q26701830,1
Q268771,1
Q609507,1
Q1215723,1
Q2252262,1
Q1543547,1
Q3350003,1
Q30249963,1
Q19912730,1
Q2300560,1
Q1539356,1
Q1309927,1
Q138442,1
Q1484064,1
Q6496126,1
Q1582987,1
Q5152869,1
Q3454956,1
Q26694763,1
Q20046278,1
Q623742,1
Q1345091,1
Q26722566,1
Q25457593,1
Q797551,1
Q1353171,1
Q61105,1
Q1193369,1
Q2663692,1
Q26878947,1
Q16001941,1
Q26869635,1
Q675423,1
Q846336,1
Q3653997,1
Q1744625,1
Q124131,1
Q27159717,1
Q26960674,1
Q26971248,1
Q26972715,1
Q26972921,1
Q26972926,1
Q26973045,1
Q26976108,1
Q26976182,1
Q26985015,1
Q26985336,1
Q26987260,1
Q10513450,1
Q10513445,1
Q27017232,1
Q27031552,1
Q11711834,1
Q26209363,1
Q27043327,1
Q27043356,1
Q27043924,1
Q27043947,1
Q27043961,1
Q27048377,1
Q27048384,1
Q27048385,1
Q16538109,1
Q27055626,1
Q27055712,1
Q27055721,1
Q27055722,1
Q27056315,1
Q27056386,1
Q27056458,1
Q27056460,1
Q27056631,1
Q27056637,1
Q27056640,1
Q27056641,1
Q1749925,1
Q15951606,1
Q910799,1
Q27190018,1
Q27121162,1
Q27132146,1
Q28156115,1
Q27133448,1
Q27133623,1
Q27133950,1
Q27134043,1
Q27134056,1
Q27148238,1
Q27148339,1
Q1060280,1
Q26841219,1
Q7705778,1
Q675073,1
Q11086086,1
Q16538163,1
Q26834056,1
Q27235631,1
Q27235634,1
Q27235638,1
Q27236665,1
Q27237171,1
Q27237198,1
Q27237210,1
Q10855220,1
Q1916380,1
Q1464287,1
Q910212,1
Q269915,1
Q2631388,1
Q358395,1
Q1358604,1
Q27032283,1
Q5368817,1
Q960648,1
Q21705225,1
Q2721171,1
Q24574728,1
Q3152870,1
Q27554370,1
Q124291,1
Q27553873,1
Q27031028,1
Q27666239,1
Q27031031,1
Q27031033,1
Q27690815,1
Q20202445,1
Q2900397,1
Q27159112,1
Q27793461,1
Q27794855,1
Q24704862,1
Q27718968,1
Q27834780,1
Q727842,1
Q3101364,1
Q27888335,1
Q2164539,1
Q10395989,1
Q422917,1
Q29565112,1
Q1303310,1
Q126095,1
Q3322345,1
Q921668,1
Q740686,1
Q134275,1
Q25047502,1
Q3118353,1
Q11723813,1
Q3538865,1
Q5422636,1
Q849424,1
Q17103766,1
Q1433153,1
Q4751653,1
Q58803,1
Q23305046,1
Q18207755,1
Q423051,1
Q14096331,1
Q376022,1
Q28003093,1
Q3243905,1
Q11812011,1
Q19720149,1
Q6918138,1
Q1478332,1
Q158075,1
Q838818,1
Q7257683,1
Q17291399,1
Q4962708,1
Q279749,1
Q7118769,1
Q1065127,1
Q20160207,1
Q1642960,1
Q3362188,1
Q30057135,1
Q28104579,1
Q28333037,1
Q28112831,1
Q19600300,1
Q1428559,1
Q638004,1
Q305072,1
Q3487548,1
Q213449,1
Q10784783,1
Q10493961,1
Q30076709,1
Q861212,1
Q1756525,1
Q5283326,1
Q30249945,1
Q1796966,1
Q30076857,1
Q28318892,1
Q1322614,1
Q1250323,1
Q1849277,1
Q20748648,1
Q1603184,1
Q27095213,1
Q4736398,1
Q28657989,1
Q7918620,1
Q23058648,1
Q28464915,1
Q2949998,1
Q1193637,1
Q2626843,1
Q988698,1
Q17634997,1
Q15972949,1
Q2921063,1
Q1813203,1
Q28530509,1
Q835068,1
Q1534709,1
Q1899048,1
Q8361208,1
Q28646792,1
Q1769996,1
Q1770001,1
Q174864,1
Q28653749,1
Q4179433,1
Q1020348,1
Q873842,1
Q28654025,1
Q28654015,1
Q21198548,1
Q855849,1
Q355358,1
Q863452,1
Q734236,1
Q4739373,1
Q299791,1
Q11124885,1
Q1471184,1
Q3050136,1
Q309027,1
Q28813620,1
Q28813646,1
Q2139047,1
Q28827885,1
Q593644,1
Q1991865,1
Q28858005,1
Q3358622,1
Q2674710,1
Q3354532,1
Q2450206,1
Q17089653,1
Q6027821,1
Q28910303,1
Q5504247,1
Q1255726,1
Q1195517,1
Q1460155,1
Q8068886,1
Q588289,1
Q18351283,1
Q666075,1
Q24962704,1
Q4785826,1
Q1999993,1
Q1310004,1
Q1488244,1
Q28944835,1
Q27123598,1
Q29645406,1
Q322483,1
Q29121355,1
Q208320,1
Q3446398,1
Q4065176,1
Q330153,1
Q927407,1
Q28845965,1
Q599170,1
Q680586,1
Q375296,1
Q14565995,1
Q848532,1
Q201898,1
Q15835236,1
Q24258237,1
Q1137594,1
Q302497,1
Q200814,1
Q29367260,1
Q7624088,1
Q29369540,1
Q2705982,1
Q1054559,1
Q930924,1
Q29028174,1
Q2738285,1
Q2961365,1
Q16839525,1
Q4993060,1
Q1099112,1
Q1265690,1
Q290951,1
Q723720,1
Q13522404,1
Q204638,1
Q836224,1
Q289037,1
Q742180,1
Q1400830,1
Q4321631,1
Q15624381,1
Q16122358,1
Q1536488,1
Q429635,1
Q29477178,1
Q21658247,1
Q679554,1
Q185906,1
Q20798387,1
Q382897,1
Q3568028,1
Q11863092,1
Q11878071,1
Q7659305,1
Q21229692,1
Q16835380,1
Q16467746,1
Q1046648,1
Q192669,1
Q59712,1
Q413357,1
Q753,1
Q29587254,1
Q29605958,1
Q28735708,1
Q896734,1
Q17501827,1
Q4927350,1
Q14759031,1
Q29642128,1
Q5244649,1
Q1415338,1
Q311123,1
Q310531,1
Q425450,1
Q10914750,1
Q417368,1
Q429942,1
Q407251,1
Q11232672,1
Q3684240,1
Q18203001,1
Q334719,1
Q1421870,1
Q681555,1
Q2233992,1
Q12385831,1
Q41331,1
Q921044,1
Q23841,1
Q251473,1
Q27625098,1
Q18845,1
Q49007,1
Q162206,1
Q366511,1
Q2297747,1
Q13563379,1
Q23015928,1
Q926186,1
Q635784,1
Q3653745,1
Q1499602,1
Q813817,1
Q30113252,1
Q7429954,1
Q1163564,1
Q2861432,1
Q30149202,1
Q30158588,1
Q30158616,1
Q30158724,1
Q12956616,1
Q1455871,1
Q1888893,1
Q23680,1
Q19485005,1
Q238533,1
Q290562,1
Q30332844,1
Q30332924,1
Q30333018,1
Q1449340,1
Q494291,1
Q1368453,1
Q15623409,1
Q777856,1
Q30349364,1
Q30349468,1
Q376895,1
Q30503930,1
Q3895814,1
Q30556990,1
Q3728380,1
Q30577837,1
Q30584268,1
Q44448,1
Q10611118,1
Q10564517,1
Q1250640,1
Q30967435,1
Q28721573,1
Q654077,1
Q19101121,1
Q31096001,1
Q20960122,1
Q291338,1
Q291359,1
Q27664300,1
Q31271010,1
Q31271315,1
Q31271605,1
Q31272638,1
Q31276622,1
Q2955114,1
Q2136103,1
Q806243,1
Q5787189,1
Q7187943,1
Q3427914,1
Q2921001,1
Q281801,1
Q4314963,1
Q18814183,1
Q172736,1
Q33011361,1
Q3046670,1
Q4294369,1
Q2742119,1
Q30632227,1
Q33081164,1
Q121610,1
Q33082393,1
Q2789431,1
Q12056827,1
Q23058567,1
Q16948701,1
Q506787,1
Q7078895,1
Q1302028,1
Q221693,1
Q1720878,1
Q18422916,1
Q34143730,1
Q33673393,1
Q34010875,1
Q2717889,1
Q3831789,1
Q1501028,1
Q541892,1
Q34574760,1
Q1169854,1
Q12029000,1
Q18033462,1
Q11588362,1
Q5198626,1
Q28937368,1
Q3504147,1
Q35630981,1
Q34209724,1
Q25413983,1
Q134205,1
Q31860592,1
Q7564979,1
Q15323482,1
Q329439,1
Q3866984,1
Q21815932,1
Q661729,1
Q3646267,1
Q741867,1
Q1418132,1
Q185145,1
Q546776,1
Q1322187,1
Q100023,1
Q20683492,1
Q5007997,1
Q3976641,1
Q3297051,1
Q152402,1
Q756202,1
Q15766,1
Q678552,1
Q15811108,1
Q22658,1
Q8084905,1
Q238323,1
Q11448,1
Q163522,1
Q512187,1
Q28874617,1
Q4045992,1
Q1074539,1
Q15836186,1
Q2217217,1
Q842412,1
Q29575543,1
Q193714,1
Q11482290,1
Q1478438,1
Q3331334,1
Q1188648,1
Q23036198,1
Q2067166,1
Q3343100,1
Q15221304,1
Q1660312,1
Q1378945,1
Q1518049,1
Q18602460,1
Q3863649,1
Q1571801,1
Q4303261,1
Q842397,1
Q3113008,1
Q621608,1
Q728709,1
Q2298723,1
Q5151604,1
Q2068748,1
Q1091176,1
Q1432253,1
Q6982012,1
Q223936,1
Q14941041,1
Q1318558,1
Q927083,1
Q131621,1
Q13726942,1
Q59078,1
Q2300333,1
Q407258,1
Q2860026,1
Q6807178,1
Q786886,1
Q19753331,1
Q1123840,1
Q16547829,1
Q21662746,1
Q1755897,1
Q3321721,1
Q1041116,1
Q16199921,1
Q15834677,1
Q464020,1
Q1409399,1
Q1570662,1
Q25388213,1
Q2289354,1
Q1778142,1
Q1384471,1
Q6867670,1
Q1807598,1
Q24073594,1
Q4366377,1
Q778999,1
Q1190910,1
Q16546985,1
Q1207371,1
Q1930620,1
Q23400204,1
Q1191953,1
Q2992903,1
Q1875610,1
Q812290,1
Q2325086,1
Q3633540,1
Q827792,1
Q1660010,1
Q5419661,1
Q13397678,1
Q206175,1
Q19110,1
Q825,1
Q2934676,1
Q15401756,1
Q388791,1
Q912153,1
Q7001229,1
Q15854861,1
Q967140,1
Q20683316,1
Q36368,1
Q3742351,1
Q1680012,1
Q1346408,1
Q4115113,1
Q34812,1
Q42740,1
Q1371996,1
Q215210,1
Q7354800,1
Q1940287,1
Q7272,1
Q32906982,1
Q53844,1
Q29558845,1
Q484318,1
Q898757,1
Q15715391,1
Q3083164,1
Q2144962,1
Q901718,1
Q3284322,1
Q164278,1
Q25374232,1
Q1494322,1
Q1355821,1
Q41386,1
Q41349,1
Q18198888,1
Q1412207,1
Q107391,1
Q4300427,1
Q12538706,1
Q1751345,1
Q6377001,1
Q506259,1
Q8059283,1
Q1192525,1
Q10607082,1
Q1062839,1
Q2868657,1
Q1067099,1
Q12345701,1
Q3976655,1
Q7225129,1
Q5851422,1
Q2998229,1
Q662860,1
Q283987,1
Q4808085,1
Q19414075,1
Q1689215,1
Q11799108,1
Q428971,1
Q3532085,1
Q1752560,1
Q1670614,1
Q1825483,1
Q3606850,1
Q10327255,1
Q21443692,1
Q728661,1
Q60124,1
Q424459,1
Q12496806,1
Q1317637,1
Q281132,1
Q16246084,1
Q1656696,1
Q721623,1
Q417877,1
Q277188,1
Q1805035,1
Q1987070,1
Q3575238,1
Q3873979,1
Q1064516,1
Q306093,1
Q856846,1
Q1166540,1
Q3757641,1
Q2301073,1
Q1474220,1
Q20011823,1
Q2393529,1
Q275488,1
Q34581,1
Q2352818,1
Q833941,1
Q7113866,1
Q3737914,1
Q18335,1
Q578015,1
Q1475628,1
Q834007,1
Q6190072,1
Q21580021,1
Q1770849,1
Q358827,1
Q4441564,1
Q1061837,1
Q23442766,1
Q4025906,1
Q28742595,1
Q14946195,1
Q543287,1
Q457931,1
Q1062022,1
Q1295751,1
Q231043,1
Q5216114,1
Q32904683,1
Q221588,1
Q408395,1
Q216918,1
Q26707675,1
Q411835,1
Q27116670,1
Q473562,1
Q242140,1
Q419893,1
Q28962,1
Q1131293,1
Q26931405,1
Q211422,1
Q18776999,1
Q786212,1
Q1501648,1
Q499143,1
Q208189,1
Q8056889,1
Q729271,1
Q17067486,1
Q6881760,1
Q818574,1
Q30232,1
Q223658,1
Q467942,1
Q4788547,1
Q1391128,1
Q1531970,1
Q870889,1
Q1740919,1
Q184711,1
Q61424,1
Q6517447,1
Q2327385,1
Q2192649,1
Q122224,1
Q1057381,1
Q3710475,1
Q5354847,1
Q860748,1
Q182995,1
Q4650799,1
Q196668,1
Q11923968,1
Q1936706,1
Q170765,1
Q1993182,1
Q1122452,1
Q922672,1
Q1247623,1
Q210521,1
Q10752596,1
Q832165,1
Q3967944,1
Q18628998,1
Q1663833,1
Q1490845,1
Q1269,1
Q642405,1
Q2324797,1
Q2115739,1
Q151957,1
Q1229776,1
Q1413038,1
Q1116374,1
Q14405809,1
Q612090,1
Q259080,1
Q1621783,1
Q1321355,1
Q1584378,1
Q1824509,1
Q2376629,1
Q1970932,1
Q833766,1
Q176623,1
Q1628520,1
Q18616720,1
Q898242,1
Q15841019,1
Q16144339,1
Q5367359,1
Q21752591,1
Q359414,1
Q212809,1
Q2072529,1
Q147267,1
Q1321523,1
Q1343316,1
Q1021048,1
Q2108855,1
Q1087985,1
Q6060498,1
Q8141984,1
Q170305,1
Q524778,1
Q1711276,1
Q1038158,1
Q966937,1
Q946042,1
Q669013,1
Q6784016,1
Q1499065,1
Q1574137,1
Q1271762,1
Q1666095,1
Q11642516,1
Q324663,1
Q19329549,1
Q51645,1
Q10571983,1
Q1329260,1
Q133076,1
Q177105,1
Q16148626,1
Q185458,1
Q29584322,1
Q10405657,1
Q17417457,1
Q23497981,1
Q1241487,1
Q21088529,1
Q613439,1
Q597452,1
Q1231614,1
Q2257242,1
Q934951,1
Q2909677,1
Q1921438,1
Q390573,1
Q14645,1
Q905621,1
Q7574964,1
Q781953,1
Q811091,1
Q20820077,1
Q913234,1
Q1301485,1
Q48444,1
Q1356156,1
Q821170,1
Q822885,1
Q15630508,1
Q1462591,1
Q2314257,1
Q5422269,1
Q1957816,1
Q12487785,1
Q202722,1
Q1378113,1
Q1208927,1
Q16755104,1
Q230658,1
Q849203,1
Q270163,1
Q670036,1
Q1359217,1
Q5193152,1
Q691365,1
Q16242623,1
Q16117000,1
Q7285116,1
Q336889,1
Q17122462,1
Q185935,1
Q4379763,1
Q27825807,1
Q26965573,1
Q867703,1
Q6163881,1
Q781204,1
Q2904734,1
Q2269077,1
Q29645725,1
Q2335090,1
Q548492,1
Q1957758,1
Q1148018,1
Q623282,1
Q1051265,1
Q356326,1
Q1972451,1
Q1048366,1
Q105880,1
Q6534943,1
Q23755128,1
Q2637365,1
Q1380,1
Q14859627,1
Q20986117,1
Q1183157,1
Q2363637,1
Q176088,1
Q908833,1
Q16861595,1
Q398639,1
Q2554675,1
Q446087,1
Q685884,1
Q496,1
Q1071902,1
Q7364,1
Q255232,1
Q18517815,1
Q1309317,1
Q383028,1
Q935780,1
Q2140646,1
Q1093720,1
Q6002947,1
Q2245561,1
Q424525,1
Q12622609,1
Q10332881,1
Q3609725,1
Q6609799,1
Q988198,1
Q7209568,1
Q1064063,1
Q1001055,1
Q1662118,1
Q939253,1
Q16023956,1
Q17354280,1
Q1385171,1
Q1454904,1
Q1325804,1
Q1260402,1
Q15844226,1
Q9328551,1
Q1091245,1
Q1662887,1
Q1321876,1
Q2365598,1
Q15361145,1
Q800202,1
Q2422754,1
Q16825389,1
Q1256418,1
Q876812,1
Q841236,1
Q2373060,1
Q15055419,1
Q213936,1
Q7643449,1
Q2348860,1
Q4080565,1
Q1193004,1
Q6887219,1
Q1058733,1
Q1618549,1
Q684172,1
Q3684774,1
Q188209,1
Q3966183,1
Q13158736,1
Q20310889,1
Q1340590,1
Q1190985,1
Q33082341,1
Q676683,1
Q81938,1
Q132539,1
Q1143267,1
Q3346843,1
Q626608,1
Q1092852,1
Q28465768,1
Q526371,1
Q2276802,1
Q250233,1
Q2370000,1
Q613540,1
Q3712615,1
Q14864881,1
Q1499033,1
Q1938861,1
Q949532,1
Q322229,1
Q805781,1
Q1064041,1
Q273655,1
Q192202,1
Q7051391,1
Q4781568,1
Q1901028,1
Q654810,1
Q1392677,1
Q17510864,1
Q6018565,1
Q1901186,1
Q33612712,1
Q746515,1
Q2713600,1
Q2182492,1
Q3395086,1
Q1455645,1
Q127216,1
Q1687772,1
Q141090,1
Q581754,1
Q1346540,1
Q29881657,1
Q2111921,1
Q1299526,1
Q325509,1
Q2273674,1
Q105,1
Q69798,1
Q15561775,1
Q2734801,1
Q26851866,1
Q1202076,1
Q1069604,1
Q320607,1
Q1955998,1
Q904997,1
Q514009,1
Q2346448,1
Q16209265,1
Q502319,1
Q474628,1
Q2982751,1
Q1973416,1
Q2091563,1
Q3744867,1
Q3314452,1
Q1827102,1
Q162314,1
Q2996078,1
Q839079,1
Q2915573,1
Q176161,1
Q3084700,1
Q1073647,1
Q991812,1
Q7138670,1
Q1306185,1
Q951781,1
Q2463098,1
Q2138319,1
Q5473816,1
Q337907,1
Q211050,1
Q19851911,1
Q6635770,1
Q15411479,1
Q124441,1
Q6483826,1
Q1203807,1
Q987575,1
Q1756677,1
Q163775,1
Q1365083,1
Q1064669,1
Q5135690,1
Q1140610,1
Q175937,1
Q79798,1
Q59123,1
Q1503967,1
Q15894691,1
Q19856470,1
Q17124174,1
Q1419362,1
Q303069,1
Q902296,1
Q459426,1
Q1941645,1
Q6452087,1
Q7194062,1
Q1229254,1
Q46744,1
Q178354,1
Q7434446,1
Q1643710,1
Q21450328,1
Q6273915,1
Q227691,1
Q216817,1
Q17490197,1
Q27068179,1
Q264554,1
Q824588,1
Q1794497,1
Q162267,1
Q1734578,1
Q1551207,1
Q1552832,1
Q227552,1
Q1700962,1
Q2136127,1
Q13209138,1
Q2357256,1
Q1588072,1
Q1472016,1
Q2706000,1
Q1497400,1
Q1404055,1
Q7566,1
Q366139,1
Q33114024,1
Q1337239,1
Q624824,1
Q350151,1
Q1172477,1
Q8170843,1
Q280336,1
Q55541,1
Q876650,1
Q2130044,1
Q4530416,1
Q843920,1
Q1136117,1
Q5608878,1
Q2755114,1
Q3058406,1
Q179687,1
Q2472302,1
Q2049275,1
Q2348994,1
Q459381,1
Q420122,1
Q7584266,1
Q15027185,1
Q19625,1
Q1569795,1
Q475736,1
Q1243533,1
Q4491070,1
Q2154041,1
Q321331,1
Q1206972,1
Q2256530,1
Q2002507,1
Q1791401,1
Q2111092,1
Q1234377,1
Q1135882,1
Q136980,1
Q735602,1
Q72588,1
Q12311900,1
Q22677515,1
Q616,1
Q21283505,1
Q382647,1
Q751913,1
Q24534551,1
Q763745,1
Q691269,1
Q7846175,1
Q1641566,1
Q210813,1
Q2112160,1
Q835618,1
Q1232160,1
Q130690,1
Q15032,1
Q1427940,1
Q2557450,1
Q1758324,1
Q615678,1
Q1863905,1
Q19623198,1
Q1391434,1
Q614467,1
Q16422,1
Q147426,1
Q14121147,1
Q3258704,1
Q1690980,1
Q3537204,1
Q178131,1
Q1567963,1
Q4049610,1
Q15296531,1
Q483666,1
Q165632,1
Q1934489,1
Q157943,1
Q1400986,1
Q493703,1
Q5470042,1
Q819961,1
Q327358,1
Q1639941,1
Q5710427,1
Q1791100,1
Q14916676,1
Q15840335,1
Q12204523,1
Q2515941,1
Q1485591,1
Q500256,1
Q1494578,1
Q2190684,1
Q843713,1
Q580750,1
Q1145925,1
Q2650992,1
Q620544,1
Q1970061,1
Q27972228,1
Q31854313,1
Q2127335,1
Q28920808,1
Q1496718,1
Q1154882,1
Q312373,1
Q2743596,1
Q165436,1
Q3064040,1
Q1140158,1
Q904197,1
Q26945082,1
Q26944985,1
Q314354,1
Q4823688,1
Q2003810,1
Q1307582,1
Q1623580,1
Q123637,1
Q10698262,1
Q822407,1
Q179010,1
Q144492,1
Q10567262,1
Q19413,1
Q204947,1
Q1805420,1
Q14523806,1
Q886518,1
Q380319,1
Q1439636,1
Q4581845,1
Q1062083,1
Q2195165,1
Q811126,1
Q81025,1
Q2652357,1
Q1054650,1
Q27055825,1
Q455374,1
Q1965866,1
Q3982938,1
Q464543,1
Q1146962,1
Q10497057,1
Q19347977,1
Q1730207,1
Q1067869,1
Q5065170,1
Q959361,1
Q1824170,1
Q868743,1
Q29108800,1
Q29841320,1
Q1849288,1
Q782623,1
Q8402,1
Q7864937,1
Q14507705,1
Q5051306,1
Q11423883,1
Q7498204,1
Q2401504,1
Q5720,1
Q2029226,1
Q628428,1
Q75687,1
Q14564445,1
Q18584129,1
Q204886,1
Q355217,1
Q1493772,1
Q1165767,1
Q2044658,1
Q672761,1
Q5473524,1
Q2213785,1
Q1401131,1
Q1409124,1
Q2713438,1
Q112162,1
Q29617600,1
Q189888,1
Q1310019,1
Q2035304,1
Q26221546,1
Q3539920,1
Q1751831,1
Q2178625,1
Q14521088,1
Q130403,1
Q7844520,1
Q11331347,1
Q2324919,1
Q3522256,1
Q6388,1
Q1585340,1
Q1157068,1
Q26229050,1
Q6845095,1
Q1267017,1
Q1050739,1
Q2899948,1
Q2393433,1
Q2510698,1
Q7100794,1
Q7995869,1
Q5255897,1
Q7256338,1
Q1272711,1
Q260521,1
Q2503234,1
Q53815,1
Q6495,1
Q2287182,1
Q1245731,1
Q29649311,1
Q275665,1
Q11704530,1
Q778586,1
Q11262414,1
Q28661041,1
Q243961,1
Q1136999,1
Q3242583,1
Q1457245,1
Q7596829,1
Q29649070,1
Q17011199,1
Q628447,1
Q5560014,1
Q2716608,1
Q30307611,1
Q81697,1
Q2714926,1
Q7877997,1
Q2443965,1
Q842424,1
Q2006622,1
Q2446550,1
Q1712663,1
Q29787068,1
Q682355,1
Q2621880,1
Q2999638,1
Q17279557,1
Q29562588,1
Q1421549,1
Q1759104,1
Q6238114,1
Q218756,1
Q2515802,1
Q1123417,1
Q830894,1
Q1065444,1
Q1800935,1
Q706636,1
Q1485661,1
Q3044836,1
Q7941026,1
Q9281456,1
Q424210,1
Q2233012,1
Q140703,1
Q88629,1
Q2265397,1
Q1741788,1
Q208129,1
Q838239,1
Q1109328,1
Q823196,1
Q3172900,1
Q7139384,1
Q2111078,1
Q1529913,1
Q3247173,1
Q7101933,1
Q3516404,1
Q411097,1
Q2251058,1
Q1493934,1
Q785057,1
Q185727,1
Q1069641,1
Q1886706,1
Q2443538,1
Q163468,1
Q83310,1
Q429896,1
Q672386,1
Q213454,1
Q1251449,1
Q944896,1
Q41984,1
Q369760,1
Q186263,1
Q7076132,1
Q2223519,1
Q465570,1
Q14499958,1
Q1471412,1
Q146878,1
Q51606,1
Q2889084,1
Q21086845,1
Q319226,1
Q148958,1
Q7698769,1
Q1752412,1
Q636088,1
Q8412257,1
Q17325653,1
Q5228207,1
Q678415,1
Q242492,1
Q16854297,1
Q2818079,1
Q692823,1
Q1455934,1
Q2063937,1
Q11288436,1
Q911932,1
Q1554036,1
Q484195,1
Q8462,1
Q2057158,1
Q333357,1
Q5266741,1
Q1893186,1
Q16329119,1
Q18115810,1
Q1755130,1
Q5163366,1
Q7300165,1
Q11972998,1
Q1046626,1
Q988343,1
Q390259,1
Q1465703,1
Q18298271,1
Q2927543,1
Q14791028,1
Q3277323,1
Q1828667,1
Q7353426,1
Q2291986,1
Q2408830,1
Q680316,1
Q1628501,1
Q707492,1
Q2860306,1
Q3074954,1
Q2979655,1
Q3229532,1
Q52943,1
Q2451922,1
Q15041810,1
Q13222050,1
Q186222,1
Q1225660,1
Q183905,1
Q816441,1
Q200303,1
Q10497016,1
Q2905062,1
Q1423268,1
Q1377994,1
Q20021371,1
Q773847,1
Q1515853,1
Q222174,1
Q27104473,1
Q1173515,1
Q50695,1
Q3075898,1
Q622896,1
Q184224,1
Q181865,1
Q789324,1
Q14712,1
Q242963,1
Q12486,1
Q196092,1
Q1770467,1
Q3454625,1
Q2316164,1
Q18663765,1
Q272002,1
Q2071162,1
Q4494320,1
Q3033766,1
Q1653376,1
Q10379677,1
Q3363974,1
Q885499,1
Q222926,1
Q3521824,1
Q1278294,1
Q1978365,1
Q8379,1
Q629870,1
Q2824639,1
Q1137429,1
Q2264649,1
Q1353555,1
Q2824644,1
Q178024,1
Q2275045,1
Q27921656,1
Q12410071,1
Q3030771,1
Q3027652,1
Q2410764,1
Q1788780,1
Q1754533,1
Q3540243,1
Q477207,1
Q609343,1
Q2912966,1
Q3982809,1
Q3399800,1
Q275136,1
Q21572113,1
Q1333989,1
Q133314,1
Q2995427,1
Q897737,1
Q3575768,1
Q1063287,1
Q25100265,1
Q9289849,1
Q90786,1
Q2511333,1
Q672502,1
Q7972831,1
Q3429794,1
Q3411001,1
Q30089777,1
Q1974601,1
Q10677800,1
Q557521,1
Q248035,1
Q929148,1
Q3141900,1
Q358275,1
Q858576,1
Q915023,1
Q2945559,1
Q3534943,1
Q21500480,1
Q2961832,1
Q2819123,1
Q1154971,1
Q3152124,1
Q3124714,1
Q16930160,1
Q7016,1
Q18760680,1
Q20162172,1
Q1056289,1
Q3578525,1
Q19956849,1
Q3488270,1
Q7888561,1
Q3008375,1
Q16798079,1
Q227863,1
Q1442756,1
Q3603490,1
Q37159,1
Q1267849,1
Q769431,1
Q102626,1
Q2561317,1
Q911608,1
Q1407231,1
Q1200462,1
Q558656,1
Q17303212,1
Q19913,1
Q1322369,1
Q5266905,1
Q166019,1
Q7075540,1
Q12004,1
Q4265757,1
Q2438541,1
Q1507792,1
Q1143194,1
Q167810,1
Q890882,1
Q27159101,1
Q3108914,1
Q299263,1
Q3877594,1
Q3802884,1
Q128751,1
Q23766565,1
Q4843068,1
Q1050426,1
Q3867138,1
Q352904,1
Q3354588,1
Q689985,1
Q3881825,1
Q769417,1
Q647160,1
Q18229122,1
Q25308,1
Q2537404,1
Q3927259,1
Q30027075,1
Q4087898,1
Q15629587,1
Q184753,1
Q521933,1
Q2329,1
Q131677,1
Q597169,1
Q42537,1
Q255481,1
Q7707,1
Q1072763,1
Q213853,1
Q3353917,1
Q785389,1
Q4492115,1
Q4512183,1
Q1078222,1
Q251395,1
Q4110845,1
Q1065594,1
Q4526663,1
Q2463207,1
Q17083583,1
Q4366057,1
Q1755420,1
Q2565398,1
Q12311228,1
Q5353026,1
Q1455872,1
Q192060,1
Q1487455,1
Q4048867,1
Q6562242,1
Q46825,1
Q840829,1
Q3057802,1
Q4070284,1
Q105269,1
Q922610,1
Q350783,1
Q354757,1
Q208485,1
Q1107641,1
Q843555,1
Q4198311,1
Q3920047,1
Q80686,1
Q15957030,1
Q4376373,1
Q22672466,1
Q4064547,1
Q653922,1
Q27295972,1
Q4375517,1
Q11238770,1
Q130135,1
Q1146492,1
Q859553,1
Q4531006,1
Q25386796,1
Q477862,1
Q789774,1
Q17095958,1
Q2994472,1
Q1190797,1
Q4314550,1
Q27518287,1
Q329981,1
Q232962,1
Q4467846,1
Q3734253,1
Q11894227,1
Q7432476,1
Q4165912,1
Q667478,1
Q23055202,1
Q1112897,1
Q3515335,1
Q586834,1
Q331828,1
Q3622126,1
Q328616,1
Q286203,1
Q1099034,1
Q1427900,1
Q903081,1
Q3454786,1
Q11135,1
Q6497985,1
Q7225120,1
Q136208,1
Q46525,1
Q164822,1
Q5579550,1
Q189994,1
Q230061,1
Q2315901,1
Q24016157,1
Q423367,1
Q4617515,1
Q900642,1
Q2792041,1
Q325597,1
Q1284388,1
Q7011673,1
Q12063892,1
Q7011705,1
Q4697841,1
Q3933952,1
Q2458742,1
Q840585,1
Q2711718,1
Q18018609,1
Q41760,1
Q7628801,1
Q5157007,1
Q19829681,1
Q1513688,1
Q1757543,1
Q1931693,1
Q4801243,1
Q861699,1
Q4737118,1
Q1180029,1
Q1365679,1
Q860372,1
Q3814239,1
Q230059,1
Q6596424,1
Q1455082,1
Q1039325,1
Q5058977,1
Q2314176,1
Q797536,1
Q670925,1
Q2047589,1
Q4634215,1
Q339709,1
Q810708,1
Q798661,1
Q186083,1
Q22991,1
Q750080,1
Q11313106,1
Q37001057,1
Q7991845,1
Q211028,1
Q14873025,1
Q202241,1
Q5282305,1
Q172226,1
Q4922261,1
Q1779479,1
Q207522,1
Q8031135,1
Q847747,1
Q7238039,1
Q193227,1
Q6150593,1
Q6821341,1
Q2137739,1
Q490236,1
Q7243198,1
Q7302863,1
Q127123,1
Q18519941,1
Q2338391,1
Q15051070,1
Q2006125,1
Q673899,1
Q5154944,1
Q1515099,1
Q25522,1
Q42563,1
Q2651576,1
Q8038600,1
Q194177,1
Q3579010,1
Q1104354,1
Q1057082,1
Q1409242,1
Q495225,1
Q654824,1
Q6889745,1
Q1259123,1
Q3318059,1
Q1814211,1
Q7603668,1
Q346589,1
Q3077457,1
Q1820300,1
Q7374635,1
Q12019552,1
Q5555474,1
Q15589476,1
Q12017,1
Q14556915,1
Q7271585,1
Q193345,1
Q1925663,1
Q38783,1
Q861651,1
Q4733626,1
Q2306627,1
Q170907,1
Q7387,1
Q7150,1
Q36804458,1
Q1321919,1
Q1384605,1
Q1331892,1
Q1461663,1
Q3315113,1
Q428632,1
Q6815139,1
Q752295,1
Q4796731,1
Q12758989,1
Q7048982,1
Q5442871,1
Q37071,1
Q1025017,1
Q3322731,1
Q17118229,1
Q22808963,1
Q58678,1
Q794159,1
Q337084,1
Q4796867,1
Q28920209,1
Q4386779,1
Q47051,1
Q10871684,1
Q5514950,1
Q5514972,1
Q5515001,1
Q50637,1
Q1088701,1
Q7930476,1
Q5672086,1
Q5782827,1
Q846785,1
Q6666838,1
Q24041602,1
Q4676677,1
Q7513684,1
Q2835766,1
Q3392302,1
Q327321,1
Q1640859,1
Q40152,1
Q46383,1
Q5195228,1
Q747339,1
Q5834296,1
Q718459,1
Q151480,1
Q484583,1
Q1077079,1
Q20646176,1
Q759117,1
Q191469,1
Q109411,1
Q5667263,1
Q273899,1
Q43380,1
Q6345052,1
Q1756711,1
Q7312184,1
Q320599,1
Q26945139,1
Q7782435,1
Q6785141,1
Q17155808,1
Q202251,1
Q27994918,1
Q421719,1
Q6038914,1
Q2041453,1
Q356674,1
Q18042942,1
Q18149865,1
Q7096692,1
Q12376592,1
Q7346631,1
Q3512821,1
Q376431,1
Q6089666,1
Q5603499,1
Q6483831,1
Q7573256,1
Q829909,1
Q5175548,1
Q186170,1
Q1156766,1
Q6156189,1
Q6087606,1
Q58076,1
Q1250916,1
Q406157,1
Q1355413,1
Q7202200,1
Q133396,1
Q15763884,1
Q22713629,1
Q7257915,1
Q1509724,1
Q19693318,1
Q1778834,1
Q24887393,1
Q4272823,1
Q3257746,1
Q7574057,1
Q624050,1
Q11962746,1
Q798367,1
Q4705360,1
Q1575416,1
Q742487,1
Q2920147,1
Q7348554,1
Q7834099,1
Q4670289,1
Q2891013,1
Q5618545,1
Q9603,1
Q35277,1
Q12404888,1
Q7978710,1
Q1337731,1
Q11345724,1
Q7309207,1
Q22075869,1
Q5578946,1
Q21970361,1
Q7242372,1
Q185385,1
Q22141554,1
Q208060,1
Q60602,1
Q965814,1
Q27914042,1
Q5141553,1
Q1209180,1
Q16154661,1
Q3487099,1
Q4299494,1
Q188112,1
Q618678,1
Q203087,1
Q631962,1
Q157561,1
Q12410073,1
Q1692115,1
Q17025987,1
Q5762400,1
Q242712,1
Q995600,1
Q910817,1
Q3077373,1
Q1639083,1
Q715935,1
Q394067,1
Q8798677,1
Q172861,1
Q26944978,1
Q26944973,1
Q188597,1
Q38063,1
Q15104297,1
Q7095588,1
Q1149305,1
Q20857085,1
Q16936588,1
Q172778,1
Q7120476,1
Q3523909,1
Q5533772,1
Q13427130,1
Q7127237,1
Q5535060,1
Q397261,1
Q234523,1
Q6899301,1
Q154411,1
Q6981769,1
Q1492889,1
Q3386847,1
Q840376,1
Q1163279,1
Q153071,1
Q7603973,1
Q7603976,1
Q703534,1
Q1813455,1
Q423044,1
Q19000421,1
Q1054011,1
Q2585625,1
Q199687,1
Q34402,1
Q5010261,1
Q204294,1
Q4747329,1
Q1001507,1
Q38571,1
Q229213,1
Q102192,1
Q938216,1
Q672560,1
Q1423152,1
Q7372071,1
Q336751,1
Q2182453,1
Q4682221,1
Q6460084,1
Q122100,1
Q1887138,1
Q17450153,1
Q226264,1
Q3301944,1
Q49542,1
Q14440634,1
Q1497335,1
Q667552,1
Q145016,1
Q4876603,1
Q14659607,1
Q834412,1
Q4801212,1
Q10614739,1
Q23595,1
Q19363857,1
Q1423310,1
Q26763385,1
Q858459,1
Q181417,1
Q2390570,1
Q6972919,1
Q53113,1
Q2786200,1
Q1067529,1
Q1653619,1
Q940380,1
Q6942552,1
Q7628401,1
Q17379569,1
Q4121856,1
Q2985386,1
Q1644354,1
Q2542583,1
Q3394138,1
Q7209603,1
Q28873665,1
Q961216,1
Q629579,1
Q7832341,1
Q4290719,1
Q4210024,1
Q7918428,1
Q1022638,1
Q30061428,1
Q30249612,1
Q180687,1
Q9385064,1
Q1306994,1
Q6516740,1
Q39220,1
Q17092674,1
Q610237,1
Q2135807,1
Q17019597,1
Q585189,1
Q17240258,1
Q6823262,1
Q4668385,1
Q1229600,1
Q6988179,1
Q7309586,1
Q26844,1
Q2534400,1
Q21093532,1
Q1092846,1
Q124147,1
Q708391,1
Q30859625,1
Q182053,1
Q191551,1
Q6196859,1
Q967352,1
Q5521186,1
Q591259,1
Q1653408,1
Q9047141,1
Q27907806,1
Q18229458,1
Q331353,1
Q158797,1
Q931092,1
Q7251423,1
Q324963,1
Q683857,1
Q4150150,1
Q681092,1
Q9388515,1
Q828047,1
Q9381142,1
Q772801,1
Q133833,1
Q2236563,1
Q16144088,1
Q33499497,1
Q15456933,1
Q9615962,1
Q15813155,1
Q281066,1
Q23700958,1
Q870344,1
Q486680,1
Q1049021,1
Q619985,1
Q10501952,1
Q856548,1
Q189265,1
Q1210008,1
Q10464181,1
Q10585845,1
Q10501606,1
Q174698,1
Q10511455,1
Q10590721,1
Q10546617,1
Q5104305,1
Q914262,1
Q856853,1
Q8450,1
Q11867145,1
Q2466520,1
Q10616716,1
Q28164039,1
Q21781570,1
Q2124769,1
Q869621,1
Q10677234,1
Q2004990,1
Q10478639,1
Q7223085,1
Q3699759,1
Q1122645,1
Q1645720,1
Q193170,1
Q135618,1
Q1026675,1
Q3020617,1
Q32825837,1
Q395994,1
Q205559,1
Q10743690,1
Q24688373,1
Q4479242,1
Q2604805,1
Q694563,1
Q350929,1
Q388591,1
Q6895044,1
Q7257998,1
Q1261145,1
Q184806,1
Q814158,1
Q10920105,1
Q2986369,1
Q25086060,1
Q593800,1
Q2287198,1
Q797971,1
Q1160650,1
Q11275354,1
Q12015335,1
Q19939783,1
Q25394908,1
Q3250324,1
Q743263,1
Q2774769,1
Q11267294,1
Q338450,1
Q3981205,1
Q11459155,1
Q11268718,1
Q18121990,1
Q144281,1
Q11404432,1
Q14976,1
Q5501387,1
Q7243147,1
Q11396226,1
Q10496911,1
Q11564196,1
Q11499228,1
Q1335445,1
Q1347889,1
Q16003513,1
Q11588252,1
Q177378,1
Q1204080,1
Q8287839,1
Q1637174,1
Q7858349,1
Q11821529,1
Q11714785,1
Q1458069,1
Q11796946,1
Q11827636,1
Q11815270,1
Q7577457,1
Q28784073,1
Q130933,1
Q282411,1
Q1534976,1
Q654150,1
Q11885129,1
Q5450814,1
Q10572388,1
Q11864758,1
Q21086734,1
Q20105329,1
Q11913525,1
Q859417,1
Q17319161,1
Q6419444,1
Q11933503,1
Q3425364,1
Q11246746,1
Q11933231,1
Q2062770,1
Q11964799,1
Q11969019,1
Q1725370,1
Q1760671,1
Q25424309,1
Q12004469,1
Q1360677,1
Q392302,1
Q11970279,1
Q14888394,1
Q2252192,1
Q11731194,1
Q1363666,1
Q3655520,1
Q149471,1
Q12039372,1
Q20057863,1
Q42292,1
Q6459290,1
Q12082827,1
Q1206606,1
Q6560934,1
Q21492290,1
Q13418253,1
Q2042011,1
Q10586368,1
Q12313008,1
Q12324777,1
Q7545736,1
Q572545,1
Q23806077,1
Q12329921,1
Q3999,1
Q224169,1
Q1509910,1
Q2068324,1
Q13148833,1
Q182442,1
Q17063033,1
Q4003311,1
Q6979671,1
Q99775,1
Q19849063,1
Q25036733,1
Q6864113,1
Q2398560,1
Q12881921,1
Q3462602,1
Q524572,1
Q151860,1
Q2141538,1
Q865714,1
Q3115556,1
Q48378,1
Q917912,1
Q83180,1
Q1369301,1
Q23198212,1
Q10730962,1
Q539051,1
Q2348572,1
Q14297310,1
Q21482962,1
Q2320678,1
Q571589,1
Q3405889,1
Q3278464,1
Q4454733,1
Q1244459,1
Q5226964,1
Q2455145,1
Q1513515,1
Q1587682,1
Q7096050,1
Q5271619,1
Q896777,1
Q1365447,1
Q10270843,1
Q7351621,1
Q10337670,1
Q23891373,1
Q4348623,1
Q14058735,1
Q14509491,1
Q28526565,1
Q655843,1
Q4014585,1
Q1067440,1
Q15003,1
Q483610,1
Q213942,1
Q549876,1
Q1432487,1
Q730493,1
Q4764963,1
Q1759281,1
Q33189143,1
Q7808939,1
Q867269,1
Q33092816,1
Q29855283,1
Q6098729,1
Q1401495,1
Q1120645,1
Q2750074,1
Q5531812,1
Q1371789,1
Q14948983,1
Q883504,1
Q1109804,1
Q221181,1
Q1613096,1
Q5283610,1
Q3757441,1
Q4467675,1
Q4866600,1
Q2051519,1
Q1726794,1
Q29650419,1
Q18115578,1
Q585010,1
Q134265,1
Q1404066,1
Q438556,1
Q18109437,1
Q49653,1
Q2898326,1
Q2364111,1
Q1760864,1
Q2396633,1
Q2208394,1
Q7440137,1
Q2993426,1
Q5901113,1
Q20739524,1
Q1175763,1
Q1155630,1
Q27103066,1
Q1617400,1
Q787397,1
Q2404296,1
Q29645425,1
Q16147149,1
Q2514663,1
Q1198538,1
Q4479793,1
Q2808660,1
Q952912,1
Q20743710,1
Q209676,1
Q1197588,1
Q196,1
Q7222258,1
Q2949278,1
Q485132,1
Q18559091,1
Q1975745,1
Q2115314,1
Q10514513,1
Q11694395,1
Q2426689,1
Q2753521,1
Q717122,1
Q219,1
Q10947886,1
Q418,1
Q10905949,1
Q5138350,1
Q1683614,1
Q3063098,1
Q20972910,1
Q20972905,1
Q16976490,1
Q2368637,1
Q13506458,1
Q2564374,1
Q3311950,1
Q1521634,1
Q382113,1
Q3426207,1
Q1131635,1
Q182886,1
Q402687,1
Q13575087,1
Q27981857,1
Q495276,1
Q192608,1
Q12592372,1
Q1828075,1
Q11946202,1
Q694415,1
Q38848,1
Q959495,1
Q13026603,1
Q2608600,1
Q9680477,1
Q7560,1
Q2374515,1
Q109406,1
Q171004,1
Q1813375,1
Q270827,1
Q1345748,1
Q7863,1
Q191079,1
Q3959427,1
Q2308577,1
Q16007097,1
Q7375080,1
Q895914,1
Q5624766,1
Q396287,1
Q16064752,1
Q988907,1
Q7452368,1
Q21078615,1
Q245252,1
Q2985307,1
Q2623678,1
Q746694,1
Q681160,1
Q750900,1
Q18389213,1
Q19199135,1
Q17633149,1
Q7395165,1
Q18407438,1
Q1814697,1
Q500415,1
Q4004659,1
Q1124407,1
Q5155054,1
Q21089310,1
Q15517598,1
Q19509099,1
Q2640138,1
Q2105978,1
Q2955465,1
Q2016020,1
Q1368573,1
Q15816039,1
Q30124446,1
Q26944928,1
Q1442163,1
Q766839,1
Q2872655,1
Q189082,1
Q1754327,1
Q8418,1
Q25675427,1
Q6452193,1
Q16971168,1
Q2823722,1
Q25133809,1
Q27566398,1
Q1292103,1
Q1763948,1
Q932293,1
Q1637005,1
Q11054563,1
Q212024,1
Q7865904,1
Q20101284,1
Q1467637,1
Q28555642,1
Q6418097,1
Q27881073,1
Q7252701,1
Q1723219,1
Q223836,1
Q845566,1
Q10028748,1
Q4932206,1
Q637251,1
Q664495,1
Q5159121,1
Q2473724,1
Q2714314,1
Q714827,1
Q192770,1
Q11291637,1
Q18129441,1
Q18384474,1
Q17325946,1
Q3112583,1
Q17320598,1
Q17311536,1
Q2057881,1
Q17290837,1
Q17302586,1
Q13476277,1
Q485669,1
Q19216895,1
Q1751445,1
Q18965653,1
Q2315928,1
Q2558803,1
Q10526932,1
Q376693,1
Q2535664,1
Q416740,1
Q801716,1
Q789783,1
Q1181347,1
Q11075207,1
Q7865442,1
Q24571879,1
Q16250267,1
Q16152360,1
Q17579687,1
Q942830,1
Q15854792,1
Q2607729,1
Q864217,1
Q2445079,1
Q16948278,1
Q21440713,1
Q17984074,1
Q11995819,1
Q11975449,1
Q298950,1
Q14524467,1
Q192696,1
Q1755697,1
Q21198401,1
Q171401,1
Q10817984,1
Q172491,1
Q1929552,1
Q18733800,1
Q2654886,1
Q3464627,1
Q167312,1
Q4012004,1
Q6024666,1
Q5359625,1
Q2044642,1
Q2936567,1
Q148650,1
Q1266782,1
Q18398823,1
Q25357,1
Q27971991,1
Q3066928,1
Q18559965,1
Q15635432,1
Q18414336,1
Q782015,1
Q11338803,1
Q18418423,1
Q778483,1
Q787674,1
Q836862,1
Q134579,1
Q2810976,1
Q1587876,1
Q15053549,1
Q18619072,1
Q1777448,1
Q19413851,1
Q6444725,1
Q1660363,1
Q4204179,1
Q3345067,1
Q911847,1
Q156669,1
Q3818190,1
Q2107094,1
Q11322155,1
Q1842295,1
Q341830,1
Q2621619,1
Q18922968,1
Q571115,1
Q3298297,1
Q2470349,1
Q334582,1
Q2205760,1
Q19652,1
Q23045803,1
Q998170,1
Q4451540,1
Q1660171,1
Q173287,1
Q759908,1
Q905171,1
Q206208,1
Q1383039,1
Q1281055,1
Q20702,1
Q3391697,1
Q16467788,1
Q29190,1
Q17748215,1
Q240126,1
Q53476,1
Q18647615,1
Q895118,1
Q620865,1
Q3831793,1
Q20629223,1
Q19673396,1
Q4082733,1
Q2164576,1
Q624163,1
Q752297,1
Q241586,1
Q4548693,1
Q6724440,1
Q4462126,1
Q21589788,1
Q18629659,1
Q1128697,1
Q378408,1
Q19804654,1
Q4955845,1
Q27102444,1
Q1572875,1
Q19859887,1
Q421174,1
Q723127,1
Q819865,1
Q2711299,1
Q7131880,1
Q166514,1
Q3746183,1
Q861182,1
Q4451216,1
Q1266260,1
Q1718673,1
Q7205395,1
Q1744295,1
Q16631205,1
Q19952464,1
Q3534966,1
Q4074013,1
Q28070924,1
Q18285652,1
Q2101374,1
Q424681,1
Q20019127,1
Q11424389,1
Q2661898,1
Q19713851,1
Q192881,1
Q9022844,1
Q329455,1
Q11681843,1
Q7930577,1
Q3699271,1
Q278784,1
Q2310380,1
Q20190958,1
Q5711660,1
Q8031194,1
Q1738718,1
Q2470835,1
Q830077,1
Q7187936,1
Q278968,1
Q11681,1
Q4543,1
Q19111988,1
Q1046122,1
Q5883983,1
Q2005611,1
Q1968713,1
Q488313,1
Q188215,1
Q33270324,1
Q542098,1
Q25384196,1
Q154136,1
Q3546153,1
Q1714329,1
Q1143132,1
Q3407300,1
Q19046104,1
Q17166701,1
Q334485,1
Q1806228,1
Q16325418,1
Q20807089,1
Q1345069,1
Q18410229,1
Q7440128,1
Q450099,1
Q1054240,1
Q20819639,1
Q7120487,1
Q2623484,1
Q6459274,1
Q996354,1
Q20873831,1
Q14034086,1
Q4789594,1
Q20888918,1
Q1232942,1
Q785657,1
Q743488,1
Q19559882,1
Q29966258,1
Q10655255,1
Q503100,1
Q367,1
Q24115,1
Q932860,1
Q2442035,1
Q20982295,1
Q7559427,1
Q812152,1
Q192190,1
Q15629262,1
Q723397,1
Q850298,1
Q21055085,1
Q18154376,1
Q188387,1
Q2714042,1
Q3036241,1
Q3484855,1
Q15812016,1
Q29423,1
Q3622002,1
Q848979,1
Q2585756,1
Q21175615,1
Q845636,1
Q11320867,1
Q81,1
Q5089668,1
Q603441,1
Q1684034,1
Q4997897,1
Q442196,1
Q13968659,1
Q803628,1
Q33090228,1
Q756215,1
Q842314,1
Q21363648,1
Q20392027,1
Q21443912,1
Q3055723,1
Q21439670,1
Q3117796,1
Q998398,1
Q1470916,1
Q846089,1
Q9347225,1
Q16525197,1
Q21481067,1
Q21481079,1
Q901847,1
Q310457,1
Q310202,1
Q843104,1
Q652142,1
Q202880,1
Q10545,1
Q2823628,1
Q21375997,1
Q618548,1
Q6155091,1
Q20739311,1
Q21224868,1
Q16952603,1
Q3290992,1
Q165152,1
Q20969040,1
Q1342327,1
Q130999,1
Q159544,1
Q18629983,1
Q3108404,1
Q21079593,1
Q3090403,1
Q142331,1
Q1262432,1
Q615799,1
Q1382301,1
Q21349974,1
Q228145,1
Q5157997,1
Q739200,1
Q2583788,1
Q11968061,1
Q5266166,1
Q3389674,1
Q674338,1
Q3454828,1
Q2681162,1
Q16965421,1
Q17778818,1
Q2647303,1
Q43518,1
Q918036,1
Q20638126,1
Q5365007,1
Q12621131,1
Q17142652,1
Q21167978,1
Q3531143,1
Q959790,1
Q1406318,1
Q7144872,1
Q143623,1
Q60424,1
Q1425141,1
Q30178,1
Q21814496,1
Q5868991,1
Q2113172,1
Q17511776,1
Q18926536,1
Q166776,1
Q163547,1
Q170403,1
Q483868,1
Q483856,1
Q22082757,1
Q3621354,1
Q1091037,1
Q29688620,1
Q2375056,1
Q652289,1
Q27031975,1
Q1962840,1
Q3620601,1
Q4734307,1
Q211841,1
Q862334,1
Q11578153,1
Q22154217,1
Q17315191,1
Q26841334,1
Q1357761,1
Q5354802,1
Q949715,1
Q22328259,1
Q144764,1
Q2276065,1
Q22341340,1
Q2443004,1
Q10395585,1
Q19275977,1
Q2289465,1
Q1051620,1
Q1771238,1
Q6432932,1
Q22680897,1
Q843267,1
Q1178883,1
Q4470542,1
Q3397664,1
Q19801136,1
Q22829012,1
Q3410676,1
Q12179342,1
Q2980405,1
Q15010886,1
Q3399240,1
Q2029618,1
Q2963268,1
Q12197108,1
Q16536477,1
Q756952,1
Q11735065,1
Q22683680,1
Q1816326,1
Q3257871,1
Q2467587,1
Q1136940,1
Q2887441,1
Q5909332,1
Q2979784,1
Q22980916,1
Q22980937,1
Q12156031,1
Q11164419,1
Q10959434,1
Q7246224,1
Q1350230,1
Q731794,1
Q34264,1
Q26260699,1
Q17004294,1
Q17092711,1
Q15588699,1
Q3535045,1
Q7622996,1
Q7288601,1
Q23069708,1
Q903802,1
Q2736507,1
Q20180679,1
Q5156020,1
Q1418257,1
Q142563,1
Q3117895,1
Q7887273,1
Q26198002,1
Q23795293,1
Q15811255,1
Q4499108,1
Q2082403,1
Q11664239,1
Q5185976,1
Q2072298,1
Q20574406,1
Q2941368,1
Q23955632,1
Q24039974,1
Q1348305,1
Q2679943,1
Q19211082,1
Q20743944,1
Q24067746,1
Q130948,1
Q165618,1
Q1587013,1
Q25410537,1
Q24088385,1
Q4836473,1
Q7246302,1
Q5377742,1
Q2221792,1
Q25826840,1
Q4086271,1
Q2054321,1
Q3774608,1
Q650662,1
Q1041205,1
Q481514,1
Q3829739,1
Q20108404,1
Q2101825,1
Q346575,1
Q2026606,1
Q24515688,1
Q24541873,1
Q24574658,1
Q1439639,1
Q24613191,1
Q24614340,1
Q2954799,1
Q24628198,1
Q3319996,1
Q3489679,1
Q21218911,1
Q7990652,1
Q30344536,1
Q24716544,1
Q24716839,1
Q24718413,1
Q864895,1
Q24730503,1
Q24731406,1
Q24731829,1
Q2955183,1
Q24733085,1
Q24733090,1
Q16538040,1
Q1144763,1
Q920344,1
Q624036,1
Q1555833,1
Q185091,1
Q2321665,1
Q3049639,1
Q2273175,1
Q329547,1
Q334415,1
Q11558697,1
Q2688181,1
Q5368739,1
Q7139069,1
Q8908660,1
Q11441839,1
Q12275848,1
Q3885652,1
Q1345388,1
Q409921,1
Q2736067,1
Q1777694,1
Q25396381,1
Q1094528,1
Q25408849,1
Q3813177,1
Q11909100,1
Q10349628,1
Q15944609,1
Q1562096,1
Q847462,1
Q5185,1
Q2964500,1
Q148916,1
Q21440566,1
Q4251085,1
Q25812710,1
Q16000075,1
Q1496988,1
Q1039245,1
Q40158,1
Q3244705,1
Q80083,1
Q2049320,1
Q145599,1
Q17315183,1
Q178052,1
Q376167,1
Q1542389,1
Q15629245,1
Q1429898,1
Q7783471,1
Q11385344,1
Q10544122,1
Q26262157,1
Q15808,1
Q477379,1
Q705899,1
Q3438780,1
Q3306038,1
Q2178629,1
Q736050,1
Q2267621,1
Q3826858,1
Q3540468,1
Q384341,1
Q57743,1
Q132905,1
Q2915361,1
Q980849,1
Q17122930,1
Q15548174,1
Q1105707,1
Q161920,1
Q1693676,1
Q164163,1
Q3501488,1
Q849242,1
Q584683,1
Q1395505,1
Q1644277,1
Q303132,1
Q3081879,1
Q821123,1
Q945810,1
Q29970812,1
Q20749148,1
Q688784,1
Q1097739,1
Q1837738,1
Q26972717,1
Q26972719,1
Q16538092,1
Q26972776,1
Q16538226,1
Q26972872,1
Q26972873,1
Q26972875,1
Q26973043,1
Q26973046,1
Q26976092,1
Q26976129,1
Q1412471,1
Q16538256,1
Q26985335,1
Q181136,1
Q3533323,1
Q11009654,1
Q574922,1
Q27042375,1
Q27043345,1
Q27043925,1
Q27043932,1
Q27043945,1
Q27043960,1
Q21680312,1
Q27048376,1
Q27048393,1
Q27048400,1
Q27048412,1
Q13425175,1
Q25427742,1
Q18646850,1
Q2954781,1
Q2955090,1
Q27055711,1
Q27055713,1
Q27055723,1
Q27056312,1
Q27056462,1
Q27056629,1
Q910622,1
Q791974,1
Q2679017,1
Q1123131,1
Q6011266,1
Q27108058,1
Q271768,1
Q27103884,1
Q27104330,1
Q27982916,1
Q27116566,1
Q27118406,1
Q3554956,1
Q11897614,1
Q735188,1
Q27133465,1
Q27133626,1
Q27133954,1
Q27133959,1
Q27149991,1
Q15726118,1
Q12128379,1
Q26840783,1
Q6502413,1
Q27230611,1
Q27235636,1
Q27236656,1
Q27236674,1
Q27237183,1
Q27237193,1
Q1265761,1
Q1032349,1
Q163059,1
Q18020769,1
Q4634142,1
Q270174,1
Q27106098,1
Q2293382,1
Q30249299,1
Q27437572,1
Q2037613,1
Q10988737,1
Q1327465,1
Q17715537,1
Q10855207,1
Q12600018,1
Q27538455,1
Q7354812,1
Q27564320,1
Q27588300,1
Q27629147,1
Q27832398,1
Q1461541,1
Q1955049,1
Q6432723,1
Q27031029,1
Q27680988,1
Q2955101,1
Q27681895,1
Q27681898,1
Q27684043,1
Q1196904,1
Q27731485,1
Q7622988,1
Q1327327,1
Q1551574,1
Q27794746,1
Q1713565,1
Q1505582,1
Q2321633,1
Q2743326,1
Q1625738,1
Q27648946,1
Q1567542,1
Q1772541,1
Q16926150,1
Q3399928,1
Q5454170,1
Q27889957,1
Q2230201,1
Q1163673,1
Q783650,1
Q21405753,1
Q6439847,1
Q796919,1
Q18616483,1
Q21195536,1
Q1046256,1
Q868422,1
Q27822033,1
Q16957104,1
Q20936777,1
Q2144546,1
Q16711137,1
Q2927957,1
Q2875348,1
Q4384456,1
Q16767949,1
Q5340969,1
Q3738444,1
Q15428931,1
Q28343115,1
Q266134,1
Q18924959,1
Q27304565,1
Q9068487,1
Q616865,1
Q15730690,1
Q5636097,1
Q249747,1
Q1171676,1
Q3577887,1
Q6057310,1
Q19687073,1
Q16766187,1
Q40446,1
Q10590071,1
Q193343,1
Q1580444,1
Q898871,1
Q1937431,1
Q13537993,1
Q914381,1
Q25455118,1
Q30249919,1
Q10842936,1
Q499525,1
Q211171,1
Q24752242,1
Q18663593,1
Q5903178,1
Q5165404,1
Q1168287,1
Q923933,1
Q11233255,1
Q18450502,1
Q12314235,1
Q5176895,1
Q133862,1
Q175976,1
Q29468,1
Q2951022,1
Q794235,1
Q2954262,1
Q5255888,1
Q869548,1
Q28549451,1
Q7698317,1
Q2907760,1
Q18339884,1
Q11986701,1
Q27996461,1
Q16676235,1
Q3859396,1
Q1121208,1
Q11992175,1
Q28649255,1
Q3000620,1
Q1445627,1
Q13377536,1
Q11486677,1
Q11638024,1
Q1990987,1
Q736559,1
Q6515414,1
Q1565153,1
Q191010,1
Q8011724,1
Q1058012,1
Q1522115,1
Q3297989,1
Q19904693,1
Q463135,1
Q496730,1
Q1468440,1
Q145167,1
Q47597,1
Q4166172,1
Q574487,1
Q395043,1
Q28818993,1
Q28858025,1
Q1165112,1
Q3002818,1
Q747567,1
Q82614,1
Q28867709,1
Q4689686,1
Q30079464,1
Q680971,1
Q28870409,1
Q28874310,1
Q28872805,1
Q16069635,1
Q11122767,1
Q1550232,1
Q1595570,1
Q1619284,1
Q3960554,1
Q1050367,1
Q941317,1
Q16242469,1
Q4806728,1
Q28811168,1
Q4997168,1
Q3821070,1
Q25536349,1
Q279297,1
Q3509032,1
Q29014677,1
Q4845479,1
Q5843,1
Q7489831,1
Q223044,1
Q29034408,1
Q5436779,1
Q192746,1
Q16982418,1
Q814468,1
Q30250016,1
Q35958819,1
Q58966,1
Q3389065,1
Q3109000,1
Q2118609,1
Q12048595,1
Q29149990,1
Q6498398,1
Q17176969,1
Q17306871,1
Q1042266,1
Q935330,1
Q16544776,1
Q668648,1
Q745332,1
Q29034589,1
Q29052398,1
Q1181895,1
Q3491442,1
Q17074660,1
Q526863,1
Q13099380,1
Q5137684,1
Q28109487,1
Q1125099,1
Q28893520,1
Q386589,1
Q1759813,1
Q368972,1
Q559065,1
Q1355195,1
Q6046828,1
Q21551050,1
Q1434775,1
Q202027,1
Q1093290,1
Q5174015,1
Q1281067,1
Q9200005,1
Q11179672,1
Q1194689,1
Q663314,1
Q974568,1
Q182458,1
Q207079,1
Q20094897,1
Q285292,1
Q2997617,1
Q2504617,1
Q4793450,1
Q15315,1
Q3475345,1
Q218815,1
Q273663,1
Q79058,1
Q652204,1
Q2075708,1
Q543534,1
Q192272,1
Q18356299,1
Q2084454,1
Q443006,1
Q1544524,1
Q29889276,1
Q29899026,1
Q29014674,1
Q29933415,1
Q18479837,1
Q30020460,1
Q37686,1
Q31694,1
Q929883,1
Q3539439,1
Q3125508,1
Q874394,1
Q30011746,1
Q4223017,1
Q30044906,1
Q3880375,1
Q12688575,1
Q1735547,1
Q24294815,1
Q951108,1
Q30064875,1
Q843591,1
Q30070324,1
Q570207,1
Q12055245,1
Q180711,1
Q21829968,1
Q30101726,1
Q9067655,1
Q30105087,1
Q30110274,1
Q27905684,1
Q15868308,1
Q30011739,1
Q14116,1
Q25360500,1
Q12341367,1
Q23014696,1
Q30158666,1
Q30158720,1
Q30246160,1
Q7857,1
Q8239473,1
Q1928424,1
Q13368671,1
Q214426,1
Q750735,1
Q16244073,1
Q3321276,1
Q30332625,1
Q30332806,1
Q30349411,1
Q30349432,1
Q30349480,1
Q3402644,1
Q64894,1
Q30503905,1
Q30524623,1
Q30556121,1
Q157033,1
Q30557504,1
Q30557561,1
Q3389302,1
Q25340975,1
Q815249,1
Q1928761,1
Q225463,1
Q2823582,1
Q1179655,1
Q184781,1
Q4413231,1
Q11888579,1
Q129495,1
Q19355413,1
Q291349,1
Q31271454,1
Q31271499,1
Q31271587,1
Q31271615,1
Q31298588,1
Q2297554,1
Q31529645,1
Q5127848,1
Q629073,1
Q7654614,1
Q32163348,1
Q1949738,1
Q3233738,1
Q107478,1
Q5505899,1
Q1072318,1
Q30070439,1
Q30025644,1
Q29550193,1
Q5377030,1
Q25853,1
Q2823233,1
Q776657,1
Q432386,1
Q33121250,1
Q2897316,1
Q24228819,1
Q33127846,1
Q790585,1
Q16287483,1
Q25031326,1
Q12156665,1
Q25492928,1
Q20962060,1
Q16602034,1
Q138919,1
Q33582729,1
Q27724046,1
Q16552599,1
Q191797,1
Q1339438,1
Q11891350,1
Q33590321,1
Q4457167,1
Q170449,1
Q226418,1
Q1774805,1
Q10273296,1
Q5909460,1
Q1068809,1
Q14818020,1
Q14872797,1
Q21100310,1
Q753110,1
Q933235,1
Q189085,1
Q1400853,1
Q746741,1
Q130232,1
Q369747,1
Q3950487,1
